id,domain,question,gold,prediction,truncated,Exact Match,Fuzzy Match,Token F1,ROUGE-1,ROUGE-2,ROUGE-L,BERT Precision,BERT Recall,BERT F1
passport_001,passport,ই-পাসপোর্ট আবেদনের পাঁচটি মূল ধাপ কী কী?,"ই-পাসপোর্ট আবেদনের ৫টি সহজ ধাপ হলো: ১. বর্তমানে আপনার এলাকায় কার্যক্রম শুরু হয়েছে কিনা তা দেখা, ২. অনলাইনে আবেদন ফরম পূরণ করা, ৩. নির্ধারিত পাসপোর্ট ফি পরিশোধ করা, ৪. ছবি ও আঙুলের ছাপের জন্য পাসপোর্ট অফিসে উপস্থিত হওয়া এবং ৫. পাসপোর্ট সংগ্রহ করা।","প্রথমে অনলাইনে আবেদন পূরণ, দ্বিতীয়ত এসএমএসে ভেরিফাইড এক্সপ্রেস চার্জ পরিশোধ, তৃতীয়ত পাসপোর্ট অফিসে আবেদন জমা দেওয়া, চতুর্থত পাসপোর্ট সংগ্রহ এবং শেষে পাসপোর্ট ব্যবহার করা।",False,0.0,0.55,0.3235294117647059,0.3235294117647059,0.09090909090909091,0.2647058823529412,0.78660184,0.7649299,0.77561444
passport_179,passport,প্রবাসী শ্রমিকের ৬৪ পৃষ্ঠা ৫ বছর এক্সপ্রেস ই-পাসপোর্টে কত ডলার লাগে?,বিদেশস্থ বাংলাদেশ মিশনে শ্রমিক ও শিক্ষার্থীদের জন্য ৬৪ পৃষ্ঠা ও ৫ বছর মেয়াদের ই-পাসপোর্টের এক্সপ্রেস ডেলিভারি ফি ২০০ মার্কিন ডলার।,বিদেশস্থ বাংলাদেশ মিশনে শ্রমিক ও শিক্ষার্থীদের জন্য ৬৪ পৃষ্ঠা ও ৫ বছর মেয়াদের ই-পাসপোর্টের এক্সপ্রেস ডেলিভারি ফি ১৫০ মার্কিন ডলার।,False,0.0,0.984375,0.9523809523809523,0.9523809523809523,0.9,0.9523809523809523,0.99788475,0.99788475,0.99788475
passport_216,passport,বিদেশে শ্রমিক শিক্ষার্থীর ৬৪ পৃষ্ঠা ৫ বছর এক্সপ্রেস ফি কত?,বিদেশস্থ বাংলাদেশ মিশনে শ্রমিক ও শিক্ষার্থীদের জন্য ৬৪ পৃষ্ঠা ও ৫ বছর মেয়াদের ই-পাসপোর্টের এক্সপ্রেস ডেলিভারি ফি ২০০ মার্কিন ডলার।,বিদেশস্থ বাংলাদেশ মিশনে শ্রমিক ও শিক্ষার্থীদের জন্য ৬৪ পৃষ্ঠা ও ৫ বছর মেয়াদের ই-পাসপোর্টের এক্সপ্রেস ডেলিভারি ফি ১৫০ মার্কিন ডলার।,False,0.0,0.984375,0.9523809523809523,0.9523809523809523,0.9,0.9523809523809523,0.99788475,0.99788475,0.99788475
passport_241,passport,স্টুডেন্ট হিসেবে মিশনে ৬৪ পৃষ্ঠা ৫ বছর এক্সপ্রেস পাসপোর্ট ফি কত?,বিদেশস্থ বাংলাদেশ মিশনে শ্রমিক ও শিক্ষার্থীদের জন্য ৬৪ পৃষ্ঠা ও ৫ বছর মেয়াদের ই-পাসপোর্টের এক্সপ্রেস ডেলিভারি ফি ২০০ মার্কিন ডলার।,বিদেশস্থ বাংলাদেশ মিশনে শ্রমিক ও শিক্ষার্থীদের জন্য ৬৪ পৃষ্ঠা ও ৫ বছর মেয়াদের ই-পাসপোর্টের এক্সপ্রেস ডেলিভারি ফি ২২৫ মার্কিন ডলার।,False,0.0,0.984375,0.9523809523809523,0.9523809523809523,0.9,0.9523809523809523,0.99580437,0.99580437,0.99580437
passport_291,passport,শিশুর পাসপোর্ট সংগ্রহে কী লাগবে?,অপ্রাপ্তবয়স্কের পাসপোর্ট সংগ্রহে পিতা বা মাতাকে সরাসরি আসতে হবে; অন্য কেউ সংগ্রহ করলে তার এনআইডি এবং আবেদনকারীর পিতা বা মাতার অথরাইজেশন লেটার লাগবে।,শিশুর পাসপোর্ট সংগ্রহের সময় অফলাইন প্রিন্ট করা পাসপোর্ট কপি এবং সাধারণত পিতা-মাতার এনআইডি বা পাসপোর্ট লাগতে পারে।,False,0.0,0.5811965811965812,0.2926829268292683,0.2926829268292683,0.0,0.1951219512195122,0.7976063,0.7291238,0.7618291
passport_135,passport,পাসপোর্ট অফিসে না গিয়ে বায়োমেট্রিক করা যাবে?,"না, বায়োমেট্রিক এনরোলমেন্টের জন্য নির্ধারিত পাসপোর্ট অফিসে উপস্থিত হতে হয়।","অনলাইন আবেদনে বায়োমেট্রিক তথ্য দিতে হয়, কিন্তু পাসপোর্ট অফিসে গিয়ে সঙ্গে সঙ্গে দিতে হয়।",False,0.0,0.6351351351351352,0.3333333333333333,0.3333333333333333,0.09090909090909093,0.3333333333333333,0.7993485,0.79513884,0.79723805
passport_293,passport,অফিসিয়াল পাসপোর্টের জন্য সরকারি চাকরিজীবী কীভাবে আবেদন করবে?,সরকারি চাকরিজীবীকে ওয়েব পোর্টালে আবেদন করার সময় সাধারণ পাসপোর্ট হিসেবে আবেদন করতে হবে; এনরোলমেন্টের সময় পাসপোর্ট অফিসে ক্যাটাগরি অফিসিয়াল হিসেবে পরিবর্তন করা হয়। অফিসিয়াল পাসপোর্টের ক্ষেত্রে অ্যাপয়েন্টমেন্ট শিডিউল লাগে না এবং সরকারি পাসপোর্ট ৫ বছর মেয়াদের হয়।,"সরকারি চাকরিজীবীর আবেদন করতে সাধারণত অনলাইনে আবেদন পোর্টালের মাধ্যমে এনবিআর ই-পাসপোর্ট পোর্টালের মাধ্যমে আবেদন করা হয়। প্রথমে অ্যাকাউন্ট তৈরি করে পাসপোর্ট সংক্রান্ত আবেদন, আবেদনপত্র, এবং নিবন্ধন নম্বর প্রস্তুত করতে হয়।",False,0.0,0.572972972972973,0.2941176470588235,0.2941176470588235,0.0606060606060606,0.23529411764705882,0.75864595,0.7586245,0.7586353
passport_299,passport,সরকারি চাকরিজীবীর অফিসিয়াল পাসপোর্টে অ্যাপয়েন্টমেন্ট লাগে?,সরকারি চাকরিজীবীকে ওয়েব পোর্টালে আবেদন করার সময় সাধারণ পাসপোর্ট হিসেবে আবেদন করতে হবে; এনরোলমেন্টের সময় পাসপোর্ট অফিসে ক্যাটাগরি অফিসিয়াল হিসেবে পরিবর্তন করা হয়। অফিসিয়াল পাসপোর্টের ক্ষেত্রে অ্যাপয়েন্টমেন্ট শিডিউল লাগে না এবং সরকারি পাসপোর্ট ৫ বছর মেয়াদের হয়।,"হ্যাঁ, সরকারি চাকরিজীবীদের জন্য অনলাইনে অ্যাপয়েন্টমেন্ট বাধ্যতামূলক।",False,0.0,0.5111111111111112,0.09090909090909091,0.09090909090909091,0.0,0.09090909090909091,0.76385844,0.6775413,0.7181153
passport_300,passport,সরকারি পাসপোর্ট কত বছরের হয়?,সরকারি চাকরিজীবীকে ওয়েব পোর্টালে আবেদন করার সময় সাধারণ পাসপোর্ট হিসেবে আবেদন করতে হবে; এনরোলমেন্টের সময় পাসপোর্ট অফিসে ক্যাটাগরি অফিসিয়াল হিসেবে পরিবর্তন করা হয়। অফিসিয়াল পাসপোর্টের ক্ষেত্রে অ্যাপয়েন্টমেন্ট শিডিউল লাগে না এবং সরকারি পাসপোর্ট ৫ বছর মেয়াদের হয়।,বাংলাদেশি নাগরিকের অভ্যন্তরে ই-পাসপোর্ট ৫ বা ১০ বছর মেয়াদের হতে পারে।,False,0.0,0.5,0.163265306122449,0.163265306122449,0.0851063829787234,0.163265306122449,0.7586753,0.67792064,0.7160282
passport_301,passport,সরকারি পাসপোর্ট করতে শুরুতে কোন ক্যাটাগরি সিলেক্ট করব?,সরকারি চাকরিজীবীকে ওয়েব পোর্টালে আবেদন করার সময় সাধারণ পাসপোর্ট হিসেবে আবেদন করতে হবে; এনরোলমেন্টের সময় পাসপোর্ট অফিসে ক্যাটাগরি অফিসিয়াল হিসেবে পরিবর্তন করা হয়। অফিসিয়াল পাসপোর্টের ক্ষেত্রে অ্যাপয়েন্টমেন্ট শিডিউল লাগে না এবং সরকারি পাসপোর্ট ৫ বছর মেয়াদের হয়।,"প্রথমে ই-পাসপোর্ট অনলাইনে যেতে হবে। সেখানে এসএমএস নম্বর বা ই-মেইল এবং পাসওয়ার্ড দিয়ে লগইন করতে হবে। নতুন অ্যাকাউন্ট হলে নাম, ই-মেইল এবং পাসওয়ার্ড দিয়ে রেজিস্ট্রেশন করতে হবে। তারপর প্রোফাইল সেট আপ করে একটি নির্বাচনী এলাকা নির্বাচন করে আবেদন জমা দিতে হবে।",False,0.0,0.4841075794621027,0.12345679012345678,0.12345679012345678,0.025316455696202528,0.09876543209876544,0.68393207,0.7005051,0.69211936
passport_309,passport,"পূর্বের ই-পাসপোর্ট নম্বর মনে নেই, কীভাবে পাব?",পূর্ববর্তী ই-পাসপোর্ট নম্বর না জানলে প্রয়োজনীয় তথ্যের জন্য নির্ধারিত পাসপোর্ট অফিসে যোগাযোগ করুন। পূর্ববর্তী ই-পাসপোর্ট নম্বর সংগ্রহের জন্য এনআইডি ও বিআরসি নিয়ে যেতে বলা হয়েছে।,পোর্টালে ই-পাসপোর্ট অনলাইন চেক পেইজে ই-পাসপোর্ট নম্বর এবং মেয়াদ সংক্রান্ত তথ্য দিয়ে স্ট্যাটাস যাচাই করা যায়। অনলাইন থেকে পাসপোর্ট ফাইল ডাউনলোড করা যায় এবং প্রয়োজন হলে পাসপোর্ট অফিসে প্রিন্ট করা যেতে পারে।,False,0.0,0.5655172413793104,0.2622950819672131,0.2622950819672131,0.13559322033898305,0.19672131147540983,0.75970113,0.7690041,0.76432437
passport_310,passport,হারানো ই-পাসপোর্ট নম্বর পেতে কী নিয়ে যাব?,পূর্ববর্তী ই-পাসপোর্ট নম্বর না জানলে প্রয়োজনীয় তথ্যের জন্য নির্ধারিত পাসপোর্ট অফিসে যোগাযোগ করুন। পূর্ববর্তী ই-পাসপোর্ট নম্বর সংগ্রহের জন্য এনআইডি ও বিআরসি নিয়ে যেতে বলা হয়েছে।,হারানো ই-পাসপোর্টের জন্য ই-পাসপোর্ট পোর্টালের যাচাইয়ের অপশনে পুনরায় এনরোল বা পাসপোর্ট নম্বর ও জন্মতারিখ দিয়ে জানাতে হয়। পাসপোর্ট নম্বর না থাকলে এসএমএস কোড বা অ্যাপয়েন্টমেন্ট স্লিপ দিয়েও যাচাই করা যায়।,False,0.0,0.5128205128205129,0.3389830508474576,0.3389830508474576,0.14035087719298245,0.20338983050847456,0.7632269,0.7851169,0.77401716
passport_073,passport,ই-পাসপোর্টে ছবি নিয়ে যেতে হবে?,সাধারণ আবেদনকারীর আলাদা ছবি নিয়ে যাওয়ার দরকার নেই; পাসপোর্ট অফিসে এনরোলমেন্টের সময় ডিজিটাল ক্যামেরায় ছবি তোলা হয়। তবে ৬ বছরের কম শিশুর ক্ষেত্রে ৩আর সাইজের ছবি লাগতে পারে এবং ১৫ বছরের কম আবেদনকারীর ক্ষেত্রে পিতা-মাতার ছবি দাখিলের নির্দেশনা আছে।,ই-পাসপোর্টের অনলাইন আবেদনে একটি ছবি এবং একটি স্ক্যান কপি লাগে। ছবিটি পাসপোর্ট সাইজের এবং ফ্যাশন অনুযায়ী হতে হবে।,False,0.0,0.43137254901960786,0.13559322033898305,0.13559322033898305,0.0,0.13559322033898305,0.77050865,0.699323,0.73319197
passport_074,passport,এনরোলমেন্টে ছবি কীভাবে তোলা হয়?,সাধারণ আবেদনকারীর আলাদা ছবি নিয়ে যাওয়ার দরকার নেই; পাসপোর্ট অফিসে এনরোলমেন্টের সময় ডিজিটাল ক্যামেরায় ছবি তোলা হয়। তবে ৬ বছরের কম শিশুর ক্ষেত্রে ৩আর সাইজের ছবি লাগতে পারে এবং ১৫ বছরের কম আবেদনকারীর ক্ষেত্রে পিতা-মাতার ছবি দাখিলের নির্দেশনা আছে।,"এনরোলমেন্টে ছবি ডাউনলোড করা যায় না, তবে অনলাইনে আপলোড করা যায়।",False,0.0,0.33463035019455245,0.07843137254901962,0.07843137254901962,0.0,0.07843137254901962,0.7578784,0.6790033,0.716276
passport_075,passport,ছবি কি অনলাইনে আপলোড করতে হবে?,সাধারণ আবেদনকারীর আলাদা ছবি নিয়ে যাওয়ার দরকার নেই; পাসপোর্ট অফিসে এনরোলমেন্টের সময় ডিজিটাল ক্যামেরায় ছবি তোলা হয়। তবে ৬ বছরের কম শিশুর ক্ষেত্রে ৩আর সাইজের ছবি লাগতে পারে এবং ১৫ বছরের কম আবেদনকারীর ক্ষেত্রে পিতা-মাতার ছবি দাখিলের নির্দেশনা আছে।,"হ্যাঁ, প্রিন্টেড ফরম ও সামারি সহ প্রয়োজনীয় কাগজপত্র স্ক্যান বা ফটোকপি আপলোড করতে হয়।",False,0.0,0.3183391003460207,0.03703703703703704,0.03703703703703704,0.0,0.03703703703703704,0.68184346,0.64354587,0.6621413
passport_076,passport,পনের বছরের কম শিশুর আবেদনে পিতা-মাতার ছবি লাগে?,সাধারণ আবেদনকারীর আলাদা ছবি নিয়ে যাওয়ার দরকার নেই; পাসপোর্ট অফিসে এনরোলমেন্টের সময় ডিজিটাল ক্যামেরায় ছবি তোলা হয়। তবে ৬ বছরের কম শিশুর ক্ষেত্রে ৩আর সাইজের ছবি লাগতে পারে এবং ১৫ বছরের কম আবেদনকারীর ক্ষেত্রে পিতা-মাতার ছবি দাখিলের নির্দেশনা আছে।,পনের বছরের কম শিশুর আবেদনে পিতা-মাতার ছবি লাগে না।,False,0.0,0.7435897435897436,0.24,0.24,0.16666666666666666,0.24,0.8237857,0.70619977,0.7604743
passport_077,passport,পাসপোর্টের জন্য ছবি সত্যায়ন লাগে?,সাধারণ আবেদনকারীর আলাদা ছবি নিয়ে যাওয়ার দরকার নেই; পাসপোর্ট অফিসে এনরোলমেন্টের সময় ডিজিটাল ক্যামেরায় ছবি তোলা হয়। তবে ৬ বছরের কম শিশুর ক্ষেত্রে ৩আর সাইজের ছবি লাগতে পারে এবং ১৫ বছরের কম আবেদনকারীর ক্ষেত্রে পিতা-মাতার ছবি দাখিলের নির্দেশনা আছে।,"হ্যাঁ, পাসপোর্ট অফিসে প্রিন্ট করা আইডি কপি ও প্রয়োজনীয় ডকুমেন্টসহ সত্যায়নের জন্য একটি ছবি জমা দিতে হয়।",False,0.0,0.41558441558441556,0.14035087719298245,0.14035087719298245,0.03636363636363637,0.14035087719298245,0.7528816,0.6915443,0.72091067
passport_079,passport,শিশুর পাসপোর্টে ছবি লাগে কি?,সাধারণ আবেদনকারীর আলাদা ছবি নিয়ে যাওয়ার দরকার নেই; পাসপোর্ট অফিসে এনরোলমেন্টের সময় ডিজিটাল ক্যামেরায় ছবি তোলা হয়। তবে ৬ বছরের কম শিশুর ক্ষেত্রে ৩আর সাইজের ছবি লাগতে পারে এবং ১৫ বছরের কম আবেদনকারীর ক্ষেত্রে পিতা-মাতার ছবি দাখিলের নির্দেশনা আছে।,"হ্যাঁ, প্রিন্টেড পাসপোর্টের জন্য একটি ছবি লাগে।",False,0.0,0.2570281124497993,0.0425531914893617,0.0425531914893617,0.0,0.0425531914893617,0.77379686,0.6733084,0.7200636
passport_080,passport,সাদা পোশাক পরে ছবি তুলতে পারব?,সাধারণ আবেদনকারীর আলাদা ছবি নিয়ে যাওয়ার দরকার নেই; পাসপোর্ট অফিসে এনরোলমেন্টের সময় ডিজিটাল ক্যামেরায় ছবি তোলা হয়। তবে ৬ বছরের কম শিশুর ক্ষেত্রে ৩আর সাইজের ছবি লাগতে পারে এবং ১৫ বছরের কম আবেদনকারীর ক্ষেত্রে পিতা-মাতার ছবি দাখিলের নির্দেশনা আছে।,অনলাইনে আবেদন করার সময় সাধারণত এনআইডি বা জন্ম নিবন্ধন সনদের সঙ্গে সাদা পোশাকের একটি ছবি লাগে। প্রিন্ট আবেদন করলে প্রিন্টকৃত আবেদন ফরম ও সাদা পোশাকের ছবি লাগে।,False,0.0,0.45871559633027525,0.08955223880597014,0.08955223880597014,0.0,0.08955223880597014,0.7289884,0.6975418,0.7129185
passport_081,passport,৬ বছরের কম বাচ্চার জন্য ছবি কী লাগবে?,সাধারণ আবেদনকারীর আলাদা ছবি নিয়ে যাওয়ার দরকার নেই; পাসপোর্ট অফিসে এনরোলমেন্টের সময় ডিজিটাল ক্যামেরায় ছবি তোলা হয়। তবে ৬ বছরের কম শিশুর ক্ষেত্রে ৩আর সাইজের ছবি লাগতে পারে এবং ১৫ বছরের কম আবেদনকারীর ক্ষেত্রে পিতা-মাতার ছবি দাখিলের নির্দেশনা আছে।,অনলাইন জন্ম নিবন্ধনের ক্ষেত্রে সাধারণত পিতা-মাতার NID বা পাসপোর্ট ফটোকপি লাগে।,False,0.0,0.5333333333333333,0.15384615384615383,0.15384615384615383,0.04,0.11538461538461538,0.7698995,0.6959282,0.73104745
passport_122,passport,আগের পাসপোর্টের তথ্যের সাথে নতুন তথ্য না মিললে কী করব?,"বর্তমান ঠিকানা, পেশা, জরুরি যোগাযোগ বা বৈবাহিক অবস্থা পরিবর্তন হলে নতুন তথ্য দিয়ে আবেদন করতে হবে। পেশা পরিবর্তনে পেশাগত সনদ বা স্টুডেন্ট আইডি, বৈবাহিক অবস্থায় বিবাহ সনদ, আর নাম/জন্মতারিখ/জন্মস্থান/পিতা-মাতার নাম পরিবর্তনে এনআইডি বা বিআরসি, পূর্ববর্তী পাসপোর্ট এবং প্রয়োজনীয় সহায়ক কাগজপত্র লাগতে পারে। এতে প্রসেসিং সময় বেশি লাগতে পারে।",পুরোনো পাসপোর্ট নম্বর অথবা ডেলিভারি স্লিপ না থাকলে অনলাইন চেক করা কঠিন। পুরোনো পাসপোর্ট থাকলে সেটি সংগ্রহ করে প্রিন্ট করে নিন এবং প্রয়োজনীয় তথ্য সংযুক্ত করে আবেদন জমা দিতে চেষ্টা করুন।,False,0.0,0.4703196347031963,0.12048192771084337,0.12048192771084337,0.024691358024691357,0.07228915662650602,0.6922426,0.65407497,0.6726178
passport_123,passport,ঠিকানা বদলালে কীভাবে আবেদন করব?,"বর্তমান ঠিকানা, পেশা, জরুরি যোগাযোগ বা বৈবাহিক অবস্থা পরিবর্তন হলে নতুন তথ্য দিয়ে আবেদন করতে হবে। পেশা পরিবর্তনে পেশাগত সনদ বা স্টুডেন্ট আইডি, বৈবাহিক অবস্থায় বিবাহ সনদ, আর নাম/জন্মতারিখ/জন্মস্থান/পিতা-মাতার নাম পরিবর্তনে এনআইডি বা বিআরসি, পূর্ববর্তী পাসপোর্ট এবং প্রয়োজনীয় সহায়ক কাগজপত্র লাগতে পারে। এতে প্রসেসিং সময় বেশি লাগতে পারে।",অনলাইনে আবেদন করার সময় ঠিকানা পরিবর্তনের বিষয়ে সাধারণত প্রয়োজন হয় না। কিন্তু প্রমাণপত্র জমা দেওয়ার সময় সঠিক ঠিকানা দিতে হয়।,False,0.0,0.4444444444444444,0.08333333333333334,0.08333333333333334,0.0,0.05555555555555555,0.74007726,0.6551326,0.6950191
passport_124,passport,তথ্য পরিবর্তনে পাসপোর্ট দেরি হতে পারে?,"বর্তমান ঠিকানা, পেশা, জরুরি যোগাযোগ বা বৈবাহিক অবস্থা পরিবর্তন হলে নতুন তথ্য দিয়ে আবেদন করতে হবে। পেশা পরিবর্তনে পেশাগত সনদ বা স্টুডেন্ট আইডি, বৈবাহিক অবস্থায় বিবাহ সনদ, আর নাম/জন্মতারিখ/জন্মস্থান/পিতা-মাতার নাম পরিবর্তনে এনআইডি বা বিআরসি, পূর্ববর্তী পাসপোর্ট এবং প্রয়োজনীয় সহায়ক কাগজপত্র লাগতে পারে। এতে প্রসেসিং সময় বেশি লাগতে পারে।",অনলাইন আবেদনে তথ্য সংশোধনের সময় সঠিক তথ্য দিতে হয়। ভুল হলে অ্যাপয়েন্টমেন্ট বাতিল করে নতুন আবেদন করতে হবে।,False,0.0,0.49253731343283585,0.19999999999999998,0.19999999999999998,0.058823529411764705,0.14285714285714288,0.72968054,0.6411275,0.6825438
passport_125,passport,নাম বা জন্মতারিখ পরিবর্তন করলে কী হবে?,"বর্তমান ঠিকানা, পেশা, জরুরি যোগাযোগ বা বৈবাহিক অবস্থা পরিবর্তন হলে নতুন তথ্য দিয়ে আবেদন করতে হবে। পেশা পরিবর্তনে পেশাগত সনদ বা স্টুডেন্ট আইডি, বৈবাহিক অবস্থায় বিবাহ সনদ, আর নাম/জন্মতারিখ/জন্মস্থান/পিতা-মাতার নাম পরিবর্তনে এনআইডি বা বিআরসি, পূর্ববর্তী পাসপোর্ট এবং প্রয়োজনীয় সহায়ক কাগজপত্র লাগতে পারে। এতে প্রসেসিং সময় বেশি লাগতে পারে।",জন্ম বা মৃত্যু নিবন্ধনে ভুল থাকলে জন্ম নিবন্ধন তথ্য সংশোধন আবেদন করতে হবে। সঠিক তথ্য দিয়ে পুনরায় জন্ম নিবন্ধন করতে হবে।,False,0.0,0.48695652173913045,0.1643835616438356,0.1643835616438356,0.08450704225352114,0.136986301369863,0.72888947,0.65747267,0.6913416
passport_126,passport,পাসপোর্টে পেশা পরিবর্তন করতে কী লাগবে?,"বর্তমান ঠিকানা, পেশা, জরুরি যোগাযোগ বা বৈবাহিক অবস্থা পরিবর্তন হলে নতুন তথ্য দিয়ে আবেদন করতে হবে। পেশা পরিবর্তনে পেশাগত সনদ বা স্টুডেন্ট আইডি, বৈবাহিক অবস্থায় বিবাহ সনদ, আর নাম/জন্মতারিখ/জন্মস্থান/পিতা-মাতার নাম পরিবর্তনে এনআইডি বা বিআরসি, পূর্ববর্তী পাসপোর্ট এবং প্রয়োজনীয় সহায়ক কাগজপত্র লাগতে পারে। এতে প্রসেসিং সময় বেশি লাগতে পারে।",পেশা পরিবর্তনের জন্য সাধারণত নতুন পেশা সংযুক্ত সনদ বা প্রমাণপত্র প্রয়োজন হয়। পেশা পরিবর্তনের কারণ অনুযায়ী প্রয়োজনীয় কাগজপত্র ভিন্ন হতে পারে। সর্বশেষে আবেদনপত্র ও সংশ্লিষ্ট ফি দেখে চেকলিস্ট অনুযায়ী প্রয়োজনীয় কাগজপত্র সংগ্রহ করা উচিত।,False,0.0,0.5063829787234042,0.186046511627907,0.186046511627907,0.02380952380952381,0.186046511627907,0.76759946,0.70062226,0.7325832
passport_127,passport,পেশা আর বৈবাহিক অবস্থা পরিবর্তনের প্রমাণ কী?,"বর্তমান ঠিকানা, পেশা, জরুরি যোগাযোগ বা বৈবাহিক অবস্থা পরিবর্তন হলে নতুন তথ্য দিয়ে আবেদন করতে হবে। পেশা পরিবর্তনে পেশাগত সনদ বা স্টুডেন্ট আইডি, বৈবাহিক অবস্থায় বিবাহ সনদ, আর নাম/জন্মতারিখ/জন্মস্থান/পিতা-মাতার নাম পরিবর্তনে এনআইডি বা বিআরসি, পূর্ববর্তী পাসপোর্ট এবং প্রয়োজনীয় সহায়ক কাগজপত্র লাগতে পারে। এতে প্রসেসিং সময় বেশি লাগতে পারে।",পেশা বা বৈবাহিক অবস্থা পরিবর্তনের ক্ষেত্রে সঠিক প্রমাণপত্র জমা দিতে হবে।,False,0.0,0.5360824742268041,0.15873015873015872,0.15873015873015872,0.06557377049180327,0.15873015873015872,0.81194407,0.69448316,0.74863416
passport_128,passport,বৈবাহিক অবস্থা বদলালে কী কাগজ দেব?,"বর্তমান ঠিকানা, পেশা, জরুরি যোগাযোগ বা বৈবাহিক অবস্থা পরিবর্তন হলে নতুন তথ্য দিয়ে আবেদন করতে হবে। পেশা পরিবর্তনে পেশাগত সনদ বা স্টুডেন্ট আইডি, বৈবাহিক অবস্থায় বিবাহ সনদ, আর নাম/জন্মতারিখ/জন্মস্থান/পিতা-মাতার নাম পরিবর্তনে এনআইডি বা বিআরসি, পূর্ববর্তী পাসপোর্ট এবং প্রয়োজনীয় সহায়ক কাগজপত্র লাগতে পারে। এতে প্রসেসিং সময় বেশি লাগতে পারে।",বিবাহিত হলে বিবাহ সনদের কপি এবং বিবাহ বিচ্ছেদ হলে বিবাহ বিচ্ছেদের সনদের কপি জমা দিতে হবে।,False,0.0,0.43037974683544306,0.11764705882352941,0.11764705882352941,0.0,0.08823529411764705,0.73001605,0.6291617,0.67584705
passport_129,passport,স্পাউস তথ্য বদলালে কী লাগবে?,"বর্তমান ঠিকানা, পেশা, জরুরি যোগাযোগ বা বৈবাহিক অবস্থা পরিবর্তন হলে নতুন তথ্য দিয়ে আবেদন করতে হবে। পেশা পরিবর্তনে পেশাগত সনদ বা স্টুডেন্ট আইডি, বৈবাহিক অবস্থায় বিবাহ সনদ, আর নাম/জন্মতারিখ/জন্মস্থান/পিতা-মাতার নাম পরিবর্তনে এনআইডি বা বিআরসি, পূর্ববর্তী পাসপোর্ট এবং প্রয়োজনীয় সহায়ক কাগজপত্র লাগতে পারে। এতে প্রসেসিং সময় বেশি লাগতে পারে।",স্পাউস নাম বা জন্মতারিখ সংশোধনের জন্য BDRIS পোর্টালের ম্যারেজ সনদ তথ্য অনুমোদন অপশন ব্যবহার করতে হবে। সঠিক তথ্য দিয়ে চেষ্টা করতে হবে।,False,0.0,0.5063291139240507,0.21621621621621623,0.21621621621621623,0.05555555555555555,0.13513513513513511,0.72154236,0.6764408,0.69826406
passport_163,passport,দেশের ভিতরে ৪৮ পৃষ্ঠা ৫ বছর পাসপোর্টের সুপার এক্সপ্রেস চার্জ কত?,"বাংলাদেশের অভ্যন্তরে ৪৮ পৃষ্ঠা ও ৫ বছর মেয়াদের ই-পাসপোর্টের সুপার এক্সপ্রেস ডেলিভারি ফি ১৫% ভ্যাটসহ ৮,৬২৫ টাকা।","১৫,৩৫০ টাকা।",False,0.0,0.7777777777777777,0.18181818181818182,0.18181818181818182,0.0,0.18181818181818182,0.80825794,0.6098393,0.69516736
passport_194,passport,বাংলাদেশে ৪৮ পৃষ্ঠা ৫ বছর সুপার এক্সপ্রেস পাসপোর্ট ফি কত?,"বাংলাদেশের অভ্যন্তরে ৪৮ পৃষ্ঠা ও ৫ বছর মেয়াদের ই-পাসপোর্টের সুপার এক্সপ্রেস ডেলিভারি ফি ১৫% ভ্যাটসহ ৮,৬২৫ টাকা।","বাংলাদেশের অভ্যন্তরে ৪৮ পৃষ্ঠা ও ৫ বছর মেয়াদের ই-পাসপোর্টের সুপার এক্সপ্রেস ডেলিভারি ফি ১৫% ভ্যাটসহ ১০,৩৫০ টাকা।",False,0.0,0.9719626168224299,0.8947368421052632,0.8947368421052632,0.8333333333333334,0.8947368421052632,0.99286175,0.99286175,0.99286175
passport_232,passport,সুপার এক্সপ্রেস ৪৮ পৃষ্ঠা ৫ বছর ই-পাসপোর্টে কত টাকা লাগে?,"বাংলাদেশের অভ্যন্তরে ৪৮ পৃষ্ঠা ও ৫ বছর মেয়াদের ই-পাসপোর্টের সুপার এক্সপ্রেস ডেলিভারি ফি ১৫% ভ্যাটসহ ৮,৬২৫ টাকা।","বাংলাদেশের অভ্যন্তরে ৪৮ পৃষ্ঠা ও ৫ বছর মেয়াদের ই-পাসপোর্টের সুপার এক্সপ্রেস ডেলিভারি ফি ১৫% ভ্যাটসহ ১০,৩৫০ টাকা।",False,0.0,0.9719626168224299,0.8947368421052632,0.8947368421052632,0.8333333333333334,0.8947368421052632,0.99286175,0.99286175,0.99286175
passport_248,passport,৪৮ পৃষ্ঠা ৫ বছর সুপার এক্সপ্রেস ডেলিভারির ফি জানতে চাই।,"বাংলাদেশের অভ্যন্তরে ৪৮ পৃষ্ঠা ও ৫ বছর মেয়াদের ই-পাসপোর্টের সুপার এক্সপ্রেস ডেলিভারি ফি ১৫% ভ্যাটসহ ৮,৬২৫ টাকা।","বাংলাদেশের অভ্যন্তরে ৪৮ পৃষ্ঠা ও ৫ বছর মেয়াদের ই-পাসপোর্টের সুপার এক্সপ্রেস ডেলিভারি ফি ১৫% ভ্যাটসহ ১০,৩৫০ টাকা।",False,0.0,0.9719626168224299,0.8947368421052632,0.8947368421052632,0.8333333333333334,0.8947368421052632,0.99286175,0.99286175,0.99286175
passport_155,passport,এক্সপ্রেস ৪৮ পৃষ্ঠা ৫ বছর ই-পাসপোর্টে কত টাকা লাগে?,"বাংলাদেশের অভ্যন্তরে ৪৮ পৃষ্ঠা ও ৫ বছর মেয়াদের ই-পাসপোর্টের এক্সপ্রেস ডেলিভারি ফি ১৫% ভ্যাটসহ ৬,৩২৫ টাকা।","বাংলাদেশের অভ্যন্তরে ৪৮ পৃষ্ঠা ও ৫ বছর মেয়াদের ই-পাসপোর্টের এক্সপ্রেস ডেলিভারি ফি ১৫% ভ্যাটসহ ৬,৩২৫ টাকা।",False,1.0,1.0,1.0,1.0,1.0,1.0,1.0,1.0,1.0
passport_161,passport,দেশের ভিতরে ৪৮ পৃষ্ঠা ৫ বছর পাসপোর্টের এক্সপ্রেস চার্জ কত?,"বাংলাদেশের অভ্যন্তরে ৪৮ পৃষ্ঠা ও ৫ বছর মেয়াদের ই-পাসপোর্টের এক্সপ্রেস ডেলিভারি ফি ১৫% ভ্যাটসহ ৬,৩২৫ টাকা।","বাংলাদেশের অভ্যন্তরে ৪৮ পৃষ্ঠা ও ৫ বছর মেয়াদের ই-পাসপোর্টের এক্সপ্রেস ডেলিভারি ফি ১৫% ভ্যাটসহ ১০,৩৫০ টাকা।",False,0.0,0.9702970297029703,0.8888888888888888,0.8888888888888888,0.8235294117647058,0.8888888888888888,0.99056995,0.9929576,0.99176234
passport_192,passport,বাংলাদেশে ৪৮ পৃষ্ঠা ৫ বছর এক্সপ্রেস পাসপোর্ট ফি কত?,"বাংলাদেশের অভ্যন্তরে ৪৮ পৃষ্ঠা ও ৫ বছর মেয়াদের ই-পাসপোর্টের এক্সপ্রেস ডেলিভারি ফি ১৫% ভ্যাটসহ ৬,৩২৫ টাকা।","বাংলাদেশের অভ্যন্তরে ৪৮ পৃষ্ঠা ও ৫ বছর মেয়াদের ই-পাসপোর্টের এক্সপ্রেস ডেলিভারি ফি ১৫% ভ্যাটসহ ১০,৩৫০ টাকা।",False,0.0,0.9702970297029703,0.8888888888888888,0.8888888888888888,0.8235294117647058,0.8888888888888888,0.99056995,0.9929576,0.99176234
passport_246,passport,৪৮ পৃষ্ঠা ৫ বছর এক্সপ্রেস ডেলিভারির ফি জানতে চাই।,"বাংলাদেশের অভ্যন্তরে ৪৮ পৃষ্ঠা ও ৫ বছর মেয়াদের ই-পাসপোর্টের এক্সপ্রেস ডেলিভারি ফি ১৫% ভ্যাটসহ ৬,৩২৫ টাকা।","বাংলাদেশের অভ্যন্তরে ৪৮ পৃষ্ঠা ও ৫ বছর মেয়াদের ই-পাসপোর্টের এক্সপ্রেস ডেলিভারি ফি ১৫% ভ্যাটসহ ১০,৩৫০ টাকা।",False,0.0,0.9702970297029703,0.8888888888888888,0.8888888888888888,0.8235294117647058,0.8888888888888888,0.99056995,0.9929576,0.99176234
passport_166,passport,দেশের ভিতরে ৬৪ পৃষ্ঠা ১০ বছর পাসপোর্টের সুপার এক্সপ্রেস চার্জ কত?,"বাংলাদেশের অভ্যন্তরে ৬৪ পৃষ্ঠা ও ১০ বছর মেয়াদের ই-পাসপোর্টের সুপার এক্সপ্রেস ডেলিভারি ফি ১৫% ভ্যাটসহ ১৩,৮০০ টাকা।","৫,৫২৫ টাকা।",False,0.0,0.5714285714285715,0.09090909090909091,0.09090909090909091,0.0,0.09090909090909091,0.8043865,0.59890336,0.68660057
passport_197,passport,বাংলাদেশে ৬৪ পৃষ্ঠা ১০ বছর সুপার এক্সপ্রেস পাসপোর্ট ফি কত?,"বাংলাদেশের অভ্যন্তরে ৬৪ পৃষ্ঠা ও ১০ বছর মেয়াদের ই-পাসপোর্টের সুপার এক্সপ্রেস ডেলিভারি ফি ১৫% ভ্যাটসহ ১৩,৮০০ টাকা।","বাংলাদেশের অভ্যন্তরে ৬৪ পৃষ্ঠা ও ১০ বছর মেয়াদের ই-পাসপোর্টের সুপার এক্সপ্রেস ডেলিভারি ফি ১৫% ভ্যাটসহ ১০,৩৫০ টাকা।",False,0.0,0.9813084112149533,0.8947368421052632,0.8947368421052632,0.8333333333333334,0.8947368421052632,0.98998034,0.9931737,0.99157447
passport_233,passport,সুপার এক্সপ্রেস ৬৪ পৃষ্ঠা ১০ বছর ই-পাসপোর্টে কত টাকা লাগে?,"বাংলাদেশের অভ্যন্তরে ৬৪ পৃষ্ঠা ও ১০ বছর মেয়াদের ই-পাসপোর্টের সুপার এক্সপ্রেস ডেলিভারি ফি ১৫% ভ্যাটসহ ১৩,৮০০ টাকা।","বাংলাদেশের অভ্যন্তরে ৬৪ পৃষ্ঠা ও ১০ বছর মেয়াদের ই-পাসপোর্টের এক্সপ্রেস ডেলিভারি ফি ১৫% ভ্যাটসহ ১০,৩৫০ টাকা।",False,0.0,0.9801980198019803,0.8648648648648649,0.8648648648648649,0.7428571428571428,0.8648648648648649,0.98398006,0.970165,0.9770237
passport_251,passport,৬৪ পৃষ্ঠা ১০ বছর সুপার এক্সপ্রেস ডেলিভারির ফি জানতে চাই।,"বাংলাদেশের অভ্যন্তরে ৬৪ পৃষ্ঠা ও ১০ বছর মেয়াদের ই-পাসপোর্টের সুপার এক্সপ্রেস ডেলিভারি ফি ১৫% ভ্যাটসহ ১৩,৮০০ টাকা।","বাংলাদেশের অভ্যন্তরে ৬৪ পৃষ্ঠা ও ১০ বছর মেয়াদের ই-পাসপোর্টের সুপার এক্সপ্রেস ডেলিভারি ফি ১৫% ভ্যাটসহ ১০,৩৫০ টাকা।",False,0.0,0.9813084112149533,0.8947368421052632,0.8947368421052632,0.8333333333333334,0.8947368421052632,0.98998034,0.9931737,0.99157447
passport_026,passport,Passport e printing bhul thakle ki korbo?,১ মাসের মধ্যে পাসপোর্ট অফিসে জানাতে হবে।,পাসপোর্ট অনলাইন অ্যাকাউন্ট থেকে ডাউনলোড করা যায় এবং প্রিন্ট করা যায়। প্রিন্ট কপি সংশ্লিষ্ট বিদেশ মিশন থেকে যাচাইয়ের জন্য লাগতে পারে।,False,0.0,0.37333333333333335,0.07142857142857142,0.07142857142857142,0.0,0.07142857142857142,0.6951355,0.7877458,0.7385487
passport_131,passport,আমার পাসপোর্ট ঠিক কোন তারিখে আসবে বলুন।,আমি আপনার ব্যক্তিগত আবেদনের নির্দিষ্ট ডেলিভারি তারিখ দেখতে পারি না। অ্যাপ্লিকেশন আইডি বা অনলাইন রেজিস্ট্রেশন আইডি দিয়ে পোর্টালে স্ট্যাটাস চেক করুন।,"আমি ব্যক্তিগত ফল দেখাতে পারি না। আপনার অ্যাপ্লিকেশন অবস্থা জানতে BDRIS পোর্টালে আপনার অ্যাপ্লিকেশন আইডি বা অনলাইন রেজিস্ট্রেশন আইডি এবং জন্মতারিখ দিয়ে লগইন করে অ্যাক্টিভেশন করে অ্যাপ্লিকেশন পোর্টালে যেতে হবে। অ্যাপ্লিকেশন পোর্টালে আবেদন অবস্থা দেখা যায়, পাসপোর্ট প্রসেসিং ডেটা দেখা যায়, ফি পেমেন্ট দেখা যায়, পাসপোর্ট সংগ্রহ দেখা যায় এবং পাসপোর্ট সংগ্রহে সংশ্লিষ্ট কনস্যুলেট বা অফিসে যোগাযোগ করা যায়।",False,0.0,0.7410714285714286,0.325,0.325,0.15384615384615385,0.30000000000000004,0.74122524,0.79968905,0.7693481
passport_277,passport,পাসপোর্ট এক্সপায়ার হলে জরিমানা দিতে হয়?,পাসপোর্টের মেয়াদ শেষ হলে আলাদা কোনো জরিমানা দিতে হয় না। রি-ইস্যু বা রিনিউ করার ক্ষেত্রে সরকার নির্ধারিত ফি দিতে হবে।,"অফিসিয়াল ডেলিভারি ডেয়ারি অনুযায়ী পাসপোর্ট না পাওয়া গেলে সংশ্লিষ্ট আঞ্চলিক নিবন্ধক কার্যালয়ে যোগাযোগ করতে হবে। তারা পাসপোর্ট সংগ্রহের অপশন, ফি ও প্রয়োজনীয় কাগজপত্র সম্পর্কে পরামর্শ দান করবে।",False,0.0,0.4271186440677966,0.125,0.125,0.0,0.08333333333333333,0.7009903,0.7364111,0.7182643
passport_137,passport,অফলাইন পেমেন্ট করলে কোন স্লিপ লাগবে?,অফলাইন পেমেন্ট করলে এ-চালানের পেমেন্ট স্লিপ বা চালান রশিদ এনরোলমেন্টের সময় সঙ্গে রাখতে হবে।,অনলাইন পেমেন্টের ক্ষেত্রে ই-চালান বা পেমেন্ট গেটওয়ের মাধ্যমে পেমেন্ট করা যায়। অফলাইন পেমেন্টের ক্ষেত্রে ব্যাংকে অফলাইন চেক ডেপোজিট করতে হয়।,False,0.0,0.5291005291005291,0.2777777777777778,0.2777777777777778,0.0,0.1111111111111111,0.779132,0.76606137,0.77254134
passport_105,passport,মাল্টিপল অ্যাকটিভ পাসপোর্ট থাকলে কী করতে হবে?,চেকলিস্ট অনুযায়ী মাল্টিপল অ্যাকটিভ পাসপোর্টের ক্ষেত্রে নির্ধারিত ফরম্যাটে পূরণকৃত অঙ্গীকারনামা লাগতে পারে।,একাধিক পাসপোর্ট থাকলে সম্ভব নয়। একটি পাসপোর্ট বাতিল বা বাণ্যাঙ্গনা করতে হলে সংশ্লিষ্ট বিদেশ মিশন বা আইনগতভাবে প্রক্রিয়া অনুসরণ করতে হবে।,False,0.0,0.39111111111111113,0.0,0.0,0.0,0.0,0.7047715,0.71196437,0.7083497
passport_030,passport,বাংলাদেশের অভ্যন্তরে ৪৮ পৃষ্ঠা ও ৫ বছর মেয়াদী পাসপোর্টের অতীব জরুরী ফি কত?,"৮,৬২৫ টাকা।","৫,০৫০ টাকা।",False,0.0,0.7,0.3333333333333333,0.3333333333333333,0.0,0.3333333333333333,0.9631347,0.9631347,0.9631347
passport_033,passport,বাংলাদেশের অভ্যন্তরে ৬৪ পৃষ্ঠা ও ৫ বছর মেয়াদী পাসপোর্টের এক্সপ্রেস ফি কত?,"৮,৬২৫ টাকা।","১৫,৩৫০ টাকা।",False,0.0,0.6666666666666665,0.3333333333333333,0.3333333333333333,0.0,0.3333333333333333,0.96750534,0.96750534,0.96750534
passport_028,passport,Ekti mobile number diye ki multiple account khola jay?,"না, একটি নম্বর দিয়ে একটি অ্যাকাউন্টই খোলা যাবে।",একটি মোবাইল নম্বর থেকে একাধিক অ্যাকাউন্ট খোলা যায় না। একটি অ্যাকাউন্ট থেকে লগইন করে অন্য অ্যাকাউন্ট খোলার চেষ্টা করলে সেভিড অ্যাকাউন্ট বাতিল হতে পারে।,False,0.0,0.6101694915254238,0.3125,0.3125,0.06666666666666667,0.1875,0.76405114,0.8456167,0.8027674
passport_012,passport,Ami jodi nije passport collect korte na pari tobe ki onno keu parbe?,"হ্যাঁ, অনুমোদিত প্রতিনিধি পাসপোর্ট নিতে পারবে। তার কাছে আবেদনকারীর ডেলিভারি স্লিপ, নিজের NID এবং Authorization Letter থাকতে হবে।",অনুমোদিত কর্মী না থাকলে অফিসিয়াল প্রতিনিধি হিসেবে অন্য ব্যক্তি পাসপোর্ট সংগ্রহ করতে নিষেধিত হতে পারেন না।,False,0.0,0.5221238938053098,0.17647058823529413,0.17647058823529413,0.0,0.17647058823529413,0.76660883,0.7468288,0.7565896
passport_004,passport,"Amar boyos 21 kintu NID nai, ami ki BRC diye e-passport korte parbo?","না, কারণ ২০ বছরের বেশি বয়সী নাগরিকদের জন্য ই-পাসপোর্ট আবেদনে জাতীয় পরিচয়পত্র (NID) প্রদান করা বাধ্যতামূলক।",অনলাইন আবেদনে ১৭ বছরের বেশি বয়স দিলে পাসপোর্ট না হবে।,False,0.0,0.7073170731707318,0.37037037037037035,0.37037037037037035,0.08,0.22222222222222224,0.80273694,0.7374438,0.7687064
passport_005,passport,১৮ বছরের কম বয়সীদের পাসপোর্টের মেয়াদ ও পৃষ্ঠার সংখ্যা কত হবে?,১৮ বছরের কম বয়সী সকল আবেদনকারীর ই-পাসপোর্টের মেয়াদ হবে ৫ বছর এবং এটি অবশ্যই ৪৮ পৃষ্ঠার হবে।,১৮ বছরের কম বয়সী আবেদনকারীদের ই-পাসপোর্টের মেয়াদ ৫ বছর এবং পৃষ্ঠা সংখ্যা ৩২ পৃষ্ঠা হবে।,False,0.0,0.8520710059171597,0.6470588235294118,0.6470588235294118,0.43749999999999994,0.6470588235294118,0.93456185,0.8973925,0.9156001
passport_184,passport,বাংলাদেশ মিশনে ৪৮ পৃষ্ঠা ৫ বছর রেগুলার ফি কত?,বিদেশস্থ বাংলাদেশ মিশনে সাধারণ আবেদনকারীর জন্য ৪৮ পৃষ্ঠা ও ৫ বছর মেয়াদের ই-পাসপোর্টের রেগুলার ডেলিভারি ফি ১০০ মার্কিন ডলার।,বিদেশস্থ বাংলাদেশ মিশনে সাধারণ আবেদনকারীর জন্য ৪৮ পৃষ্ঠা ও ৫ বছর মেয়াদের ই-পাসপোর্টের রেগুলার ডেলিভারি ফি ১৭৫ মার্কিন ডলার।,False,0.0,0.983739837398374,0.9500000000000001,0.9500000000000001,0.8947368421052632,0.9500000000000001,0.99475884,0.99475884,0.99475884
passport_204,passport,বিদেশ থেকে ৪৮ পৃষ্ঠা ৫ বছর রেগুলার ই-পাসপোর্টে কত ডলার লাগে?,বিদেশস্থ বাংলাদেশ মিশনে সাধারণ আবেদনকারীর জন্য ৪৮ পৃষ্ঠা ও ৫ বছর মেয়াদের ই-পাসপোর্টের রেগুলার ডেলিভারি ফি ১০০ মার্কিন ডলার।,বিদেশস্থ বাংলাদেশ মিশনে সাধারণ আবেদনকারীর জন্য ৪৮ পৃষ্ঠা ও ৫ বছর মেয়াদের ই-পাসপোর্টের রেগুলার ডেলিভারি ফি ১৭৫ মার্কিন ডলার।,False,0.0,0.983739837398374,0.9500000000000001,0.9500000000000001,0.8947368421052632,0.9500000000000001,0.99475884,0.99475884,0.99475884
passport_222,passport,বিদেশে সাধারণ আবেদনকারীর ৪৮ পৃষ্ঠা ৫ বছর রেগুলার পাসপোর্ট ফি কত?,বিদেশস্থ বাংলাদেশ মিশনে সাধারণ আবেদনকারীর জন্য ৪৮ পৃষ্ঠা ও ৫ বছর মেয়াদের ই-পাসপোর্টের রেগুলার ডেলিভারি ফি ১০০ মার্কিন ডলার।,বিদেশস্থ বাংলাদেশ মিশনে সাধারণ আবেদনকারীর জন্য ৪৮ পৃষ্ঠা ও ৫ বছর মেয়াদের ই-পাসপোর্টের রেগুলার ডেলিভারি ফি ১৫০ মার্কিন ডলার।,False,0.0,0.991869918699187,0.9500000000000001,0.9500000000000001,0.8947368421052632,0.9500000000000001,0.9980762,0.9980762,0.9980762
passport_023,passport,Delivery slip harale ki korbo?,"Print summary, NID এবং সম্ভব হলে slip copy নিয়ে পাসপোর্ট সংগ্রহ করা যাবে।","ডেলিভারি স্লিপ অনলাইনে পাওয়া যায় না, তবে সংশ্লিষ্ট উপজেলা/থানা নির্বাচন অফিসে যোগাযোগ করে প্রয়োজনীয় কাগজপত্র সংগ্রহ করতে হবে।",False,0.0,0.321608040201005,0.0625,0.0625,0.0,0.0625,0.6845485,0.74049073,0.7114215
passport_027,passport,Mobile e SMS na pele ki passport nite parbo?,"হ্যাঁ, ইমেইল থাকলে পাসপোর্ট সংগ্রহ করা যাবে।",অনলাইন আবেদনে মোবাইল নম্বর ও ই-মেইল ঠিকানা দিতে হয়। পাসপোর্ট সাধারণত বায়োমেট্রিক এনরোলমেন্টের পর প্রদান করা হয়।,False,0.0,0.4444444444444444,0.16,0.16,0.0,0.16,0.7203528,0.7563585,0.73791677
passport_039,passport,বিদেশের মিশন থেকে ৪৮ পৃষ্ঠা ও ১০ বছর মেয়াদী পাসপোর্টের এক্সপ্রেস ফি কত?,১৭৫ মার্কিন ডলার।,বিদেশস্থ বাংলাদেশ মিশনে সাধারণ আবেদনকারীর জন্য ৪৮ পৃষ্ঠা ও ১০ বছর মেয়াদের ই-পাসপোর্টের এক্সপ্রেস ডেলিভারি ফি ১৫০ মার্কিন ডলার।,False,0.0,0.8571428571428571,0.1739130434782609,0.1739130434782609,0.09523809523809525,0.1739130434782609,0.58927315,0.8051835,0.6805131
passport_042,passport,বিদেশের মিশন থেকে ৬৪ পৃষ্ঠা ও ১০ বছর মেয়াদী পাসপোর্টের নিয়মিত ফি কত?,১৭৫ মার্কিন ডলার।,১৫০ মার্কিন ডলার।,False,0.0,0.9375,0.6666666666666666,0.6666666666666666,0.5,0.6666666666666666,0.96844345,0.96844345,0.96844345
passport_088,passport,দেশের ভেতরে জরুরি পাসপোর্টে পুলিশ ক্লিয়ারেন্স দিলে কত দিনে পাব?,দেশের অভ্যন্তরে জরুরি পাসপোর্টের আবেদনের সাথে পুলিশ ক্লিয়ারেন্স দাখিল করা হলে এবং অন্যান্য তথ্য সঠিক থাকলে ৭ কর্মদিবসের মধ্যে পাসপোর্ট প্রদান করা হয়।,"অফিসিয়াল ফি ছাড়া অতীব জরুরি ক্ষেত্রে এক কার্যদিবসের মধ্যে পাসপোর্ট প্রদান করা হয়, প্রযোজ্য ক্ষেত্রে এসএমএসে ১৬ নম্বর কোড দিয়ে আবেদন করতে হয়।",False,0.0,0.5652173913043478,0.2608695652173913,0.2608695652173913,0.18181818181818182,0.2608695652173913,0.7494137,0.7747108,0.76185226
passport_103,passport,পূর্বের পাসপোর্ট আর এনআইডির তথ্য না মিললে কী দিতে হবে?,চেকলিস্ট অনুযায়ী পূর্বের পাসপোর্ট এবং এনআইডি বা বিআরসিতে তথ্য গরমিল থাকলে নির্ধারিত ফরম্যাটে পূরণকৃত অঙ্গীকারনামা লাগতে পারে।,পূর্ববর্তী পাসপোর্ট নম্বর ও অবসান তারিখ দিতে হবে।,False,0.0,0.4046242774566474,0.07999999999999999,0.07999999999999999,0.0,0.07999999999999999,0.7684036,0.6894479,0.72678775
passport_130,passport,"আমার এনআইডি তথ্য ভুল, পাসপোর্টে অন্য তথ্য দিলে হবে?",পাসপোর্ট আবেদন এনআইডি বা বিআরসি অনুযায়ী করতে হবে। তথ্য ভুল হলে আগে সংশ্লিষ্ট কর্তৃপক্ষের মাধ্যমে সঠিক করার পর আবেদন করা নিরাপদ।,এনআইডি তথ্য সংশোধনের জন্য সঠিক আবেদন ফরম ব্যবহার করতে হবে। সঠিক ফরম না ব্যবহার করলে আবেদন গ্রহণ করা যাবে না।,False,0.0,0.6086956521739131,0.3902439024390244,0.3902439024390244,0.05128205128205128,0.2926829268292683,0.77353376,0.7497361,0.761449
passport_007,passport,সরকারি চাকরিজীবীরা নিয়মিত ফি জমা দিয়ে কি জরুরী সুবিধা পেতে পারেন?,"হ্যাঁ, সরকারি চাকরিজীবীরা যাদের অনাপত্তি সনদ (NOC) বা PRL Order আছে, তারা নিয়মিত ফি জমা দিয়েও জরুরী সুবিধা এবং জরুরী ফি জমা দিয়ে অতীব জরুরী সুবিধা পেতে পারেন।","হ্যাঁ, নিয়মিত ফি পরিশোধ করলে জরুরী সুবিধা পাওয়া যায়।",False,0.0,0.7073170731707318,0.2702702702702703,0.2702702702702703,0.11428571428571428,0.2702702702702703,0.804978,0.73837763,0.7702408
passport_029,passport,বাংলাদেশের অভ্যন্তরে ৪৮ পৃষ্ঠা ও ৫ বছর মেয়াদী পাসপোর্টের এক্সপ্রেস ফি কত?,"৬,৩২৫ টাকা।","১৫,৩৫০ টাকা।",False,0.0,0.6666666666666665,0.3333333333333333,0.3333333333333333,0.0,0.3333333333333333,0.96189374,0.97045887,0.9661573
nid_003,nid,NID আবেদন করতে কী কী ডকুমেন্ট লাগে?,"প্রিন্টেড আবেদনপত্র, পাসপোর্ট সাইজ ছবি, ১৭ ডিজিটের জন্ম নিবন্ধন, পাসপোর্ট কপি এবং পিতামাতার NID বা জন্ম সনদ প্রয়োজন হতে পারে।",অনলাইন আবেদনে জাতীয় পরিচয়পত্র (NID) বা পাসপোর্ট নম্বর ও মেয়াদ দিতে হয়।,False,0.0,0.4916201117318436,0.18749999999999997,0.18749999999999997,0.06666666666666667,0.125,0.79188883,0.75020844,0.77048534
nid_006,nid,NID কারা আবেদন করতে পারবে?,০১ অক্টোবর ২০১০ এর আগে জন্মগ্রহণকারী বাংলাদেশী বা বাংলাদেশি বংশোদ্ভূত ব্যক্তি আবেদন করতে পারবেন।,বাংলাদেশের অভ্যন্তরে ১৮ বছরের বেশি বয়সোত্তোর নাগরিক এবং বিদেশে ২০ বছরের বেশি বয়সোত্তোর নাগরিক এনআইডি আবেদন করতে পারেন।,False,0.0,0.6054054054054054,0.125,0.125,0.06666666666666667,0.125,0.70857346,0.7349644,0.7215277
nid_007,nid,যদি আগে ভোটার হয়ে থাকি তাহলে কি আবার আবেদন করতে হবে?,"না, আগে ভোটার হয়ে থাকলে নতুন নিবন্ধনের প্রয়োজন নেই।",এনআইডি অনলাইন সেবায় একটি এনআইডি নম্বর শুধু একবার ব্যবহার করা যায়। একই ব্যক্তির একাধিক এনআইডি থাকলে সব নম্বর বাতিল বা বাণ্টা করা উচিত।,False,0.0,0.35,0.0625,0.0625,0.0,0.0625,0.6403105,0.7058188,0.6714707
nid_014,nid,NID তথ্য হালনাগাদের জন্য কী কী প্রয়োজন?,"তথ্য হালনাগাদের জন্য প্রয়োজনীয় প্রমাণপত্র যেমন জন্ম নিবন্ধন, পাসপোর্ট, ঠিকানা প্রমাণ এবং সংশ্লিষ্ট দলিলাদি জমা দিতে হয়।",অনলাইনে NID তথ্য হালনাগাদের জন্য প্রয়োজন হয় এনরোলমেন্ট নম্বর বা অ্যাপয়েন্টমেন্ট কোড এবং মোবাইল নম্বর।,False,0.0,0.5462962962962963,0.3125,0.3125,0.13333333333333333,0.25,0.7292931,0.7291617,0.72922736
nid_016,nid,NID রেজিস্ট্রেশন প্রক্রিয়া কী?,"রেজিস্ট্রেশন প্রক্রিয়ায় অনলাইন আবেদন, তথ্য যাচাই এবং বায়োমেট্রিক ডেটা সংগ্রহ অন্তর্ভুক্ত থাকে।","প্রথমে অনলাইনে আবেদন করতে হয়, তারপর প্রয়োজনীয় ডকুমেন্ট প্রস্তুত করে নির্ধারিত বায়োমেট্রিক এনরোলমেন্টে জমা দিতে হয়।",False,0.0,0.548076923076923,0.14285714285714288,0.14285714285714288,0.0,0.14285714285714288,0.723865,0.733151,0.72847843
nid_018,nid,NID অফিসের ইমেইল কী?,NID অফিসের অফিসিয়াল ইমেইল হলো info@nidw.gov.bd।,nidw@passports.gov.bd,False,0.0,0.6875,0.46153846153846156,0.46153846153846156,0.18181818181818182,0.46153846153846156,0.81691736,0.7066347,0.7577846
nid_019,nid,NID সেবার সময় কখন?,"NID সেবা প্রদান করা হয় রবিবার থেকে বৃহস্পতিবার, সকাল ৯:০০টা থেকে বিকাল ৫:০০টা পর্যন্ত।",সাধারণত এক দিনের মধ্যে প্রক্রিয়া সম্পন্ন হয়।,False,0.0,0.36666666666666664,0.08695652173913043,0.08695652173913043,0.0,0.08695652173913043,0.70951134,0.63178664,0.66839707
nid_020,nid,NID কার্ডের তথ্য কিভাবে সংশোধন করা যায়?,"অনলাইন, এনআইডি রেজিস্ট্রেশন উইং অথবা উপজেলা/থানা/জেলা নির্বাচন অফিসে ভুল তথ্য সংশোধনের জন্য আবেদন করতে হয় এবং প্রয়োজনীয় দলিল জমা দিতে হয়।",অনলাইনে আবেদন করে প্রয়োজনীয় ডকুমেন্ট আপলোড করে আবেদন জমা দিতে হয়। পরবর্তী ধাপ ওয়েবসাইটে দেখানো নির্দেশনা অনুসরণ করে সম্পন্ন করতে হয়।,False,0.0,0.5634920634920635,0.31818181818181823,0.31818181818181823,0.14285714285714282,0.22727272727272724,0.78187895,0.7386965,0.75967455
nid_027,nid,NID তে পেশা পরিবর্তন করা যায় কি?,"হ্যাঁ, প্রমাণপত্রসহ আবেদন করতে হয়। তবে পেশা সাধারণত কার্ডে মুদ্রিত হয় না।","হ্যাঁ, পেশা পরিবর্তনের জন্য আবেদনপত্র, সংশ্লিষ্ট প্রমাণপত্র এবং অন্যান্য প্রয়োজনীয় ফি জমা দিতে হয়।",False,0.0,0.5421686746987951,0.23076923076923075,0.23076923076923075,0.0,0.23076923076923075,0.789487,0.7904651,0.78997576
nid_028,nid,NID ছবির পরিবর্তন কীভাবে করা যায়?,নিজে সরাসরি উপস্থিত হয়ে জাতীয় পরিচয় নিবন্ধন অনুবিভাগে আবেদন করতে হয়।,অনলাইনে আবেদন করে প্রয়োজনীয় ডকুমেন্ট আপলোড করে আবেদন জমা দিতে হয়।,False,0.0,0.53125,0.18181818181818182,0.18181818181818182,0.0,0.18181818181818182,0.7957748,0.77232116,0.78387266
nid_030,nid,ডাক নাম ব্যবহার করলে কীভাবে সংশোধন করবো?,"এসএসসি সনদ, এফিডেভিট, পত্রিকায় বিজ্ঞপ্তি, ওয়ারিশ সনদ এবং স্থানীয় কর্তৃপক্ষের প্রত্যয়নপত্রসহ আবেদন করতে হয়।",ডাক নাম ব্যবহার করলে অনলাইনে সংশোধন করা কঠিন। পুরোনো ছবি ও প্রমাণপত্র জমা দিতে হবে।,False,0.0,0.35869565217391297,0.0,0.0,0.0,0.0,0.67091787,0.6536028,0.66214716
nid_036,nid,NID তে অন্য ব্যক্তির তথ্য চলে এলে কী করবো?,প্রমাণপত্রসহ আবেদন করে বায়োমেট্রিক যাচাইয়ের মাধ্যমে সংশোধন করা হয়।,একই এনআইডি নম্বর দিয়ে একাধিক তথ্য থাকলে সংশ্লিষ্ট উপজেলা/থানা/জেলা নির্বাচন অফিসে যোগাযোগ করতে হবে।,False,0.0,0.37125748502994016,0.0,0.0,0.0,0.0,0.63927215,0.68856364,0.66300297
nid_037,nid,রক্তের গ্রুপ যোগ বা সংশোধন করতে কী লাগে?,ডায়াগনস্টিক রিপোর্ট জমা দিতে হয়।,"রক্তের গ্রুপ যোগ বা সংশোধনের জন্য সংশ্লিষ্ট হাসপাতাল বা চিকিৎসকের প্রত্যয়ন, প্রয়োজনীয় প্রমাণপত্র এবং আবেদনপত্র প্রয়োজন হতে পারে। সঠিক নিয়মাবলী হাসপাতাল বা সংশ্লিষ্ট স্বাস্থ্য কর্মকর্তার সাথে যাচাই করা উচিত।",False,0.0,0.19444444444444442,0.0,0.0,0.0,0.0,0.6465583,0.7273101,0.68456095
nid_039,nid,স্বাক্ষর পরিবর্তন করা যায় কি?,"হ্যাঁ, নতুন স্বাক্ষরের নমুনা ও আবেদন জমা দিতে হয়। তবে একবারই পরিবর্তন করা যায়।","হ্যাঁ, সম্ভব হলে স্বাক্ষর পরিবর্তন করা যায়।",False,0.0,0.7076923076923077,0.38095238095238093,0.38095238095238093,0.21052631578947367,0.38095238095238093,0.8406386,0.7883669,0.81366414
nid_040,nid,জন্ম তারিখ সংশোধনের প্রমাণ না থাকলে কী হবে?,তদন্ত সাপেক্ষে উপজেলা/জেলা নির্বাচন অফিস বিষয়টি যাচাই করে সিদ্ধান্ত নেয়।,"জন্ম তারিখ সংশোধনের জন্য জন্ম নিবন্ধন সনদ, টিকা কার্ড, হাসপাতাল ছাড়পত্র, টিকা সনদ, স্বাস্থ্যকর্মী প্রত্যয়ন, অফিসিয়াল গাইড অনুযায়ী প্রমাণপত্র বা বিকল্প প্রমাণপত্র জমা দিতে হতে পারে।",False,0.0,0.3451327433628319,0.0,0.0,0.0,0.0,0.6693317,0.71172386,0.68987715
nid_046,nid,NID তে না থাকা কিন্তু পরিবর্তিত তথ্য কীভাবে সংশোধন করা যাবে?,"যে তথ্য NID তে প্রদর্শিত নয়, তা অনলাইনের মাধ্যমে সংশোধনের আবেদন করে আপডেট করা যায়।",অনলাইনে সংশোধনের জন্য প্রথমে আপনার NID নম্বর ও জন্মতারিখ দিয়ে অ্যাকাউন্টে লগইন করতে হবে। তারপর সংশোধনের কারণ নির্বাচন করে সঠিক তথ্য দিয়ে আবেদন জমা দিতে হবে।,False,0.0,0.5844748858447488,0.2439024390243902,0.2439024390243902,0.0,0.14634146341463417,0.7533674,0.7917673,0.7720902
nid_049,nid,"২০০৭-২০১০ সালে ভোটার হয়েছি কিন্তু NID নেই, কী করবো?",উপজেলা বা থানা নির্বাচন অফিস থেকে কার্ড সংগ্রহ করতে পারবেন। না পেলে অনলাইনে রিইস্যুর জন্য আবেদন করতে হবে।,ভোটার হলেও NID না থাকলে অনলাইন ভোট দেওয়া সম্ভব নয়। এ ক্ষেত্রে বিডিআরইসি কার্ড বা পাসপোর্ট ব্যবহার করা যেতে পারে।,False,0.0,0.5047619047619047,0.15789473684210525,0.15789473684210525,0.0,0.052631578947368425,0.7095201,0.7008157,0.705141
nid_055,nid,ভোটার রেজিস্ট্রেশনে কোন বয়স বা নাম প্রযোজ্য হবে?,"এসএসসি বা সমমানের সনদের তথ্য প্রযোজ্য হবে। না থাকলে জন্ম সনদ, পাসপোর্ট বা ড্রাইভিং লাইসেন্স ব্যবহার করা যায়।",ভোটার নিবন্ধনের জন্য সাধারণত ১৮ বছরের বেশি বয়স এবং নিজ নিজের নাম প্রযোজ্য হয়।,False,0.0,0.430939226519337,0.0625,0.0625,0.0,0.0625,0.72570455,0.68740964,0.70603824
nid_058,nid,নতুন ভোটার হতে কী কী লাগে?,"জন্ম নিবন্ধন, শিক্ষাগত সনদ, ঠিকানা প্রমাণ, নাগরিক সনদ, পিতামাতার NID এবং অন্যান্য প্রযোজ্য কাগজপত্র প্রয়োজন হয়।","ভোটার হতে হলে BDRIS পোর্টালের মাধ্যমে আবেদন করতে হবে। অনলাইন আবেদনে এনআইডি বা জন্ম নিবন্ধন নম্বর, পাসপোর্ট নম্বর বা পিতা-মাতার এনআইডি এবং প্রয়োজনীয় চিত্রপত্র দিতে হয়।",False,0.0,0.5039370078740157,0.18604651162790697,0.18604651162790697,0.04878048780487805,0.18604651162790697,0.6927499,0.7532654,0.7217414
nid_064,nid,NID ফর্মের জন্য কি কোনো ফি লাগে?,"না, কোনো ফি লাগে না।","না, এই সেবা বিনামূল্যে প্রদান করা হয়।",False,0.0,0.35294117647058826,0.16666666666666666,0.16666666666666666,0.0,0.16666666666666666,0.70007193,0.7728233,0.7346509
nid_066,nid,NID রিইস্যু করার জন্য জিডি নম্বর কী?,জিডি নম্বর হলো থানায় সাধারণ ডায়েরি (GD) করার পর পাওয়া রেফারেন্স নম্বর যা আবেদন করার সময় প্রয়োজন হতে পারে।,জিডি নম্বর হলো অনলাইন সেবা ব্যবহার করার জন্য প্রয়োজনীয় একটি গুরুত্বপূর্ণ তথ্য। এটি ব্যবহারকারী আইডি বা পাসপোর্ট নম্বর নম্বর হিসেবে ব্যবহৃত হয়।,False,0.0,0.5110132158590308,0.24390243902439024,0.24390243902439024,0.10256410256410256,0.24390243902439024,0.78570527,0.7868756,0.78629005
nid_068,nid,NID রিইস্যুর জন্য পুলিশ অফিসারের নাম কেন লাগে?,জিডি যাচাইয়ের জন্য দায়িত্বপ্রাপ্ত পুলিশ অফিসারের নাম আবেদন ফর্মে উল্লেখ করা হয়।,পুলিশ অফিসার নাম উল্লেখ করে সম্পাদিত তথ্য যাচাই করার জন্য ব্যবহৃত হয়।,False,0.0,0.6533333333333334,0.4166666666666667,0.4166666666666667,0.0,0.3333333333333333,0.8059632,0.8013247,0.8036373
nid_071,nid,প্রবাসী বাংলাদেশিদের ভোটার নিবন্ধনের জন্য কী কী প্রয়োজনীয় দলিল লাগে?,"প্রবাসী বাংলাদেশিদের জন্য অনলাইনে পূরণকৃত আবেদনপত্র, অনলাইন ভেরিফাইড জন্ম নিবন্ধন সনদ, পাসপোর্ট বা বিদেশি পাসপোর্ট, পিতামাতার পরিচয়পত্র এবং পাসপোর্ট সাইজ ছবি প্রয়োজন।","অফিসিয়াল গাইড অনুযায়ী প্রবাসী শ্রমিক, শিক্ষার্থী, ব্যবসায়ী, নিবাসী বা অন্য ব্যক্তি হলেও আবেদন করা যায়। তবে প্রয়োজনীয় কাগজপত্র ও প্রমাণপত্র ভিন্ন হতে পারে।",False,0.0,0.45182724252491696,0.08888888888888888,0.08888888888888888,0.0,0.08888888888888888,0.73683697,0.70117515,0.71856385
nid_072,nid,প্রবাসী ভোটার নিবন্ধনের জন্য কোন আবেদন ফর্ম ব্যবহার করতে হয়?,প্রবাসী ভোটার নিবন্ধনের জন্য ফরম-২ক ব্যবহার করতে হয়।,অনলাইন আবেদনের জন্য আবেদনপত্র ডাউনলোড করা যায় এবং প্রয়োজনীয় তথ্য পূরণ করে জমা দিতে হয়।,False,0.0,0.41134751773049644,0.16666666666666669,0.16666666666666669,0.0,0.16666666666666669,0.7471962,0.7498317,0.7485116
nid_074,nid,প্রবাসী ভোটার নিবন্ধনে পাসপোর্ট না থাকলে কী ব্যবহার করা যায়?,"মেয়াদোত্তীর্ণ বাংলাদেশি পাসপোর্ট, বিদেশি পাসপোর্ট অথবা তিনজন বাংলাদেশি NIDধারী ব্যক্তির প্রত্যয়নপত্র ব্যবহার করা যায়।",অনলাইন ভোটার নিবন্ধনে পাসপোর্ট বা পাসপোর্ট ইংরেজি ভার্সন ব্যবহার করা যায়।,False,0.0,0.5617977528089887,0.4,0.4,0.17391304347826086,0.4,0.73011696,0.7336238,0.7318661
nid_078,nid,বিশেষ এলাকার ভোটারদের জন্য অতিরিক্ত কী লাগে?,বিশেষ এলাকার জন্য বিশেষ তথ্য ফরম এবং অতিরিক্ত তথ্য সম্বলিত ডকুমেন্ট প্রয়োজন হতে পারে।,"বিশেষ এলাকার ভোটার কেন্দ্রে প্রবাসী শ্রমিক, শিক্ষার্থী, ব্যবসায়ী, পর্যটক বা অন্য কোনো নির্দিষ্ট গোষ্ঠীর ভোটার নিবন্ধনের জন্য অতিরিক্ত কোনো কাগজ লাগে তা নির্দিষ্ট করা হয় না। সাধারণত এনআইডি বা জন্মনিবন্ধন সনদ প্রয়োজন হয়।",False,0.0,0.6422018348623854,0.21276595744680848,0.21276595744680848,0.044444444444444446,0.21276595744680848,0.675379,0.7420084,0.7071276
nid_081,nid,প্রবাসী ভোটার নিবন্ধন কোথায় করতে হয়?,নির্ধারিত মিশন অফিসে উপস্থিত হয়ে আবেদন করতে হয়।,বিদেশে অবস্থানরত বাংলাদেশি নাগরিকের জন্য উপজেলা/থানা নির্বাচন অফিসারের কার্যালয়ে বা সংশ্লিষ্ট বাংলাদেশ দূতাবাস/মিশনে আবেদন করতে হয়।,False,0.0,0.4516129032258065,0.23076923076923078,0.23076923076923078,0.16666666666666666,0.23076923076923078,0.7092563,0.79559267,0.7499478
nid_086,nid,প্রবাসী বাংলাদেশিদের ভোটার নিবন্ধনের জন্য কোন আবেদন ফর্ম লাগে?,প্রবাসী ভোটার নিবন্ধনের জন্য ফরম-২ক (Form-2Ka) ব্যবহার করতে হয়।,অনলাইনে NID আবেদন করতে এনআইডি অ্যাপ ব্যবহার করা যায়। অ্যাপে প্রথমে মোবাইল নম্বর বা ই-মেইল বা জন্মতারিখ বা পাসপোর্ট নম্বর বা পিতা-মাতার এনআইডি নম্বর ব্যবহার করে অ্যাকাউন তৈরি করতে হয়। অ্যাকাউন তৈরি হলে লগইন করে আবেদন করা যায়।,False,0.0,0.41558441558441556,0.1176470588235294,0.1176470588235294,0.04081632653061225,0.1176470588235294,0.6438926,0.67651325,0.65979993
nid_095,nid,প্রবাসী ভোটার নিবন্ধন কোথায় করতে হয়?,নির্ধারিত বাংলাদেশ মিশন অফিসে উপস্থিত হয়ে আবেদন করতে হয়।,বিদেশে অবস্থানরত বাংলাদেশি নাগরিকের জন্য উপজেলা/থানা নির্বাচন অফিসারের কার্যালয়ে বা সংশ্লিষ্ট বাংলাদেশ দূতাবাস/মিশনে আবেদন করতে হয়।,False,0.0,0.575,0.2962962962962963,0.2962962962962963,0.15999999999999998,0.2962962962962963,0.7178267,0.7993165,0.7563831
nid_098,nid,প্রবাসী ভোটার নিবন্ধনে প্রতিনিধি কি ডকুমেন্ট জমা দিতে পারে?,"হ্যাঁ, কিছু দলিল বাংলাদেশে অবস্থানরত প্রতিনিধি সংশ্লিষ্ট নির্বাচন অফিসে জমা দিতে পারে।","হ্যাঁ, প্রতিনিধি অনুমোদিত করা কাগজ জমা দিতে পারেন।",False,0.0,0.6666666666666665,0.4,0.4,0.1111111111111111,0.4,0.81978405,0.7894113,0.8043111
nid_108,nid,NID নতুন ভোটার হওয়ার জন্য কী কী লাগে?,"এসএসসি সনদ, জন্ম নিবন্ধন, পাসপোর্ট বা ড্রাইভিং লাইসেন্স, ঠিকানা প্রমাণ, নাগরিকত্ব সনদ এবং পিতামাতার NID কপি প্রয়োজন হতে পারে।","ভোটার হতে হলে প্রথমে BDRIS পোর্টালের মাধ্যমে আবেদন করতে হয়, অনলাইন আবেদন শেষে আবেদনপত্র প্রিন্ট করে সংশ্লিষ্ট উপজেলা/থানা নির্বাচন অফিসে জমা দিতে হয়, এবং তারপর তদন্ত ও যাচাইর পর এসএমএস দিয়ে নির্বাচন কমিশন থেকে NID কার্ড পাওয়া যায়।",False,0.0,0.4121212121212121,0.10344827586206896,0.10344827586206896,0.0,0.06896551724137932,0.6968148,0.7207332,0.7085722
nid_116,nid,প্রবাসে (টোকিও দূতাবাসে) NID আবেদন কীভাবে করতে হয়?,"প্রথমে অনলাইনে https://services.nidw.gov.bd/nid-pub ওয়েবসাইটে আবেদন করতে হয়, তারপর অ্যাপয়েন্টমেন্ট নিয়ে দূতাবাসে উপস্থিত হয়ে বায়োমেট্রিক প্রদান করতে হয়।",অনলাইনে আবেদন করে প্রয়োজনীয় ডকুমেন্ট প্রিন্ট করে দূতাবাসে জমা দিতে হয়।,False,0.0,0.5531914893617021,0.2352941176470588,0.2352941176470588,0.0,0.2352941176470588,0.80938643,0.718118,0.7610256
nid_135,nid,লন্ডনে NID আবেদনে ফি লাগে কি?,"না, NID আবেদন প্রক্রিয়ার জন্য কোনো ফি লাগে না।",অনলাইন আবেদনে ফি লাগে না। কিন্তু প্রিন্ট আবেদন ফরম বা সংশ্লিষ্ট উপজেলা/থানা নির্বাচন অফিসে যোগাযোগের ক্ষেত্রে সংশ্লিষ্ট নির্বাচন অফিসের ফি স্কেলার অনুযায়ী ফি লাগতে পারে।,False,0.0,0.5517241379310345,0.2285714285714286,0.2285714285714286,0.12121212121212122,0.17142857142857146,0.6867526,0.80640703,0.7417856
nid_141,nid,লন্ডনে NID আবেদনের শর্ত কী?,"আবেদনকারীকে অবশ্যই নতুন আবেদনকারী হতে হবে, এবং পূর্বে NID থাকলে আবেদন গ্রহণযোগ্য নয়।","অনলাইন আবেদনের জন্য প্রথমে অ্যাপয়েন্টমেন্ট বুকিং করতে হয়, তারপর নির্ধারিত সময়ে উপজেলা/থানা নির্বাচন অফিসে গিয়ে বায়োমেট্রিক এনরোলমেন্ট সম্পন্ন করতে হয়।",False,0.0,0.35964912280701755,0.0,0.0,0.0,0.0,0.6523807,0.72613066,0.68728286
nid_143,nid,লন্ডনে NID আবেদন কোথায় করতে হয়?,https://services.nidw.gov.bd/nid-pub ওয়েবসাইটে অনলাইন আবেদন করতে হয়।,লন্ডনে NID আবেদন বাংলাদেশ দূতাবাসে করতে হয়।,False,0.0,0.5901639344262295,0.4210526315789474,0.4210526315789474,0.11764705882352942,0.4210526315789474,0.7329253,0.61974376,0.67159945
nid_148,nid,দুবাই কনস্যুলেটে NID আবেদন কোথায় করতে হয়?,https://services.nidw.gov.bd/nid-pub ওয়েবসাইটে অনলাইন আবেদন করতে হয়।,দুবাই কনস্যুলেটে অনলাইন আবেদন নেই। সাধারণত অফলাইন আবেদন করতে হয় এবং প্রয়োজনীয় ডকুমেন্ট প্রস্তুত রাখতে হয়।,False,0.0,0.4772727272727273,0.28571428571428575,0.28571428571428575,0.23076923076923075,0.28571428571428575,0.7145317,0.63520175,0.6725354
nid_149,nid,দুবাই কনস্যুলেটে NID এর জন্য কী কী ডকুমেন্ট লাগে?,"অনলাইন আবেদন ফর্ম-২ক, ১৭ ডিজিট জন্ম নিবন্ধন, পাসপোর্ট, ছবি এবং প্রয়োজনীয় অন্যান্য পরিচয়পত্র লাগে।",অনলাইন আবেদনে জাতীয় পরিচয়পত্র (NID) বা জন্ম নিবন্ধন সনদ এবং পাসপোর্ট লাগে।,False,0.0,0.793388429752066,0.5185185185185186,0.5185185185185186,0.08,0.3703703703703704,0.84402627,0.8197054,0.8316881
nid_150,nid,দুবাই কনস্যুলেটে NID এর জন্য অ্যাপয়েন্টমেন্ট লাগে কি?,"হ্যাঁ, নির্ধারিত তারিখে বায়োমেট্রিকের জন্য অ্যাপয়েন্টমেন্ট প্রয়োজন।","হ্যাঁ, অনলাইনে আবেদন করার পর অ্যাপয়েন্টমেন্ট নম্বর দিয়ে স্লট বাছাই করতে হয়।",False,0.0,0.5833333333333334,0.2105263157894737,0.2105263157894737,0.0,0.2105263157894737,0.74891984,0.8284364,0.78667384
nid_152,nid,দুবাই কনস্যুলেটে NID প্রসেসিং টাইম কত?,"প্রসেসিং টাইম নির্ভর করে যাচাই প্রক্রিয়ার ওপর, তাই নির্দিষ্ট সময় বলা যায় না।",দুবাই কনস্যুলেটে সাধারণত এনরোলমেন্টের পর থেকে প্রক্রিয়া সম্পন্ন হওয়ার সময় পর্যন্ত প্রায় ১৫ থেকে ২০ মিনিট লাগে।,False,0.0,0.47567567567567565,0.06666666666666667,0.06666666666666667,0.0,0.06666666666666667,0.68984914,0.6959188,0.6928707
nid_154,nid,দুবাই কনস্যুলেটে NID এর জন্য কীভাবে যাচাই হয়?,বাংলাদেশের সংশ্লিষ্ট নির্বাচন অফিস আবেদন যাচাই করে তথ্য নিশ্চিত করে।,দুবাই কনস্যুলেটে অনলাইন যাচাই করার সময় মোবাইল নম্বর ও ই-মেইল ঠিকানা দিতে হয়। প্রয়োজনীয় তথ্য সঠিক না থাকলে নতুন তথ্য দিয়ে আবেদন করতে হবে।,False,0.0,0.40506329113924056,0.17142857142857143,0.17142857142857143,0.0,0.11428571428571428,0.68017673,0.731204,0.7047679
nid_162,nid,NID একাউন্ট তৈরির জন্য কী তথ্য দিতে হয়?,"NID বা Form Number, জন্ম তারিখ এবং ক্যাপচা কোড সঠিকভাবে দিতে হয়।","অনলাইন আবেদনে জন্মতারিখ, জাতীয় পরিচয়পত্র নম্বর, পিতা-মাতার তথ্য, ঠিকানার তথ্য এবং অন্যান্য প্রয়োজনীয় ডকুমেন্টের তথ্য দিতে হয়।",False,0.0,0.39106145251396646,0.2,0.2,0.07142857142857142,0.2,0.7048624,0.72353977,0.714079
nid_163,nid,তথ্য ভুল দিলে কী হবে?,তিনবারের বেশি ভুল তথ্য দিলে একাউন্ট সাময়িকভাবে লক হয়ে যেতে পারে।,ভুল হলে সংশ্লিষ্ট নিবন্ধক কার্যালয়ে সংশোধনের আবেদন করতে হবে।,False,0.0,0.384,0.09999999999999999,0.09999999999999999,0.0,0.09999999999999999,0.68398035,0.7168942,0.7000506
nid_173,nid,প্রতিবন্ধী ভোটারদের জন্য কী ব্যবস্থা আছে?,প্রতিবন্ধী ও অসুস্থ ভোটারদের বাড়িতে গিয়ে নিবন্ধন সম্পন্ন করা হয়।,প্রতিবন্ধী ভোটাররা অন্যান্য ভোটারের মতো নির্বাচন কেন্দ্রে উপস্থিত হতে পারেন এবং তাদের ভোট দেওয়া যায়। তবে প্রয়োজন হলে নির্বাচন কমিশন বিশেষ ব্যবস্থা বা সহায়ক সরঞ্জাম সরবরার করতে পারে।,False,0.0,0.41666666666666663,0.05263157894736841,0.05263157894736841,0.0,0.05263157894736841,0.6998198,0.7522629,0.7250944
nid_176,nid,প্রবাসী ভোটার নিবন্ধনে জন্ম সনদ কেন লাগে?,আবেদনকারীর পরিচয় ও নাগরিকত্ব যাচাই করার জন্য অনলাইন ভেরিফাইড জন্ম নিবন্ধন সনদ প্রয়োজন।,জন্ম নিবন্ধন অবশ্যই প্রয়োজন।,False,0.0,0.8571428571428571,0.3529411764705882,0.3529411764705882,0.13333333333333333,0.3529411764705882,0.79961926,0.7007382,0.7469204
nid_184,nid,প্রবাসী ভোটার নিবন্ধনের উদ্দেশ্য কী?,প্রবাসী বাংলাদেশিদের সঠিক পরিচয় যাচাই করে ভোটার তালিকায় অন্তর্ভুক্ত করা এবং NID প্রদান করা।,বিদেশে বসবাসকারী বাংলাদেশি নাগরিকরা নির্বাচনে ভোট দিতে পারেন এবং সরকারি সেবা সম্পর্কিত কাগজ জমা দিতে পারেন।,False,0.0,0.5136612021857924,0.06666666666666667,0.06666666666666667,0.0,0.06666666666666667,0.7126855,0.731851,0.72214115
nid_189,nid,NID সত্যায়নে কোন ফরম্যাটে ফাইল আপলোড করতে হয়?,"JPEG, JPG অথবা PNG ফরম্যাটে ফাইল আপলোড করতে হয়।","সঠিক ফরম্যাট হলো: JPEG, PNG, GIF বা BMP।",False,0.0,0.5609756097560975,0.23529411764705882,0.23529411764705882,0.0,0.23529411764705882,0.82491004,0.81355035,0.8191908
nid_194,nid,আবেদন করার পর কী পাওয়া যায়?,"আবেদন করার পর একটি ট্র্যাকিং নম্বর দেওয়া হয়, যা দিয়ে আবেদন ট্র্যাক করা যায়।",আবেদন সাফল্যজনক হলে অনন্য এনআইডি নম্বর ও পাসপোর্ট সাইজের ছবি প্রিন্ট হয় এবং সময়মতো প্রস্তুত থাকা উচিত।,False,0.0,0.47126436781609193,0.1935483870967742,0.1935483870967742,0.0,0.1935483870967742,0.6902436,0.7630279,0.7248131
nid_195,nid,NID সত্যায়ন আবেদন কোথায় ট্র্যাক করা যায়?,সেবা ব্যবস্থাপনা অপশন থেকে ট্র্যাকিং নম্বর ব্যবহার করে আবেদন ট্র্যাক করা যায়।,NID সত্যায়ন আবেদনের অগ্রগতি ও অবস্থা সংশ্লিষ্ট উপজেলা/থানা নির্বাচন অফিসের ওয়েবসাইটে পাওয়া যায়।,False,0.0,0.38857142857142857,0.07692307692307691,0.07692307692307691,0.0,0.07692307692307691,0.71283156,0.7076962,0.71025467
nid_205,nid,ভোটার এলাকা পরিবর্তন করা যায় কি?,"হ্যাঁ, প্রয়োজনীয় আবেদন ও যাচাই প্রক্রিয়ার মাধ্যমে ভোটার এলাকা পরিবর্তন করা যেতে পারে।",ভোটার এলাকা পরিবর্তনের জন্য উপজেলা/থানা নির্বাচন অফিসে আবেদন করতে হয়। সাধারণত স্থায়ী ঠিকানা অনুযায়ী এলাকা হলে সেই এলাকায় ভোটার নিবন্ধন করা হয়।,False,0.0,0.46511627906976744,0.2222222222222222,0.2222222222222222,0.05882352941176471,0.16666666666666669,0.7492715,0.7714218,0.7601853
nid_206,nid,নির্বাচন কমিশনের অফিসিয়াল ওয়েবসাইট কী?,বাংলাদেশ নির্বাচন কমিশনের অফিসিয়াল ওয়েবসাইট হলো https://ecs.gov.bd,সরকারি সেবা সম্পর্কিত প্রধান ওয়েবসাইট হলো https://ec.gov.bd/।,False,0.0,0.6451612903225806,0.5,0.5,0.3333333333333333,0.5,0.80406433,0.8032731,0.8036685
nid_208,nid,স্মার্ট এনআইডি কার্ড বিতরণ শুরু হলে নাগরিকদের কীভাবে জানানো হয়?,"স্মার্ট এনআইডি কার্ড বিতরণ শুরু হলে সংশ্লিষ্ট নির্বাচন অফিস এসএমএস, স্থানীয় ঘোষণা বা মাইকিংয়ের মাধ্যমে নাগরিকদের অবহিত করে।",স্মার্ট এনআইডি কার্ড বিতরণের প্রধান উদ্দেশ্য হলো অনলাইন পরিষেবার জন্য প্রস্তুত করা ডিজিটাল পাসপোর্ট পোর্টালের সাথে সহজে যোগাযোগ করা যায়।,False,0.0,0.47843137254901963,0.15789473684210525,0.15789473684210525,0.1111111111111111,0.15789473684210525,0.7373455,0.75533575,0.7462322
nid_211,nid,পুরাতন এনআইডি কার্ড না থাকলে স্মার্ট এনআইডি কার্ড গ্রহণের জন্য কী নেওয়া যেতে পারে?,পুরাতন এনআইডি কার্ডের মূল কপি না থাকলে তার ফটোকপি নিয়ে স্মার্ট এনআইডি কার্ড গ্রহণ করা যায়।,"পুরাতন এনআইডি কার্ড না থাকলে অন্যান্য পরিচয়পত্র যেমন জন্ম সনদ, পাসপোর্ট, পাসপোর্ট সাইজ ছবি, এনআইডি অ্যাপয়েন্টমেন্ট স্লিপ বা স্মার্ট এনআইডি স্লিপ ব্যবহার করা যেতে পারে।",False,0.0,0.6451612903225806,0.39024390243902435,0.39024390243902435,0.2051282051282051,0.34146341463414637,0.7675632,0.85702693,0.8098318
nid_212,nid,নিবন্ধন স্লিপ দিয়ে কি স্মার্ট এনআইডি কার্ড সংগ্রহ করা যায়?,হ্যাঁ। নতুন ভোটারের নিবন্ধন স্লিপ থাকলে অনলাইনে স্মার্ট কার্ডের স্ট্যাটাস যাচাই করে সেই স্লিপের মাধ্যমে স্মার্ট এনআইডি কার্ড সংগ্রহ করা যায়।,"হ্যাঁ, নিবন্ধন স্লিপ দিয়ে স্মার্ট এনআইডি কার্ড সংগ্রহ করা যায়।",False,0.0,0.9491525423728814,0.5806451612903225,0.5806451612903225,0.41379310344827586,0.5806451612903225,0.894397,0.8148099,0.85275054
nid_214,nid,নতুন ভোটার আইডি অনলাইনে যাচাই করার সময় ভোটার স্লিপের ফর্ম নম্বর কীভাবে লিখতে হয়?,Claim Account-এর মাধ্যমে নতুন ভোটার আইডি যাচাই করার সময় ভোটার স্লিপের ফর্ম নম্বরের আগে 'NIDFN' যোগ করে লিখতে হয়।,ভোটার স্লিপের ফর্ম নম্বর সাধারণত ছবি অংশে দেওয়া থাকে।,False,0.0,0.5070422535211268,0.20689655172413793,0.20689655172413793,0.14814814814814814,0.20689655172413793,0.81031305,0.7286047,0.7672897
nid_216,nid,এনআইডি অনলাইন অ্যাকাউন্টে প্রবেশের আগে বর্তমান ও স্থায়ী ঠিকানা কেন নির্বাচন করতে হয়?,আবেদনকারীর পরিচয় যাচাইয়ের জন্য নিবন্ধনের সময় দেওয়া বর্তমান ও স্থায়ী ঠিকানার তথ্য নির্বাচন করতে হয়।,এনআইডি অনলাইন অ্যাকাউন্টে প্রবেশের আগে বর্তমান ও স্থায়ী ঠিকানা নির্বাচন করতে হয় কারণ এটি আবেদন প্রক্রিয়ায় গুরুত্বপূর্ণ। ঠিকানার ভুল হলে আবেদন বাতিল বা ফি পুনর্বিতরণ হতে পারে।,False,0.0,0.589041095890411,0.33333333333333337,0.33333333333333337,0.2,0.2857142857142857,0.7436957,0.8019469,0.77172357
nid_218,nid,পুরাতন ভোটারদের সার্ভার ভেরিফাইড কপি কীভাবে পাওয়া যায়?,পুরাতন এনআইডি নম্বর ও জন্মতারিখসহ স্থানীয় উপজেলা নির্বাচন অফিসে যোগাযোগ করলে সার্ভার যাচাইকৃত কপি (Server Verified Copy) সংগ্রহ করা যায়।,পুরোনো ভোটার তালিকা অনুযায়ী নির্ধারিত বায়োমেট্রিক তথ্য ও ছবি আপলোড করে সার্ভার ভেরিফাইড কপি পাওয়া যায়।,False,0.0,0.45,0.22222222222222224,0.22222222222222224,0.0,0.22222222222222224,0.7319776,0.6932268,0.7120754
nid_227,nid,এনআইডিতে নিজের নাম পরিবর্তনের আবেদন করলে কি ব্যক্তিগত শুনানিতে উপস্থিত হতে হয়?,হ্যাঁ। নিজের নাম পরিবর্তনের আবেদনের ক্ষেত্রে মূল কাগজপত্রসহ ব্যক্তিগত শুনানিতে উপস্থিত হতে হতে পারে।,"হ্যাঁ, প্রমাণপত্র জমা দেওয়ার সময় ব্যক্তিগত উপস্থিতি প্রয়োজন।",False,0.0,0.5032258064516129,0.18181818181818182,0.18181818181818182,0.0,0.18181818181818182,0.8056418,0.76668185,0.7856791
nid_230,nid,জীবিত ব্যক্তিকে ভুলক্রমে মৃত হিসেবে উল্লেখ করা হলে এনআইডি কীভাবে সংশোধন করা যায়?,"জীবিত পিতা, মাতা বা স্বামীকে ভুলক্রমে 'মৃত' হিসেবে উল্লেখ করা হলে সংশ্লিষ্ট ব্যক্তির জাতীয় পরিচয়পত্রের কপি জমা দিয়ে সংশোধনের আবেদন করতে হয়।","জীবিত ব্যক্তির মৃত্যু নিবন্ধন তথ্য সংশোধনের জন্য BDRIS পোর্টালের মৃত্যু নিবন্ধন তথ্য সংশোধন আবেদন অপশন ব্যবহার করতে হয়। মৃত্যু নিবন্ধন নম্বর ও মৃত্যু নিবন্ধন সনদের সংশ্লিষ্ট কপি, সংশোধনের কারণ, প্রমাণপত্র এবং আবেদনকারীর তথ্য দিয়ে আবেদন জমা দিতে হয়।",False,0.0,0.6169154228855721,0.3333333333333333,0.3333333333333333,0.034482758620689655,0.19999999999999998,0.73806304,0.75412804,0.74600905
nid_232,nid,ডুপ্লিকেট এনআইডি নির্ধারিত সময়ে সংগ্রহ না করলে কী হতে পারে?,বিতরণের জন্য নির্ধারিত তারিখের ৭ দিনের মধ্যে ডুপ্লিকেট পরিচয়পত্র সংগ্রহ না করলে প্রশাসনিক জটিলতা সৃষ্টি হতে পারে।,ডুপ্লিকেট এনআইডি নির্ধারিত সময়ে সংগ্রহ না করলে অফিসিয়াল কাজে ব্যবহার করা কঠিন হতে পারে।,False,0.0,0.6564885496183206,0.45161290322580644,0.45161290322580644,0.20689655172413793,0.3870967741935484,0.828711,0.8044143,0.8163819
nid_233,nid,"এনআইডিতে নামের আগে পদবী, উপাধি বা খেতাব যুক্ত করা যায় কি?","না। জাতীয় পরিচয়পত্রে কোনো নামের পূর্বে পদবী, উপাধি বা খেতাব সংযুক্ত করা যায় না।","না। এনআইডি অনলাইন অ্যাপ্লিকেশনে নাম সংশোধনের সময় পদবী, উপাধি বা খেতাব যুক্ত করা যায় না।",False,0.0,0.5911949685534591,0.5517241379310344,0.5517241379310344,0.3703703703703704,0.5517241379310344,0.8222632,0.88009256,0.8501956
nid_235,nid,এনআইডির সঙ্গে যুক্ত হারিয়ে যাওয়া সিম পুনরায় তুললে কি মোবাইল নম্বর পরিবর্তন করতে হয়?,না। হারিয়ে যাওয়া সিম একই নম্বরে রিপ্লেসমেন্ট নিলে আগের নম্বরেই OTP গ্রহণ করা যায় এবং মোবাইল নম্বর পরিবর্তনের প্রয়োজন হয় না।,"হ্যাঁ, পুনরায় তুললে মোবাইল নম্বর পরিবর্তন করতে হবে।",False,0.0,0.4624277456647399,0.13793103448275862,0.13793103448275862,0.07407407407407408,0.13793103448275862,0.7952889,0.7442396,0.76891786
nid_238,nid,পুরোনো মোবাইল নম্বর ব্যবহার করা সম্ভব না হলে কী করতে হবে?,পুরোনো নম্বর ব্যবহার করা সম্ভব না হলে NID Application Services পোর্টালে নতুন মোবাইল নম্বর যুক্ত করতে বা নির্বাচন অফিসের মাধ্যমে নম্বর পরিবর্তনের আবেদন করতে হয়।,একটি নতুন মোবাইল নম্বর বা ই-মেইল ব্যবহার করে একটি নতুন অ্যাকাউন্ট তৈরি করতে হবে।,False,0.0,0.6470588235294117,0.3,0.3,0.10526315789473685,0.25,0.7935507,0.7159787,0.7527716
nid_241,nid,মোবাইল নম্বর পরিবর্তনের সময় NID Wallet অ্যাপ কেন ব্যবহার করতে হয়?,ব্যবহারকারীর পরিচয় নিশ্চিত করার জন্য NID Wallet অ্যাপের মাধ্যমে লাইভ ফেস ভেরিফিকেশন সম্পন্ন করতে হয়।,NID Wallet অ্যাপ ব্যবহার করে মোবাইল নম্বর পরিবর্তনের জন্য OTP পাওয়া যায় এবং সেটি সার্ভারে পাঠানো হয়।,False,0.0,0.5615763546798029,0.25,0.25,0.06666666666666667,0.18750000000000003,0.7753668,0.77232,0.7738403
nid_249,nid,১৭ ডিজিটের এনআইডি নম্বরের শেষ ছয়টি সংখ্যা কী নির্দেশ করে?,শেষ ছয়টি সংখ্যা ভোটার নিবন্ধনের সময় ব্যবহৃত ফর্ম বা ভোটার সিরিয়ালের শেষ ছয়টি সংখ্যা নির্দেশ করে।,শেষ ছয়টি সংখ্যা ব্যক্তির জন্ম তারিখ নির্দেশ করে।,False,0.0,0.736842105263158,0.4166666666666667,0.4166666666666667,0.27272727272727276,0.4166666666666667,0.83224756,0.7527079,0.7904819
nid_256,nid,এনআইডি নম্বর সঠিক হলে অনলাইনে কী তথ্য দেখা যায়?,"এনআইডি নম্বর সঠিক হলে ভোটারের নাম, ভোটার সিরিয়াল নম্বর, ১০ ডিজিটের NID নম্বর, ১৭ ডিজিটের PIN নম্বর এবং ভোটার এলাকার তথ্য দেখা যায়।","অনলাইনে এনআইডি যাচাই করলে নিবন্ধিত ব্যক্তির নাম, জন্মতারিখ, লিঙ্গ, জাতীয়তা, নিকটবর্তী উপজেলা/থানা/সিলেট জেলা নির্বাচন অফিসের ঠিকানা, মোবাইল নম্বর এবং পাসপোর্ট নম্বর দেখা যায়।",False,0.0,0.4761904761904762,0.2916666666666667,0.2916666666666667,0.08695652173913043,0.24999999999999994,0.7267422,0.7633642,0.7446032
nid_269,nid,চাকরিজীবী হলে এনআইডিতে পেশা পরিবর্তনের জন্য কী কাগজপত্র জমা দেওয়া যায়?,"নিয়োগপত্র, অফিস আইডি কার্ড অথবা প্রতিষ্ঠানের প্রত্যয়নপত্র জমা দেওয়া যায়।",চাকরিজীবী হলে সাধারণত কোম্পানির পাসপোর্ট সাইজের ছবি বা কোম্পানি সার্টিফিকেট জমা দিতে হয়।,False,0.0,0.35802469135802467,0.08695652173913043,0.08695652173913043,0.0,0.08695652173913043,0.7187768,0.74530977,0.73180294
nid_278,nid,এনআইডি নবায়নের আবেদন কীভাবে করা যায়?,নির্ধারিত ফর্ম পূরণ করে সরাসরি নির্বাচন অফিসে অথবা নির্বাচন কমিশনের অনলাইন সেবার মাধ্যমে আবেদন করা যায়।,অনলাইনে আবেদন করতে ই-পাসপোর্ট পোর্টালের এনআইডি রিনযুক্ত অপশন ব্যবহার করতে হয়। এই অপশন থেকে আবেদনকারী তার এনআইডি নম্বর ও পূর্ণ নাম দিয়ে আবেদন করতে পারেন। আবেদন শেষে চাহিত ডকুমেন্টসহ আবেদনকারীর তথ্য প্রত্যয়ন করে আবেদন জমা দিতে হয়।,False,0.0,0.4301075268817204,0.07407407407407407,0.07407407407407407,0.0,0.07407407407407407,0.70739305,0.72241485,0.7148251
nid_279,nid,এনআইডি নবায়নের সময় কি ফি পরিশোধ করতে হয়?,হ্যাঁ। এনআইডি নবায়নের জন্য নির্ধারিত ফি পরিশোধ করতে হয়।,অনলাইনে এনআইডি নবায়নের ক্ষেত্রে ফি লাগে না।,False,0.0,0.5901639344262295,0.375,0.375,0.14285714285714288,0.375,0.8456293,0.80356014,0.8240581
nid_281,nid,সাধারণ এনআইডি নবায়নের আবেদন কোথায় জমা দিতে হয়?,সাধারণ নবায়নের আবেদন সংশ্লিষ্ট স্থানীয় নির্বাচন অফিসে জমা দিতে হয়।,সাধারণ এনআইডি নবায়নের জন্য সংশ্লিষ্ট উপজেলা বা থানা নির্বাচন অফিসে আবেদন করতে হয়।,False,0.0,0.847457627118644,0.608695652173913,0.608695652173913,0.09523809523809525,0.5217391304347826,0.82782036,0.8707823,0.848758
nid_286,nid,বাংলাদেশ নির্বাচন কমিশনের NID কল সেন্টারের নম্বর কত?,বাংলাদেশ নির্বাচন কমিশনের জাতীয় পরিচয়পত্র (NID) কল সেন্টারের নম্বর ১০৫।,বাংলাদেশ নির্বাচন কমিশনের NID কল সেন্টারের নম্বর ১৬১৫২।,False,0.0,0.9411764705882354,0.7777777777777777,0.7777777777777777,0.6250000000000001,0.7777777777777777,0.93410903,0.8870828,0.9099888
nid_289,nid,কুমিল্লা আঞ্চলিক নির্বাচন অফিসের যোগাযোগ নম্বর কত?,কুমিল্লা আঞ্চলিক নির্বাচন অফিসের যোগাযোগ নম্বর: 081-74291।,কুমিল্লা আঞ্চলিক নির্বাচন অফিসের যোগাযোগ নম্বর: 0821-752-৫৫৫।,False,0.0,0.9217391304347826,0.7058823529411765,0.7058823529411765,0.6666666666666666,0.7058823529411765,0.94574416,0.968262,0.9568706
nid_300,nid,ভোটার নিবন্ধনের সময় আবেদনকারীকে কী দেওয়া হয়?,ভোটার নিবন্ধন ফরম পূরণের পর আবেদনকারীকে নির্ধারিত দিনে ছবি ও বায়োমেট্রিক তথ্য প্রদানের জন্য একটি স্লিপ দেওয়া হয়।,ভোটার নিবন্ধনের সময় আবেদনকারীর ছবি এবং প্রয়োজনীয় প্রমাণপত্র জমা দিতে হয়।,False,0.0,0.5714285714285715,0.20689655172413793,0.20689655172413793,0.0,0.20689655172413793,0.8432734,0.8030944,0.82269365
nid_304,nid,একই ব্যক্তি একাধিকবার ভোটার নিবন্ধন করলে কীভাবে শনাক্ত করা হয়?,বায়োমেট্রিক মিলিয়ে একাধিক নিবন্ধন শনাক্ত করে তা বাতিল করা হয়।,একই ব্যক্তির এনআইডি বা জন্ম নিবন্ধন নম্বর একাধিকবার ব্যবহার করা উচিত নয়। এমআরপি সিস্টেম একই তথ্য দিলে সম্ভাব্য প্রভাব ও পরিণতি দেখায়।,False,0.0,0.44791666666666663,0.12500000000000003,0.12500000000000003,0.0,0.12500000000000003,0.6910404,0.7444239,0.7167395
nid_307,nid,যোগ্য হওয়া সত্ত্বেও ভোটার তালিকায় নাম না থাকলে কোথায় আবেদন করতে হয়?,যোগ্য ব্যক্তি ভোটার তালিকায় নাম না থাকলে নির্ধারিত ফরমে জেলা নির্বাচন কর্মকর্তার কাছে আবেদন করতে পারেন।,এই ক্ষেত্রে উপজেলা/থানা নির্বাচন অফিসে আবেদন করতে হয়।,False,0.0,0.5277777777777778,0.24000000000000005,0.24000000000000005,0.08695652173913045,0.24000000000000005,0.82220256,0.73851156,0.7781132
tin_098,tin,টিআইএন ব্যবহারকারী আইডি বা পাসওয়ার্ড ভুলে গেলে কী করতে হবে?,incometax.gov.bd পোর্টালে নিবন্ধিত মোবাইল নম্বর বা ই-মেইল ব্যবহার করে ‘ফরগট পাসওয়ার্ড’ বা রিকভারি অপশন ব্যবহার করতে হবে।,পাসওয়ার্ড ভুলে গেলে অ্যাকাউন্ট পুনরুদ্ধার পেইজে গিয়ে 'ফরগট পাসওয়ার্ড' অপশন ব্যবহার করে প্রয়োজনীয় তথ্য দিয়ে পাসওয়ার্ড পুনরুদ্ধার করা যায়।,False,0.0,0.5023255813953488,0.25641025641025644,0.25641025641025644,0.16216216216216214,0.20512820512820512,0.7614564,0.71340966,0.73665047
tin_215,tin,কোম্পানি কি আমদানি ও রপ্তানি কার্যক্রমের জন্য টিআইএন ব্যবহার করতে পারে?,"হ্যাঁ, আমদানি ও রপ্তানি কার্যক্রমের জন্য টিআইএন প্রয়োজন হয়।","হ্যাঁ, কোম্পানি আমদানি ও রপ্তানি কার্যক্রমের জন্য টিআইএন ব্যবহার করতে পারে।",False,0.0,0.8761904761904762,0.7000000000000001,0.7000000000000001,0.5555555555555556,0.7000000000000001,0.89387125,0.9178956,0.90572417
tin_226,tin,বর্তমান অফিসিয়াল গাইডে টিআইএন আবেদনের সুপারিশকৃত পদ্ধতি কী?,নিবেদিত ই-টিআইএন পোর্টালের মাধ্যমে সম্পূর্ণ অনলাইনে আবেদন করা সুপারিশ করা হয়েছে।,"সুপারিশকৃত পদ্ধতি হলো: প্রথমে ই-টিআইএন পোর্টাল incometax.gov.bd-এ যাওয়া, অনলাইন আবেদন করা, নির্ধারিত ফি পরিশোধ করা, এবং আবেদন সম্পন্ন করা।",False,0.0,0.5918367346938775,0.2857142857142857,0.2857142857142857,0.12121212121212123,0.2857142857142857,0.7538916,0.8247572,0.78773385
tin_087,tin,বাংলাদেশি ও বিদেশি মালিকানাধীন কোম্পানির টিআইএন প্রক্রিয়া কি একই?,"অনলাইন প্রক্রিয়া মূলত একই, তবে বিদেশি কোম্পানিকে শাখা বা লিয়াজোঁ অফিস নিবন্ধনের মতো অতিরিক্ত দলিল দিতে হতে পারে।","হ্যাঁ, বাংলাদেশি ও বিদেশি উভয় কোম্পানির টিআইএন প্রক্রিয়া একই।",False,0.0,0.5121951219512195,0.2222222222222222,0.2222222222222222,0.0,0.14814814814814814,0.79066426,0.72965395,0.7589349
tin_214,tin,টিআইএন ইস্যুর সময় এনবিআরের প্রধান লক্ষ্য কী?,"কর আইন কার্যকরভাবে পরিচালনা, পরিপালন পর্যবেক্ষণ এবং স্বচ্ছতা নিশ্চিত করা এনবিআরের প্রধান লক্ষ্য।",টিআইএন ইস্যুর সময় এনবিআর ব্যবস্থাপনা ও পরিচালনার সম্পূর্ণ স্বায়ত্ত্বিকতা নিশ্চিত করা।,False,0.0,0.5444444444444444,0.16666666666666669,0.16666666666666669,0.0909090909090909,0.16666666666666669,0.7754046,0.77630115,0.7758526
tin_040,tin,টিআইএন নিবন্ধনে পেশাদার সহায়তার জন্য কার সঙ্গে যোগাযোগ করা যায়?,"পেশাদার সহায়তার জন্য হাবিব মোরশেদ (+8801678148367, morshed@ogrlegal.com) অথবা সাজ্জাদ হোসেন (+8801682571960, Sazzad@ogrlegal.com)-এর সঙ্গে যোগাযোগ করা যায়।",পেশাদার সহায়তার জন্য সংশ্লিষ্ট অফিসের সহায়তা নম্বর ১৬১৫২-এ যোগাযোগ করা যায়।,False,0.0,0.6608695652173913,0.36363636363636365,0.36363636363636365,0.25806451612903225,0.36363636363636365,0.7865939,0.62989616,0.69957775
tin_197,tin,এফএম অ্যাসোসিয়েটস গাইডে ই-টিআইএনের প্রধান সুবিধা কী বলা হয়েছে?,"প্রক্রিয়াটি সহজ, ঝামেলামুক্ত ও ডিজিটাল হওয়ায় সময় বাঁচে এবং ঝামেলা কমে।","এফএম অ্যাসোসিয়েটস গাইডে ই-টিআইএনের প্রধান সুবিধা হিসেবে দ্রুত প্রক্রিয়া, কোনো কাগজপত্র লাগে না, অনলাইন থেকে আবেদন করা যায়, বায়োমেট্রিক তথ্য সংরক্ষণ করা হয়, একটি ই-টিআইএন ব্যবহার করে বিভিন্ন সরকারি সেবা সম্পাদন করা যায় এবং সঞ্চালন সহজ বলা হয়েছে।",False,0.0,0.3234323432343234,0.07843137254901962,0.07843137254901962,0.0,0.03921568627450981,0.6484306,0.70766634,0.6767547
tin_088,tin,সরকারি দরপত্রে টিআইএন থাকার একটি প্রধান সুবিধা কী?,বাংলাদেশে সরকারি দরপত্র বা ক্রয় প্রক্রিয়ায় অংশগ্রহণের জন্য বৈধ টিআইএন বাধ্যতামূলক।,"সরকারি দরপত্রে টিআইএন অবশ্যই লাগে, কারণ এটি আইডেন্টিফিকেশন নম্বর হিসেবে ব্যবহৃত হয়।",False,0.0,0.5060240963855421,0.17391304347826086,0.17391304347826086,0.0,0.17391304347826086,0.7319809,0.73901916,0.73548317
tin_219,tin,এফএম অ্যাসোসিয়েটস গাইডে ডিজিটালাইজেশনের প্রধান সুবিধা কী বলা হয়েছে?,ডিজিটালাইজেশনের ফলে অনেক ঝামেলা ও সময় সাশ্রয় হয়েছে।,"ডিজিটালাইজেশন করলে কাগজবিহীন সেবা, দ্রুত প্রক্রিয়া, কাগজসংগ্রহ কম, তথ্য সংরক্ষণ সহজ এবং সময় ও অর্থ সাশ্রয়ী হওয়ার কথা বলা হয়েছে।",False,0.0,0.4972375690607735,0.21428571428571425,0.21428571428571425,0.0,0.14285714285714288,0.72002864,0.84136814,0.7759836
tin_182,tin,অফিসিয়াল গাইডে এনবিআরের কয়টি যোগাযোগ ই-মেইল দেওয়া আছে?,অফিসিয়াল গাইডে তিনটি ফিডব্যাক ই-মেইল দেওয়া আছে।,"অফিসিয়াল গাইডে চারটি ই-মেইল উল্লেখ আছে: incometax@nbr.gov.bd, taxpolicy@nbr.gov.bd, custometax@nbr.gov.bd এবং vat@nbr.gov.bd।",False,0.0,0.7027027027027027,0.3125,0.3125,0.13333333333333333,0.3125,0.6354899,0.856607,0.72966456
tin_041,tin,ফ্লোচার্টে চূড়ান্ত আবেদন জমা দেওয়ার ঠিক আগের ধাপ কী?,চূড়ান্ত আবেদন জমা দেওয়ার ঠিক আগের ধাপ হলো আবেদন সারাংশ পর্যালোচনা করা।,চূড়ান্ত আবেদন জমা দেওয়ার ঠিক আগে অনলাইন আবেদন পোর্টালে প্রয়োজনীয় তথ্য যাচাই করা হয়।,False,0.0,0.7123287671232876,0.5384615384615384,0.5384615384615384,0.33333333333333337,0.5384615384615384,0.8062218,0.8441397,0.8247451
tin_002,tin,বাংলাদেশে কোন কর্তৃপক্ষ টিআইএন সার্টিফিকেট ইস্যু করে?,বাংলাদেশে টিআইএন ইস্যু ও পরিচালনার একমাত্র সরকারি কর্তৃপক্ষ হলো জাতীয় রাজস্ব বোর্ড বা এনবিআর। সাধারণত incometax.gov.bd ই-টিআইএন পোর্টালের মাধ্যমে এই প্রক্রিয়া সম্পন্ন হয়।,বাংলাদেশে টিআইএন সার্টিফিকেট ইস্যু ও পরিচালনা করে নির্বাচন কমিশন।,False,0.0,0.5454545454545454,0.2285714285714286,0.2285714285714286,0.12121212121212122,0.2285714285714286,0.77826756,0.7104578,0.7428183
tin_072,tin,প্রথম চেষ্টায় ভুল হলে কতবার রেজিস্ট্রেশন চেষ্টা করা যায়?,সফলভাবে সম্পন্ন না হওয়া পর্যন্ত প্রয়োজন অনুযায়ী রেজিস্ট্রেশন প্রক্রিয়া পুনরায় শুরু করা যায়।,প্রথম চেষ্টায় সাফল্য না হলে অনেকবার চেষ্টা করা যায়। তবে প্রতি বার পাসপোর্ট নম্বর ও ডেলিভারি স্লিপ নম্বর ভিন্ন হতে হবে।,False,0.0,0.4615384615384615,0.17647058823529413,0.17647058823529413,0.0625,0.17647058823529413,0.7011833,0.7090755,0.70510733
tin_152,tin,কোন ফ্লোচার্ট ছবিতে বিস্তারিত অনলাইন আবেদন ফরম পূরণ থেকে টিআইএন সার্টিফিকেট ডাউনলোড বা প্রিন্ট পর্যন্ত ধাপ দেখানো হয়েছে?,TIN_2.png ফ্লোচার্টে এই ধাপগুলো দেখানো হয়েছে।,"অনলাইন আবেদন ফরম পূরণ থেকে টিআইএন সার্টিফিকেট ডাউনলোড বা প্রিন্ট পর্যন্ত ধাপ দেখানো হয়েছে ফ্লোচার্টের অংশ হলো: অনলাইন আবেদন পূরণ, আবেদন জমা, প্রক্রিয়া অগ্রগতি দেখা, সার্টিফিকেট ডাউনলোড বা প্রিন্ট।",False,0.0,0.4482758620689655,0.1081081081081081,0.1081081081081081,0.05714285714285715,0.1081081081081081,0.6230137,0.7609247,0.68509775
tin_115,tin,টিআইএন সহায়তার প্রথম যোগাযোগ ব্যক্তির ফোন নম্বর কী?,প্রথম যোগাযোগ ব্যক্তি হাবিব মোরশেদের ফোন নম্বর হলো +8801678148367।,টিআইএন সহায়তার প্রথম যোগাযোগ ব্যক্তির ফোন নম্বর +8801678-027620।,False,0.0,0.6771653543307088,0.4444444444444444,0.4444444444444444,0.25,0.4444444444444444,0.8352298,0.83290297,0.8340648
tin_057,tin,টিআইএন সহায়তার জন্য কতজন যোগাযোগ ব্যক্তির নাম দেওয়া আছে?,টিআইএন সহায়তার জন্য দুইজনের নাম দেওয়া আছে: হাবিব মোরশেদ ও সাজ্জাদ হোসেন।,"চারজন যোগাযোগ ব্যক্তির নাম দেওয়া আছে: মোহাম্মদ মনিরুজ্জামান, মোহাম্মদ শামসুজ্জoha, মোহাম্মদ শাহনাজ ও মোহাম্মদ শাহাব উদ্দিন।",False,0.0,0.5212121212121212,0.28571428571428575,0.28571428571428575,0.15384615384615383,0.28571428571428575,0.7384228,0.7568178,0.74750715
tin_108,tin,বিদেশি বিনিয়োগকারীদের জন্যও কি টিআইএন প্রক্রিয়া বিনামূল্যে?,"হ্যাঁ। কোম্পানি দেশীয় বা বিদেশি মালিকানাধীন যাই হোক, টিআইএন নেওয়ার জন্য কোনো সরকারি ফি নেই।",বিদেশি ব্যক্তি বা কোম্পানির জন্য অনলাইন আবেদন করলে ফি লাগে না।,False,0.0,0.5165562913907285,0.30769230769230765,0.30769230769230765,0.0,0.23076923076923075,0.77032524,0.7365301,0.7530487
tin_222,tin,অফিসিয়াল গাইডের দ্বিতীয় যোগাযোগ ব্যক্তির সঠিক ফোন নম্বর কী?,দ্বিতীয় যোগাযোগ ব্যক্তি সাজ্জাদ হোসেনের ফোন নম্বর +8801682571960।,অফিসিয়াল গাইডে দ্বিতীয় যোগাযোগ ব্যক্তির ফোন নম্বর হলো ০১৭৫৫-৫২১৩৪২।,False,0.0,0.6363636363636364,0.4444444444444445,0.4444444444444445,0.25,0.4444444444444445,0.79226846,0.7976703,0.7949602
tin_183,tin,হাবিব মোরশেদের সঠিক ফোন নম্বর কী?,হাবিব মোরশেদের ফোন নম্বর +8801678148367।,হাবিব মোরশেদের ফোন নম্বর +8801678-0170000।,False,0.0,0.8205128205128205,0.7272727272727272,0.7272727272727272,0.6666666666666665,0.7272727272727272,0.9399968,0.9431649,0.94157815
tin_169,tin,তিনটি ছবিতে মোট কয়টি ফ্লোচার্ট দেওয়া হয়েছে?,"মোট তিনটি আলাদা ফ্লোচার্ট দেওয়া হয়েছে, যা প্রক্রিয়ার ভিন্ন অংশ দেখায়।",তিনটি ছবিতে মোট ছয়টি ফ্লোচার্ট দেখানো হয়েছে।,False,0.0,0.732394366197183,0.4444444444444444,0.4444444444444444,0.0,0.33333333333333326,0.8303689,0.7633628,0.7954573
tin_187,tin,দুই উৎস অনুযায়ী কোম্পানি কি টিআইএন ছাড়া পরিচালনা করা যায়?,"না। কোম্পানি, শাখা অফিস এবং লিয়াজোঁ অফিসসহ সব ব্যবসায়িক প্রতিষ্ঠানের জন্য টিআইএন বাধ্যতামূলক।","হ্যাঁ, কোম্পানি টিআইএন ছাড়াই কার্যপরিচালনা করতে পারে, কিন্তু এটি বেআইনি এবং বেআইনি কার্যক্রিয়া জরিমানা, ব্যবসার ঝুঁকি এবং সরকারি সেবা গ্রহণে সমস্যা হতে পারে।",False,0.0,0.4588744588744589,0.16666666666666669,0.16666666666666669,0.0,0.1111111111111111,0.71403325,0.739141,0.7263702
tin_051,tin,কোম্পানির টিআইএন কি পরিচালকদের ব্যক্তিগত করের জন্য ব্যবহার করা যায়?,না। কোম্পানির টিআইএন কর্পোরেট কর পরিপালনের জন্য। পরিচালকদের ব্যক্তিগত আয়করের জন্য আলাদা ব্যক্তিগত টিআইএন লাগতে পারে।,"হ্যাঁ, কোম্পানির টিআইএন পরিচালকদের ব্যক্তিগত কর রিটার্নেও ব্যবহার করা যায়।",False,0.0,0.7079646017699115,0.38461538461538464,0.38461538461538464,0.16666666666666669,0.3076923076923077,0.81850106,0.805208,0.8118001
tin_145,tin,এফএম অ্যাসোসিয়েটস অনুযায়ী ই-টিআইএন পাওয়ার প্রথম ধাপ কী?,প্রথম ধাপ হলো https://secure.incometax.gov.bd/TINHome ওয়েবসাইটে গিয়ে ব্যবহারকারী আইডি তৈরি করা।,প্রথম ধাপ হলো আপনার কোম্পানির তথ্য ও ব্যবসায়িক লাইসেন্স সংযুক্ত করে আবেদন করা।,False,0.0,0.4069767441860465,0.28571428571428575,0.28571428571428575,0.15384615384615383,0.28571428571428575,0.7294179,0.6728627,0.69999987
tin_234,tin,অফিসিয়াল গাইডে অনলাইন টিআইএনের সঠিক প্রসেসিং সময় কত?,অফিসিয়াল গাইডে অনলাইন টিআইএনের প্রসেসিং সময় ১৫ থেকে ২০ মিনিট বলা হয়েছে।,অফিসিয়াল গাইড অনুযায়ী অনলাইন টিআইএনের প্রসেসিং সময় প্রায় ১৫ থেকে ২০ মিনিট।,False,0.0,0.8682170542635659,0.75,0.75,0.5454545454545454,0.75,0.95050544,0.9408912,0.9456739
tin_156,tin,এফএম অ্যাসোসিয়েটস অনুযায়ী ব্যক্তিগত অনলাইন আবেদন শুরু করার আগে কী কী লাগে?,"আবেদনকারীর ঠিকানা, ফোন নম্বর, জাতীয় পরিচয়পত্র বা পাসপোর্টের কপি এবং ব্যক্তিগত তথ্য দরকার হয়।",প্রথমে আপনার মোবাইল নম্বর নির্বাচন করতে হবে এবং এসএমএস কোড পাঠানো হবে। সেই কোডটি অ্যাপে প্রয়োজনীয় সময়ে দিয়ে আবেদন শুরু করা যায়।,False,0.0,0.4403669724770642,0.1111111111111111,0.1111111111111111,0.0,0.1111111111111111,0.697816,0.7271797,0.71219534
tin_130,tin,ম্যানুয়াল টিআইএন আবেদনে আবেদনকারী কোম্পানি হলে কোন ডকুমেন্ট বাধ্যতামূলক?,কোম্পানি হলে কোম্পানি ইনকরপোরেশন সার্টিফিকেট এবং মেমোরেন্ডাম ও আর্টিকেলস অব অ্যাসোসিয়েশনের কপি বাধ্যতামূলক।,ম্যানুয়াল টিআইএন আবেদনে কোম্পানির ক্ষেত্রে বাধ্যতামূলক ডকুমেন্ট হলো: কোম্পানির ইনকরপোরেশন সার্টিফিকেট বা ব্যাংক বা আরজেএসসি থেকে প্রাপ্ত ট্রেড লাইসেন্স অথবা প্রযোজ্য ক্ষেত্রে অন্যান্য নিবন্ধন সংক্রান্ত সনদ।,False,0.0,0.5266903914590748,0.15384615384615388,0.15384615384615388,0.05405405405405406,0.10256410256410257,0.7380103,0.812586,0.7735048
tin_060,tin,সাপ্তাহিক ছুটি বা সরকারি ছুটির দিনে কি টিআইএন আবেদন করা যায়?,হ্যাঁ। অনলাইন পোর্টাল ২৪ ঘণ্টা চালু থাকে এবং অফিস সময়ের বাইরে বা ছুটির দিনেও সার্টিফিকেট তাৎক্ষণিকভাবে তৈরি হতে পারে।,সাধারণত অনলাইনে আবেদন করা যায় এবং প্রক্রিয়া স্বয়ংক্রিয় হয়। তবে প্রয়োজনীয় ডকুমেন্ট প্রস্তুত রাখা উচিত।,False,0.0,0.42342342342342343,0.058823529411764705,0.058823529411764705,0.0,0.058823529411764705,0.7236407,0.7078004,0.71563286
tin_056,tin,এসএমএস অ্যাক্টিভেশন কোড না এলে কী করতে হবে?,"দেওয়া মোবাইল নম্বর সঠিক কিনা যাচাই করতে হবে, কিছু সময় অপেক্ষা করতে হবে অথবা প্রয়োজনে রেজিস্ট্রেশন প্রক্রিয়া আবার শুরু করতে হবে। নম্বরটি সচল ও নেটওয়ার্কযুক্ত হওয়া দরকার।","এসএমএস অ্যাক্টিভেশন কোড না পেলে অ্যাকাউন্ট তৈরি করা সম্ভব নয়। এসএমএস অ্যাক্টিভেশন কোড পেতে ই-মেইলের স্প্যাম ফোল্ডার দেখুন, কোড পাওয়ার সময় পুনরায় চেষ্টা করুন বা নির্বাচন কমিশনের সংশ্লিষ্ট কল সেন্টারে যোগাযোগ করুন।",False,0.0,0.4264264264264264,0.03333333333333333,0.03333333333333333,0.0,0.03333333333333333,0.6633691,0.6843178,0.67368066
tin_024,tin,কোম্পানি ইনকরপোরেশন শেষ হওয়ার আগে কি টিআইএন আবেদন করা যায়?,"না। টিআইএন আবেদনে আরজেএসসি থেকে প্রাপ্ত ইনকরপোরেশন নম্বর ও তারিখ লাগে, তাই আগে কোম্পানি নিবন্ধন সম্পন্ন হতে হবে।","হ্যাঁ, কোম্পানি ইনকরপোরেশন শেষ হওয়ার আগেই টিআইএন আবেদন করা যায়।",False,0.0,0.5842696629213483,0.21428571428571427,0.21428571428571427,0.0,0.07142857142857142,0.8283729,0.7624764,0.7940598
tin_008,tin,টিআইএন সার্টিফিকেট কি নির্দিষ্ট মেয়াদের জন্য নাকি স্থায়ী?,টিআইএন একটি স্থায়ী নম্বর। এটি নিয়মিত বা নির্দিষ্ট সময় পর নবায়ন করতে হয় না।,"টিআইএন সাধারণত স্থায়ী হলেও কোম্পানির ব্যবস্থাপনা পরিবর্তন, ব্যবসায়িক কার্যক্রম বন্ধ বা বিকল্প করা, অথবা কোম্পানির বাংলাদেশি ও বিদেশি উভয় শাখার ব্যবস্থাপনা পরিবর্তনের ক্ষেত্রে পুনরায় আবেদন করতে হতে পারে।",False,0.0,0.4444444444444444,0.19047619047619047,0.19047619047619047,0.0,0.19047619047619047,0.6772843,0.7579839,0.71536547
tin_009,tin,বাংলাদেশে কোম্পানির জন্য টিআইএন সার্টিফিকেটের প্রধান ব্যবহার কী কী?,"কোম্পানির টিআইএন কর্পোরেট ব্যাংক হিসাব খোলা ও পরিচালনা, বার্ষিক আয়কর রিটার্ন দাখিল, বিভিন্ন ব্যবসায়িক লাইসেন্স ও অনুমতি নেওয়া, সরকারি দরপত্রে অংশগ্রহণ এবং আমদানি-রপ্তানি কার্যক্রমে ব্যবহৃত হয়।",বাংলাদেশে কোম্পানির জন্য টিআইএন সার্টিফিকেট কর্পোরেট ইনকরপোরেশনের প্রমাণ হিসেবে ব্যবহৃত হয়।,False,0.0,0.578125,0.2631578947368421,0.2631578947368421,0.05555555555555555,0.2631578947368421,0.803286,0.688484,0.7414676
tin_109,tin,টিআইএন আবেদন সফলভাবে জমা দেওয়ার পর কী করতে হবে?,"সার্টিফিকেট তাৎক্ষণিকভাবে তৈরি হওয়ার জন্য অপেক্ষা করতে হবে, তারপর সেটি ডাউনলোড, প্রিন্ট এবং লগইন তথ্য নিরাপদে সংরক্ষণ করতে হবে।","সফলভাবে আবেদন জমা দেওয়ার পর অনেক সময় একটি অনন্য এনবিআর ই-টিআইএন পেতে হয়, যা ডাউনলোড বা প্রিন্ট করে রাখতে হয়।",False,0.0,0.47747747747747743,0.1,0.1,0.0,0.1,0.7311292,0.74016786,0.73562086
tin_153,tin,TIN_1.png ফ্লোচার্টের প্রথম বাক্সে কী আছে?,প্রথম বাক্সে আছে: এনবিআর ই-টিআইএন পোর্টাল incometax.gov.bd-এ প্রবেশ।,প্রথম বাক্সে অনলাইন টিআইএন পোর্টাল আছে।,False,0.0,0.8985507246376812,0.5555555555555556,0.5555555555555556,0.25000000000000006,0.4444444444444444,0.8290186,0.74690205,0.78582096
tin_023,tin,নতুন নিবন্ধিত কোম্পানির কর পরিপালনের প্রথম কাজ কী হওয়া উচিত?,"নতুন নিবন্ধিত কোম্পানির প্রথম কাজ হওয়া উচিত এনবিআর ই-টিআইএন পোর্টাল থেকে টিআইএন নেওয়া, কারণ ব্যাংক হিসাব খোলা, রিটার্ন দাখিল এবং অন্যান্য লাইসেন্সের আগে এটি মৌলিক প্রয়োজন।",প্রথম কাজ হলো টিআইএন সার্টিফিকেট সংগ্রহ করা।,False,0.0,0.5423728813559322,0.17647058823529413,0.17647058823529413,0.0625,0.17647058823529413,0.74407953,0.6935147,0.71790785
tin_141,tin,ম্যানুয়াল চেকলিস্টে কোন ডকুমেন্টটি কোম্পানির জন্য লাগে কিন্তু প্রোপ্রাইটরশিপের জন্য নয়?,মেমোরেন্ডাম অব অ্যাসোসিয়েশন এবং আর্টিকেলস অব অ্যাসোসিয়েশনের কপি কোম্পানির জন্য লাগে।,"কোম্পানির জন্য ট্রেড লাইসেন্স লাগে, কিন্তু প্রোপ্রাইটরশিপের জন্য নয়।",False,0.0,0.5138888888888888,0.3,0.3,0.11111111111111112,0.3,0.7649711,0.7376374,0.7510556
tin_191,tin,"ম্যানুয়াল চেকলিস্টে কোম্পানির জন্য কিন্তু ব্যক্তির জন্য নয়, এমন ডকুমেন্ট কোনটি?",মেমোরেন্ডাম অব অ্যাসোসিয়েশন এবং আর্টিকেলস অব অ্যাসোসিয়েশনের কপি কোম্পানির জন্য লাগে।,"ম্যানুয়াল চেকলিস্টে কোম্পানির জন্য ই-টিআইএন আবেদনে ট্রেড লাইসেন্স বা গাইড ফি সার্টিফিকেট লাগে, কিন্তু ব্যক্তির জন্য নয়।",False,0.0,0.4489795918367347,0.20689655172413793,0.20689655172413793,0.07407407407407408,0.20689655172413793,0.72707754,0.7556001,0.7410645
tin_233,tin,টিআইএন সার্টিফিকেট পাওয়ার পর সুপারিশকৃত পরবর্তী ধাপ কী?,কর্পোরেট ব্যাংক হিসাব খোলা এবং অন্যান্য ব্যবসায়িক লাইসেন্সের জন্য আবেদন করা।,সুপারিশকৃত পরবর্তী ধাপ হলো কোম্পানির ব্যবস্থাপনা প্রক্রিয়ায় টিআইএন নম্বর ও তারিখ সংরক্ষণ করা।,False,0.0,0.4235294117647059,0.08333333333333334,0.08333333333333334,0.0,0.08333333333333334,0.69618875,0.7212827,0.7085137
tin_176,tin,অফিসিয়াল গাইডে এনবিআরের ঠিকানা কী?,"অফিসিয়াল গাইডে এনবিআরের ঠিকানা সেগুনবাগিচা, ঢাকা-১০০০ বলা হয়েছে।","অফিসিয়াল গাইডে এনবিআরের ঠিকানা দেওয়া হয়েছে: সেগুনবাগিচা, ঢাকা-১০০০।",False,0.0,0.967741935483871,0.8888888888888888,0.8888888888888888,0.625,0.7777777777777778,0.9288928,0.9349048,0.93188906
tin_027,tin,অফিসিয়াল টিআইএন আবেদন ফ্লোচার্টে কয়টি ধাপ দেখানো হয়েছে?,অফিসিয়াল ফ্লোচার্টে পোর্টালে প্রবেশ থেকে কোম্পানির টিআইএন পাওয়া পর্যন্ত মোট ১০টি প্রধান ধাপ দেখানো হয়েছে।,অফিসিয়াল টিআইএন আবেদন ফ্লোচার্টে ছয়টি ধাপ দেখানো হয়েছে।,False,0.0,0.8823529411764706,0.5217391304347827,0.5217391304347827,0.19047619047619047,0.43478260869565216,0.8735372,0.7960667,0.83300465
tin_193,tin,অফিসিয়াল গাইড অনুযায়ী টিআইএনের মেয়াদ কত?,টিআইএন স্থায়ী এবং নির্দিষ্ট সময় পর নবায়নের প্রয়োজন নেই।,"অফিসিয়াল গাইড অনুযায়ী টিআইএন সাধারণত ৫ বছর মেয়াদের হয়, যা পরে পুনরায় আবেদন করে নবায়ন করতে হয়।",False,0.0,0.4736842105263158,0.07692307692307691,0.07692307692307691,0.0,0.07692307692307691,0.72396636,0.75386775,0.73861456
tin_036,tin,টিআইএন পাওয়ার পর কোম্পানির পরবর্তী গুরুত্বপূর্ণ কর পরিপালন ধাপ কী?,টিআইএন পাওয়ার পর বার্ষিক আয়কর রিটার্ন দাখিল করা এবং প্রযোজ্য ক্ষেত্রে ভ্যাট পরিপালন নিশ্চিত করা গুরুত্বপূর্ণ।,প্রতি বছর অফিসিয়াল গাইডেনে দেওয়া নির্ধারিত তারিখে কর রিটার্ন জমা দিতে হয়।,False,0.0,0.4419889502762431,0.07142857142857144,0.07142857142857144,0.0,0.07142857142857144,0.72034967,0.6969584,0.70846105
tin_058,tin,গাইড অনুযায়ী টিআইএন ব্যবস্থার প্রধান উদ্দেশ্য কী?,"জাতীয় রাজস্ব বোর্ডকে কর আইন কার্যকরভাবে পরিচালনা, কর পরিপালন পর্যবেক্ষণ এবং কর্পোরেট আর্থিক কার্যক্রমে স্বচ্ছতা নিশ্চিত করতে সহায়তা করা হলো টিআইএন ব্যবস্থার প্রধান উদ্দেশ্য।","টিআইএন ব্যবস্থার প্রধান উদ্দেশ্য হলো কর পরিপালন, কর আইন ও কর নির্বাচনী আইন সম্পর্কিত সমস্যা, কর আইন পরিষদের আবেদন, কর আইন পরিষদের সিদ্ধান্ত জানানো, কর আইন পরিষদের প্রত্যেক সদস্যের যোগাযোগ তথ্য এবং কর আইন পরিষদের সরকারি সেবা সম্পর্কিত অন্যান্য প্রযোজ্য তথ্য।",False,0.0,0.591304347826087,0.30769230769230765,0.30769230769230765,0.15873015873015875,0.12307692307692307,0.73205084,0.7226392,0.7273146
tin_063,tin,টিআইএন সার্টিফিকেট ডাউনলোডের পর একেবারে শেষ কাজ কী?,ভবিষ্যতে টিআইএন অ্যাকাউন্টে লগইনের জন্য ব্যবহারকারী আইডি ও পাসওয়ার্ড নিরাপদে সংরক্ষণ করা।,শেষ কাজ হলো প্রিন্ট করা।,False,0.0,0.2857142857142857,0.11764705882352941,0.11764705882352941,0.0,0.11764705882352941,0.75289404,0.66763985,0.70770866
tin_071,tin,টিআইএন আবেদন শুরু করার ন্যূনতম প্রয়োজনীয়তা কী?,"একটি অনন্য মোবাইল নম্বর এবং কোম্পানির প্রাথমিক তথ্য, যেমন নাম, আরজেএসসি ইনকরপোরেশন তথ্য ও ঠিকানা দরকার।","অনলাইন আবেদনে এনবিআর ই-টিআইএন পোর্টালের মাধ্যমে আবেদন করা যায়। এই পোর্টালে কোম্পানির বা ব্যক্তির তথ্য, ব্যবসায়িক তথ্য, কার্যালয়ের ঠিকানা, ব্যবসায়িক ব্যক্তিদের ক্ষেত্রে পরিচয়পত্র, প্রয়োজনীয় ডকুমেন্ট এবং অন্যান্য প্রয়োজনীয় তথ্য দিতে হয়।",False,0.0,0.44666666666666666,0.20833333333333334,0.20833333333333334,0.0,0.16666666666666666,0.70557874,0.75682867,0.73030573
tin_194,tin,ওজিআর গাইড অনুযায়ী টিআইএন সার্টিফিকেট ডাউনলোডের পর কী করা উচিত?,ব্যবহারকারী আইডি ও পাসওয়ার্ড নিরাপদে সংরক্ষণ করা উচিত।,ডাউনলোড করা সার্টিফিকেট প্রিন্ট করে সংরক্ষণ করতে হবে।,False,0.0,0.45283018867924524,0.25,0.25,0.0,0.125,0.76370645,0.7662525,0.76497734
tin_007,tin,বাংলাদেশে টিআইএন নিতে কি কোনো সরকারি ফি লাগে?,বাংলাদেশে টিআইএন নেওয়ার জন্য কোনো সরকারি ফি লাগে না।,বাংলাদেশে টিআইএন নিতে কোনো ফি লাগে না।,False,0.0,0.927536231884058,0.75,0.75,0.42857142857142855,0.75,0.957945,0.91560996,0.9362992
tin_029,tin,বিদেশি কোম্পানি বা শাখা অফিস কি বাংলাদেশে টিআইএন নিতে পারে?,"হ্যাঁ, বাংলাদেশে আইনগতভাবে ব্যবসা পরিচালনার জন্য বিদেশি কোম্পানি, শাখা অফিস ও লিয়াজোঁ অফিসকেও টিআইএন নিতে হয়।","হ্যাঁ, বিদেশি কোম্পানি বা শাখা অফিস বাংলাদেশে টিআইএন আবেদন করতে পারে। তবে অনুমোদিত ব্যক্তির তথ্য দিতে হবে এবং সঠিক ব্যবস্থাপনা কার্যালয়ের ঠিকানা দিতে হবে।",False,0.0,0.645418326693227,0.35000000000000003,0.35000000000000003,0.10526315789473685,0.3,0.7795074,0.8033396,0.79124403
tin_165,tin,"ম্যানুয়াল চেকলিস্টে প্রোপ্রাইটরশিপের জন্য যা লাগে কিন্তু কোম্পানির জন্য লাগে না, সেটি কী?",মালিকের তিন কপি ছবি প্রোপ্রাইটরশিপের জন্য নির্দিষ্টভাবে উল্লেখ আছে।,"ম্যানুয়াল চেকলিস্টে প্রোপ্রাইটরশিপের জন্য টিআইএন আবেদনে ব্যক্তিগত তথ্য ও ব্যবসায়িক তথ্য উভয়েরই প্রয়োজন হয়, কিন্তু কোম্পানির জন্য শুধু ব্যবসায়িক তথ্য লাগে।",False,0.0,0.48275862068965514,0.13333333333333333,0.13333333333333333,0.07142857142857144,0.13333333333333333,0.6923901,0.76769805,0.72810197
birth_death_312,birth_death,জন্ম নিবন্ধন কত দিনে পাওয়া যায়?,"জন্ম বা মৃত্যু নিবন্ধন পেতে সময় নিবন্ধক কার্যালয়ের যাচাই, কাগজপত্রের সম্পূর্ণতা এবং আবেদনের চাপের ওপর নির্ভর করে। সঠিক সময় জানতে আবেদন অবস্থা যাচাই করুন বা সংশ্লিষ্ট নিবন্ধক কার্যালয়ে যোগাযোগ করুন।",জন্ম নিবন্ধন সাধারণত জন্মের ৫ করা দিনের মধ্যে পাওয়া যায়।,False,0.0,0.368421052631579,0.1,0.1,0.0,0.1,0.7736244,0.67173684,0.7190895
birth_death_313,birth_death,জন্ম সনদ পেতে কত সময় লাগে?,"জন্ম বা মৃত্যু নিবন্ধন পেতে সময় নিবন্ধক কার্যালয়ের যাচাই, কাগজপত্রের সম্পূর্ণতা এবং আবেদনের চাপের ওপর নির্ভর করে। সঠিক সময় জানতে আবেদন অবস্থা যাচাই করুন বা সংশ্লিষ্ট নিবন্ধক কার্যালয়ে যোগাযোগ করুন।",জন্ম নিবন্ধনের আবেদন প্রক্রিয়া সাধারণত দ্রুত সম্পন্ন হয়। আবেদনের তারিখ থেকে জন্ম নিবন্ধন সার্টিফিকেট প্রস্তুত হওয়ার সময় পর্যায়ক্রমে পরিবর্তিত হতে পারে। সাধারণত বাংলাদেশে ২ দিন বা ৩ দিনের মধ্যে জন্ম নিবন্ধন সম্পন্ন করা হয়।,False,0.0,0.49299719887955185,0.18750000000000003,0.18750000000000003,0.0,0.125,0.7496051,0.72266954,0.735891
birth_death_314,birth_death,মৃত্যু সনদ কত দিনে পাওয়া যায়?,"জন্ম বা মৃত্যু নিবন্ধন পেতে সময় নিবন্ধক কার্যালয়ের যাচাই, কাগজপত্রের সম্পূর্ণতা এবং আবেদনের চাপের ওপর নির্ভর করে। সঠিক সময় জানতে আবেদন অবস্থা যাচাই করুন বা সংশ্লিষ্ট নিবন্ধক কার্যালয়ে যোগাযোগ করুন।","মৃত্যু নিবন্ধন সাধারণত মৃত্যুর তারিখ থেকে ২০ দিনের মধ্যে সম্পন্ন করা হয়, তবে কোনো কারণে এই সময় সীমা অতিক্রম হলে বিস্তারিত আবেদন করতে হবে।",False,0.0,0.474025974025974,0.14814814814814814,0.14814814814814814,0.038461538461538464,0.14814814814814814,0.7516546,0.727465,0.739362
birth_death_315,birth_death,মৃত্যু নিবন্ধন অনুমোদনে কত সময় লাগে?,"জন্ম বা মৃত্যু নিবন্ধন পেতে সময় নিবন্ধক কার্যালয়ের যাচাই, কাগজপত্রের সম্পূর্ণতা এবং আবেদনের চাপের ওপর নির্ভর করে। সঠিক সময় জানতে আবেদন অবস্থা যাচাই করুন বা সংশ্লিষ্ট নিবন্ধক কার্যালয়ে যোগাযোগ করুন।",মৃত্যু নিবন্ধন সাধারণত মৃত্যুর তারিখ থেকে ২০ দিনের মধ্যে করতে হয়।,False,0.0,0.35593220338983045,0.0975609756097561,0.0975609756097561,0.05128205128205129,0.0975609756097561,0.7726424,0.67405707,0.71999073
birth_death_316,birth_death,আবেদন করার পর সনদ পেতে কতদিন লাগবে?,"জন্ম বা মৃত্যু নিবন্ধন পেতে সময় নিবন্ধক কার্যালয়ের যাচাই, কাগজপত্রের সম্পূর্ণতা এবং আবেদনের চাপের ওপর নির্ভর করে। সঠিক সময় জানতে আবেদন অবস্থা যাচাই করুন বা সংশ্লিষ্ট নিবন্ধক কার্যালয়ে যোগাযোগ করুন।",অনলাইন আবেদনের ক্ষেত্রে সাধারণত প্রথম ডেলিভারির সময় ১৫ কার্যদিবস লাগে।,False,0.0,0.3651452282157676,0.1,0.1,0.0,0.1,0.68504864,0.6367062,0.65999335
birth_death_328,birth_death,মৃত্যু নিবন্ধন ফ্রি কখন,মৃত্যুর ৪৫ দিনের মধ্যে মৃত্যু নিবন্ধন করলে ফি লাগে না।,মৃত্যুর সঙ্গে সঙ্গে মৃত্যু নিবন্ধন করলে ফি লাগে না। কিন্তু পরে করেছে বললে প্রযোজ্য ফি লাগতে পারে।,False,0.0,0.8351648351648352,0.5185185185185185,0.5185185185185185,0.39999999999999997,0.5185185185185185,0.8354064,0.8830644,0.85857457
birth_death_022,birth_death,শিশুর জন্ম নিবন্ধনের জন্য কোন তথ্য লাগে?,"শিশুর জন্ম নিবন্ধনের আবেদনে শিশুর নাম, জন্মতারিখ, লিঙ্গ, জন্মস্থানের ঠিকানা, বর্তমান ও স্থায়ী ঠিকানা, পিতা-মাতার তথ্য, আবেদনকারীর তথ্য এবং প্রয়োজনীয় প্রমাণপত্রের তথ্য দিতে হয়।","জন্ম নিবন্ধনের আবেদনে শিশুর জন্মের তারিখ, জন্মস্থানের ঠিকানা, স্থায়ী ঠিকানা, স্থায়ী নিবাসের প্রমাণ, পিতা-মাতার তথ্য এবং আবেদনকারীর তথ্য দিতে হয়।",False,0.0,0.8703703703703703,0.6956521739130435,0.6956521739130435,0.5,0.6521739130434783,0.93332136,0.9103251,0.9216798
birth_death_023,birth_death,নতুন শিশুর জন্ম সনদ করতে কী কী তথ্য দিতে হয়?,"শিশুর জন্ম নিবন্ধনের আবেদনে শিশুর নাম, জন্মতারিখ, লিঙ্গ, জন্মস্থানের ঠিকানা, বর্তমান ও স্থায়ী ঠিকানা, পিতা-মাতার তথ্য, আবেদনকারীর তথ্য এবং প্রয়োজনীয় প্রমাণপত্রের তথ্য দিতে হয়।","জন্ম নিবন্ধনের আবেদনে সাধারণত স্থায়ী ঠিকানার পরিচয়পত্র, পিতা-মাতার তথ্য, শিশুর জন্মস্থানের ঠিকানা, জন্মের তারিখ ও সময়, জাতীয় পরিচয়পত্র ও প্রয়োজনীয় সংযুক্তি লাগতে পারে।",False,0.0,0.7278688524590164,0.4897959183673469,0.4897959183673469,0.2127659574468085,0.32653061224489793,0.8252126,0.81225336,0.8186817
birth_death_024,birth_death,বাচ্চার জন্ম নিবন্ধনে কী কী তথ্য পূরণ করতে হয়?,"শিশুর জন্ম নিবন্ধনের আবেদনে শিশুর নাম, জন্মতারিখ, লিঙ্গ, জন্মস্থানের ঠিকানা, বর্তমান ও স্থায়ী ঠিকানা, পিতা-মাতার তথ্য, আবেদনকারীর তথ্য এবং প্রয়োজনীয় প্রমাণপত্রের তথ্য দিতে হয়।","জন্ম নিবন্ধনে সাধারণত স্থায়ী ঠিকানার ঠিকানা, স্থায়ী ঠিকানার বায়োগ্রাফিক্যাল সংশ্লিষ্ট তথ্য, স্থায়ী ঠিকানার কোড, বর্তমান ঠিকানার ঠিকানা, বর্তমান ঠিকানার বায়োগ্রাফিক্যাল সংশ্লিষ্ট তথ্য, বর্তমান ঠিকানার কোড, স্থায়ী ঠিকানার মোবাইল নম্বর, বর্তমান ঠিকানার মোবাইল নম্বর, স্থায়ী ঠিকানার ই-মেইল, বর্তমান ঠিকানার ই-মেইল, স্থায়ী ঠিকানার পিতা-মাতার তথ্য, বর্তমান ঠিকানার পিতা-মাতার তথ্য, স্থায়ী ঠিকানার পিতা-মাতার তথ্য, বর্তমান ঠিকানার পিতা-মাতার তথ্�",True,0.0,0.5735294117647058,0.23255813953488375,0.23255813953488375,0.07142857142857144,0.20930232558139533,0.7073753,0.7338155,0.7203529
birth_death_025,birth_death,জন্ম নিবন্ধন ফরমে শিশুর কোন কোন তথ্য লাগে?,"শিশুর জন্ম নিবন্ধনের আবেদনে শিশুর নাম, জন্মতারিখ, লিঙ্গ, জন্মস্থানের ঠিকানা, বর্তমান ও স্থায়ী ঠিকানা, পিতা-মাতার তথ্য, আবেদনকারীর তথ্য এবং প্রয়োজনীয় প্রমাণপত্রের তথ্য দিতে হয়।","জন্ম নিবন্ধনে শিশুর নাম, জন্ম তারিখ, জন্মস্থানের ঠিকানা, স্থায়ী ঠিকানা, বর্তমান ঠিকানা, স্থায়ী ও বর্তমান মোবাইল নম্বর, পিতা-মাতার বাংলা ও ইংরেজি নাম, তাদের জাতীয়তা, পিতা-মাতার জন্মস্থানের ঠিকানা, পিতা-মাতার পেশা, শিশুর জাতীয়তা এবং আবেদনকারীর স্বাক্ষর লাগে।",False,0.0,0.7109634551495018,0.4444444444444444,0.4444444444444444,0.19672131147540983,0.34920634920634924,0.83267283,0.8477179,0.840128
birth_death_026,birth_death,নবজাতকের জন্ম নিবন্ধনে কী তথ্য দিতে হয়?,"শিশুর জন্ম নিবন্ধনের আবেদনে শিশুর নাম, জন্মতারিখ, লিঙ্গ, জন্মস্থানের ঠিকানা, বর্তমান ও স্থায়ী ঠিকানা, পিতা-মাতার তথ্য, আবেদনকারীর তথ্য এবং প্রয়োজনীয় প্রমাণপত্রের তথ্য দিতে হয়।","জন্ম নিবন্ধনে সাধারণত স্থায়ী ঠিকানা, স্থায়ী ঠিকানার ঠিকানা না থাকলে ক্ষেত্রিক ঠিকানা, বর্তমান ঠিকানা, স্থায়ী বা বর্তমান মোবাইল নম্বর, পিতা-মাতার তথ্য এবং জন্মস্থানের তথ্য দিতে হয়।",False,0.0,0.7075812274368231,0.5,0.5,0.27999999999999997,0.4230769230769231,0.81005317,0.81043005,0.81024164
birth_death_226,birth_death,জন্ম নিবন্ধন কোন অফিসে করব?,"জন্মস্থান, স্থায়ী ঠিকানা বা বর্তমান ঠিকানা অনুযায়ী সংশ্লিষ্ট ইউনিয়ন পরিষদ, পৌরসভা, সিটি কর্পোরেশন বা ক্যান্টনমেন্ট বোর্ডের নিবন্ধক কার্যালয়ে জন্ম নিবন্ধনের আবেদন জমা দিতে হয়।","জন্ম নিবন্ধনের জন্য সংশ্লিষ্ট ইউনিয়ন পরিষদ, পৌরসভা, সিটি কর্পোরেশন বা ক্যান্টনমেন্ট বোর্ডের নিবন্ধক কার্যালয়ে গিয়ে আবেদনপত্র, জন্মের প্রমাণপত্র, পিতা-মাতার তথ্য ও ঠিকানার প্রমাণ জমা দিতে হয়।",False,0.0,0.8297872340425532,0.627450980392157,0.627450980392157,0.5306122448979592,0.5490196078431373,0.8616973,0.88953215,0.87539345
birth_death_227,birth_death,শিশুর জন্ম সনদ ইউনিয়ন পরিষদে করব নাকি সিটি কর্পোরেশনে?,"জন্মস্থান, স্থায়ী ঠিকানা বা বর্তমান ঠিকানা অনুযায়ী সংশ্লিষ্ট ইউনিয়ন পরিষদ, পৌরসভা, সিটি কর্পোরেশন বা ক্যান্টনমেন্ট বোর্ডের নিবন্ধক কার্যালয়ে জন্ম নিবন্ধনের আবেদন জমা দিতে হয়।","জন্ম নিবন্ধন সাধারণত স্থানীয় স্বাস্থ্যকর্মী, ইউনিয়ন পরিষদ, পৌরসভা, সিটি কর্পোরেশন বা ক্যান্টনমেন্ট বোর্ডের ক্লিনিকে বা তালাকানা কার্যালয়ে করা হয়। সঠিক কর্তৃপক্ষ নির্বাচনী এলাকা অনুযায়ী ভিন্ন হতে পারে।",False,0.0,0.701657458563536,0.5098039215686274,0.5098039215686274,0.28571428571428575,0.39215686274509803,0.792807,0.82739127,0.80973
birth_death_228,birth_death,জন্ম সনদের জন্য কোন নিবন্ধক কার্যালয়ে যাব?,"জন্মস্থান, স্থায়ী ঠিকানা বা বর্তমান ঠিকানা অনুযায়ী সংশ্লিষ্ট ইউনিয়ন পরিষদ, পৌরসভা, সিটি কর্পোরেশন বা ক্যান্টনমেন্ট বোর্ডের নিবন্ধক কার্যালয়ে জন্ম নিবন্ধনের আবেদন জমা দিতে হয়।","জন্ম নিবন্ধনের জন্য সংশ্লিষ্ট ইউনিয়ন পরিষদ, পৌরসভা, সিটি কর্পোরেশন বা ক্যান্টনমেন্ট বোর্ডের নিবন্ধক কার্যালয়ে গিয়ে আবেদন করতে হয়।",False,0.0,0.9344262295081966,0.7142857142857143,0.7142857142857143,0.55,0.619047619047619,0.942933,0.8932638,0.91742665
birth_death_229,birth_death,আমার জন্ম সনদের আবেদন কোথায় জমা দেব?,"জন্মস্থান, স্থায়ী ঠিকানা বা বর্তমান ঠিকানা অনুযায়ী সংশ্লিষ্ট ইউনিয়ন পরিষদ, পৌরসভা, সিটি কর্পোরেশন বা ক্যান্টনমেন্ট বোর্ডের নিবন্ধক কার্যালয়ে জন্ম নিবন্ধনের আবেদন জমা দিতে হয়।","জন্ম নিবন্ধনের আবেদন সাধারণত স্থানীয় ইউনিয়ন পরিষদ, পৌরসভা, সিটি কর্পোরেশন বা ক্যান্টনমেন্ট বোর্ডের নিবন্ধক কার্যালয়ে জমা দেওয়া হয়। অনলাইনে আবেদন করলে সংশ্লিষ্ট নিবন্ধক কার্যালয়ের গ্রহণযোগ্য ফরম আবেদন ফাইল আপলোড করতে হতে পারে।",False,0.0,0.8339222614840989,0.5714285714285715,0.5714285714285715,0.40740740740740744,0.42857142857142855,0.8303232,0.85671484,0.84331256
birth_death_230,birth_death,গ্রামে জন্ম নিবন্ধন কোথায় করব?,"জন্মস্থান, স্থায়ী ঠিকানা বা বর্তমান ঠিকানা অনুযায়ী সংশ্লিষ্ট ইউনিয়ন পরিষদ, পৌরসভা, সিটি কর্পোরেশন বা ক্যান্টনমেন্ট বোর্ডের নিবন্ধক কার্যালয়ে জন্ম নিবন্ধনের আবেদন জমা দিতে হয়।","গ্রামে জন্ম হলে স্থানীয় ইউনিয়ন পরিষদ, পৌরসভা, সিটি কর্পোরেশন বা ক্যান্টনমেন্ট বোর্ডের নিবন্ধক কার্যালয়ে জন্ম নিবন্ধনের আবেদন করা যায়।",False,0.0,0.8733624454148472,0.6046511627906976,0.6046511627906976,0.5853658536585366,0.6046511627906976,0.93435687,0.8763423,0.90442014
birth_death_058,birth_death,হাসপাতালে মৃত্যু না হলে মৃত্যু নিবন্ধন করা যাবে?,"হাসপাতালের বাইরে মৃত্যু হলেও মৃত্যু নিবন্ধন করা যায়। এ ক্ষেত্রে স্থানীয় প্রতিনিধি, স্বাস্থ্যকর্মী, চিকিৎসক, দাফন বা সৎকার কর্তৃপক্ষ, অথবা নিবন্ধক কার্যালয় গ্রহণ করে এমন প্রমাণপত্র লাগতে পারে।",মৃত্যুর প্রমাণপত্র অনুযায়ী মৃত্যুর তারিখ নিবন্ধিত হতে হবে। মৃত্যুর প্রমাণ ছাড়া মৃত্যু নিবন্ধন করা যাবে না।,False,0.0,0.4944649446494465,0.18604651162790697,0.18604651162790697,0.0975609756097561,0.13953488372093023,0.8004759,0.6783955,0.7343969
birth_death_059,birth_death,বাড়িতে মৃত্যু হলে মৃত্যু সনদ কীভাবে করব?,"হাসপাতালের বাইরে মৃত্যু হলেও মৃত্যু নিবন্ধন করা যায়। এ ক্ষেত্রে স্থানীয় প্রতিনিধি, স্বাস্থ্যকর্মী, চিকিৎসক, দাফন বা সৎকার কর্তৃপক্ষ, অথবা নিবন্ধক কার্যালয় গ্রহণ করে এমন প্রমাণপত্র লাগতে পারে।","বাড়িতে মৃত্যু হলে স্থানীয় স্বাস্থ্যকর্মী, পরিবার কল্যাণ কর্মী, ইউনিয়ন পরিষদ বা সংশ্লিষ্ট কর্তৃপক্ষের প্রত্যয়ন, মৃত্যুর প্রমাণপত্র সংগ্রহ এবং মৃত্যু নিবন্ধন করার বিষয়ে সংশ্লিষ্ট নিবন্ধক কার্যালয়ে যোগাযোগ করা উচিত।",False,0.0,0.656084656084656,0.32727272727272727,0.32727272727272727,0.03773584905660377,0.18181818181818182,0.8050175,0.7965695,0.8007712
birth_death_060,birth_death,মৃত্যু হাসপাতালের বাইরে হলে কোন কাগজ লাগবে?,"হাসপাতালের বাইরে মৃত্যু হলেও মৃত্যু নিবন্ধন করা যায়। এ ক্ষেত্রে স্থানীয় প্রতিনিধি, স্বাস্থ্যকর্মী, চিকিৎসক, দাফন বা সৎকার কর্তৃপক্ষ, অথবা নিবন্ধক কার্যালয় গ্রহণ করে এমন প্রমাণপত্র লাগতে পারে।","মৃত্যুর স্থান, মৃত ব্যক্তির পরিচয়, মৃত্যুর তারিখ ও মৃত্যুর কারণ অনুযায়ী মৃত্যু নিবন্ধনের আবেদনে প্রয়োজনীয় কাগজপত্র ভিন্ন হতে পারে। সর্বশেষে সঠিক প্রয়োজনীয় কাগজপত্র কোন তথ্য থেকে নির্বাচন করা উচিত তা সংশ্লিষ্ট নিবন্ধক কার্যালয়ে যোগাযোগ করা উচিত।",False,0.0,0.49738219895287955,0.12698412698412698,0.12698412698412698,0.0,0.09523809523809525,0.71683526,0.7131113,0.71496844
birth_death_061,birth_death,বাড়িতে মারা গেলে মৃত্যুর প্রমাণ কীভাবে দেব?,"হাসপাতালের বাইরে মৃত্যু হলেও মৃত্যু নিবন্ধন করা যায়। এ ক্ষেত্রে স্থানীয় প্রতিনিধি, স্বাস্থ্যকর্মী, চিকিৎসক, দাফন বা সৎকার কর্তৃপক্ষ, অথবা নিবন্ধক কার্যালয় গ্রহণ করে এমন প্রমাণপত্র লাগতে পারে।","মৃত্যুর প্রমাণ হিসেবে সাধারণত হাসপাতাল বা চিকিৎসকের সনদ, স্বাক্ষরিত মৃত্যু সনদ, দাফন সংশ্লিষ্ট প্রমাণপত্র বা সরকারি কর্তৃপক্ষের প্রত্যয়ন লাগতে পারে।",False,0.0,0.56875,0.25531914893617025,0.25531914893617025,0.044444444444444446,0.2127659574468085,0.8123412,0.79312325,0.8026172
birth_death_062,birth_death,ডাক্তার ছাড়া বাড়িতে মৃত্যু হলে সনদ হবে কি?,"হাসপাতালের বাইরে মৃত্যু হলেও মৃত্যু নিবন্ধন করা যায়। এ ক্ষেত্রে স্থানীয় প্রতিনিধি, স্বাস্থ্যকর্মী, চিকিৎসক, দাফন বা সৎকার কর্তৃপক্ষ, অথবা নিবন্ধক কার্যালয় গ্রহণ করে এমন প্রমাণপত্র লাগতে পারে।","হ্যাঁ, ডাক্তার না থাকলেও মৃত্যু নিবন্ধন করা যায়। এ ক্ষেত্রে স্থানীয় স্বাস্থ্যকর্মী, পরিবার কল্যাণ কর্মী, ইউনিয়ন পরিষদ বা সংশ্লিষ্ট কর্তৃপক্ষের প্রত্যয়নপত্র বা প্রতিবেদন জমা দিতে হয়।",False,0.0,0.6406685236768803,0.33962264150943394,0.33962264150943394,0.23529411764705882,0.33962264150943394,0.8094901,0.80603254,0.8077576
birth_death_295,birth_death,মৃত্যু সনদে মৃত্যুস্থানের ঠিকানা ভুল হলে কী করব?,মৃত্যু নিবন্ধনে মৃত্যুস্থানের ঠিকানা বা মৃত্যুর সময় বসবাসের ঠিকানা ভুল হলে মৃত্যু নিবন্ধন তথ্য সংশোধন আবেদন করতে হয়। সঠিক ঠিকানার প্রমাণপত্র সংযুক্ত করা প্রয়োজন হতে পারে।,মৃত্যু নিবন্ধনে মৃত্যুস্থানের ঠিকানা ভুল হলে মৃত্যু নিবন্ধন তথ্য সংশোধন আবেদন করতে হবে। সঠিক ঠিকানা দিয়ে প্রমাণপত্র জমা দিতে হবে এবং সংশোধনের কারণ উল্লেখ করতে হবে।,False,0.0,0.8053097345132744,0.5769230769230769,0.5769230769230769,0.44,0.5384615384615384,0.88513637,0.8968538,0.8909565
birth_death_296,birth_death,মৃত্যুর সময়ের বসবাসের ঠিকানা সংশোধন করা যাবে?,মৃত্যু নিবন্ধনে মৃত্যুস্থানের ঠিকানা বা মৃত্যুর সময় বসবাসের ঠিকানা ভুল হলে মৃত্যু নিবন্ধন তথ্য সংশোধন আবেদন করতে হয়। সঠিক ঠিকানার প্রমাণপত্র সংযুক্ত করা প্রয়োজন হতে পারে।,"মৃত্যু নিবন্ধনে মৃত্যুর স্থান, মৃত্যুর কারণ, মৃত্যুর তারিখ বা মৃত্যুর সময় বসবাসের ঠিকানা সংশোধনের আবেদন করা যায়। সংশোধনের আবেদনে সাধারণত আবেদনপত্র, প্রমাণপত্র এবং ফি লাগতে পারে। সঠিক ফি জানতে সংশ্লিষ্ট নিবন্ধক কার্যালয়ে যোগাযোগ করা উচিত।",False,0.0,0.6581196581196582,0.3934426229508197,0.3934426229508197,0.16949152542372883,0.32786885245901637,0.82669175,0.8533685,0.83981836
birth_death_297,birth_death,"মৃত্যু নিবন্ধনে ঠিকানা ভুল, কীভাবে ঠিক করব?",মৃত্যু নিবন্ধনে মৃত্যুস্থানের ঠিকানা বা মৃত্যুর সময় বসবাসের ঠিকানা ভুল হলে মৃত্যু নিবন্ধন তথ্য সংশোধন আবেদন করতে হয়। সঠিক ঠিকানার প্রমাণপত্র সংযুক্ত করা প্রয়োজন হতে পারে।,"মৃত্যু নিবন্ধনে সংশোধনের জন্য BDRIS পোর্টালের মৃত্যু নিবন্ধন তথ্য সংশোধন আবেদন অপশন ব্যবহার করতে হয়। মৃত্যু নিবন্ধন নম্বর ও মৃত্যুর তারিখ দিয়ে তথ্য খুঁজে সংশোধনের বিষয়, চাহিত সংশোধিত তথ্য, সংশোধনের কারণ, প্রয়োজনীয় সংযুক্তি এবং আবেদনকারীর তথ্য দিয়ে আবেদন জমা দিতে হয়।",False,0.0,0.6101694915254238,0.2985074626865672,0.2985074626865672,0.1846153846153846,0.26865671641791045,0.7876836,0.79311454,0.7903897
birth_death_298,birth_death,মৃত্যু সনদের ঠিকানা সংশোধনের জন্য কী লাগবে?,মৃত্যু নিবন্ধনে মৃত্যুস্থানের ঠিকানা বা মৃত্যুর সময় বসবাসের ঠিকানা ভুল হলে মৃত্যু নিবন্ধন তথ্য সংশোধন আবেদন করতে হয়। সঠিক ঠিকানার প্রমাণপত্র সংযুক্ত করা প্রয়োজন হতে পারে।,"মৃত্যু নিবন্ধন তথ্য সংশোধনের জন্য BDRIS পোর্টালের মৃত্যু নিবন্ধন তথ্য সংশোধন আবেদন অপশন ব্যবহার করতে হয়। সংশোধনের কারণ, প্রয়োজনীয় প্রমাণপত্র, সংশোধিত তথ্য এবং আবেদনকারীর তথ্য দিয়ে আবেদন জমা দিতে হয়।",False,0.0,0.6058631921824105,0.32142857142857145,0.32142857142857145,0.1851851851851852,0.32142857142857145,0.8046093,0.8032951,0.8039516
birth_death_069,birth_death,মৃত্যু নিবন্ধন যাচাই করব কীভাবে?,মৃত্যু নিবন্ধন যাচাই করতে eVerify পেজে ১৭ অংকের মৃত্যু নিবন্ধন নম্বর এবং মৃত্যুর তারিখ দিতে হয়। সঠিক তথ্য দিলে অনলাইনে মৃত্যু নিবন্ধনের তথ্য যাচাই করা যায়।,"BDRIS পোর্টালের মৃত্যু নিবন্ধন যাচাই অপশন থেকে মৃত্যু নিবন্ধন নম্বর ও মৃত্যুর তারিখ দিয়ে মৃত্যু নিবন্ধনের তথ্য যাচাই করা যায়। প্রয়োজনীয় তথ্য দিয়ে অনলাইনে যাচাই করে মৃত্যু নিবন্ধনের কপি, সনদ জারির তারিখ, মৃত ব্যক্তির পরিচয়পত্র, সম্পর্কের প্রমাণ এবং আবেদনকারীর পরিচয় যাচাই করা যায়।",False,0.0,0.7676767676767676,0.49275362318840576,0.49275362318840576,0.2985074626865672,0.43478260869565216,0.8047071,0.82802504,0.8161996
birth_death_070,birth_death,মৃত্যু সনদ অনলাইনে চেক করার নিয়ম কী?,মৃত্যু নিবন্ধন যাচাই করতে eVerify পেজে ১৭ অংকের মৃত্যু নিবন্ধন নম্বর এবং মৃত্যুর তারিখ দিতে হয়। সঠিক তথ্য দিলে অনলাইনে মৃত্যু নিবন্ধনের তথ্য যাচাই করা যায়।,BDRIS পোর্টালের মৃত্যু নিবন্ধন যাচাই অপশন থেকে মৃত্যু নিবন্ধন নম্বর ও মৃত্যুর তারিখ দিয়ে মৃত্যু নিবন্ধনের তথ্য যাচাই করা যায়। প্রয়োজনীয় তথ্য দিয়ে চেক করে মৃত্যু নিবন্ধনের ফল দেখা যায়।,False,0.0,0.717741935483871,0.5357142857142857,0.5357142857142857,0.3703703703703704,0.5,0.85814804,0.8322314,0.844991
birth_death_071,birth_death,মৃত্যু নিবন্ধন নম্বর দিয়ে তথ্য দেখা যায়?,মৃত্যু নিবন্ধন যাচাই করতে eVerify পেজে ১৭ অংকের মৃত্যু নিবন্ধন নম্বর এবং মৃত্যুর তারিখ দিতে হয়। সঠিক তথ্য দিলে অনলাইনে মৃত্যু নিবন্ধনের তথ্য যাচাই করা যায়।,BDRIS পোর্টালে মৃত্যু নিবন্ধনের তথ্য অনলাইনে দেখা যায়। মৃত্যু নিবন্ধন নম্বর ও মৃত্যুর তারিখ দিয়ে মৃত্যু নিবন্ধনের বর্তমান অবস্থা দেখা যায়।,False,0.0,0.7425149700598803,0.4680851063829788,0.4680851063829788,0.22222222222222224,0.3829787234042554,0.8591198,0.8108787,0.8343025
birth_death_072,birth_death,মৃত্যু সনদ সত্যি কিনা যাচাই কীভাবে করব?,মৃত্যু নিবন্ধন যাচাই করতে eVerify পেজে ১৭ অংকের মৃত্যু নিবন্ধন নম্বর এবং মৃত্যুর তারিখ দিতে হয়। সঠিক তথ্য দিলে অনলাইনে মৃত্যু নিবন্ধনের তথ্য যাচাই করা যায়।,BDRIS পোর্টালে মৃত্যু নিবন্ধনের তথ্য যাচাইয়ের জন্য মৃত্যু নিবন্ধন নম্বর ও মৃত্যুর তারিখ দিয়ে সনদ অফিসিয়ালি ডাউনলোড বা প্রিন্ট করা যায়। অনলাইন যাচাইয়ের সময় এই তথ্য প্রয়োজন হয়।,False,0.0,0.673913043478261,0.4444444444444445,0.4444444444444445,0.23076923076923075,0.29629629629629634,0.8128744,0.8075224,0.81018955
birth_death_073,birth_death,মৃত্যু নিবন্ধন ভেরিফাই করতে কী লাগে?,মৃত্যু নিবন্ধন যাচাই করতে eVerify পেজে ১৭ অংকের মৃত্যু নিবন্ধন নম্বর এবং মৃত্যুর তারিখ দিতে হয়। সঠিক তথ্য দিলে অনলাইনে মৃত্যু নিবন্ধনের তথ্য যাচাই করা যায়।,মৃত্যু নিবন্ধন অনলাইন ভেরিফাই করতে মৃত্যু নিবন্ধন নম্বর ও মৃত্যুর তারিখ প্রয়োজন।,False,0.0,0.75,0.42105263157894735,0.42105263157894735,0.2222222222222222,0.42105263157894735,0.8529311,0.77889186,0.8142318
birth_death_074,birth_death,মৃত্যু নিবন্ধন তথ্য অনুসন্ধান কীভাবে করব?,মৃত্যু নিবন্ধন যাচাই করতে eVerify পেজে ১৭ অংকের মৃত্যু নিবন্ধন নম্বর এবং মৃত্যুর তারিখ দিতে হয়। সঠিক তথ্য দিলে অনলাইনে মৃত্যু নিবন্ধনের তথ্য যাচাই করা যায়।,"BDRIS পোর্টালের মৃত্যু নিবন্ধন অনুযায়ী তথ্য অনুসন্ধান করতে মৃত্যু নিবন্ধন নম্বর ও মৃত্যুর তারিখ দিয়ে সনদ নম্বর অনুযায়ী তথ্য, মৃত্যুর তারিখ অনুযায়ী তথ্য, মৃত্যু স্থান অনুযায়ী তথ্য, মৃত্যুর কারণ অনুযায়ী তথ্য বা আবেদনকারীর তথ্য আবেদনপত্রে উল্লেখ আছে কিনা তা দিয়ে খুঁজে বের করা যায়।",False,0.0,0.6057142857142856,0.37142857142857144,0.37142857142857144,0.14705882352941177,0.37142857142857144,0.78711504,0.7973343,0.79219174
birth_death_322,birth_death,মৃত্যু সনদ চেক,মৃত্যু নিবন্ধন যাচাই করতে eVerify পেজে ১৭ অংকের মৃত্যু নিবন্ধন নম্বর এবং মৃত্যুর তারিখ দিতে হয়। সঠিক তথ্য দিলে অনলাইনে মৃত্যু নিবন্ধনের তথ্য যাচাই করা যায়।,BDRIS পোর্টালের মৃত্যু নিবন্ধন অপশনে মৃত ব্যক্তির নাম বা মৃত্যু নিবন্ধন নম্বর দিয়ে খুঁজে বের করা যায়। মৃত্যু নিবন্ধন আইডি না থাকলে সংশ্লিষ্ট নিবন্ধক কার্যালয়ে যোগাযোগ করে তথ্য সংগ্রহ করতে হবে।,False,0.0,0.5684210526315789,0.3508771929824561,0.3508771929824561,0.14545454545454545,0.2456140350877193,0.76402235,0.78076226,0.7723017
birth_death_090,birth_death,মৃত্যু নিবন্ধন আবেদনের অবস্থা কীভাবে দেখব?,BDRIS পোর্টালে মৃত্যু নিবন্ধন আবেদনের বর্তমান অবস্থা অপশন ব্যবহার করে আবেদন নম্বর বা প্রয়োজনীয় তথ্য দিয়ে আবেদনের অগ্রগতি দেখা যায়।,BDRIS পোর্টালে মৃত্যু নিবন্ধন আবেদনের অবস্থা চেক করতে মৃত্যু নিবন্ধন আবেদন আইডি বা আবেদনকারীর তথ্য এবং জন্ম বা মৃত্যু তথ্য নম্বর নম্বর এবং মৃত্যুর তারিখ দিয়ে সন্ধান করতে হয়। অ্যাপয়েন্টমেন্ট স্লট দেখতে চাইলে অফিসিয়াল BDRIS মৃত্যু নিবন্ধন পোর্টালের স্মার্ট এক্সপ্রেস সেবা অপশনে যেতে হবে।,False,0.0,0.717948717948718,0.34375,0.34375,0.12903225806451613,0.3125,0.7804036,0.834632,0.8066074
birth_death_091,birth_death,মৃত্যু সনদের আবেদন স্ট্যাটাস চেক করব কীভাবে?,BDRIS পোর্টালে মৃত্যু নিবন্ধন আবেদনের বর্তমান অবস্থা অপশন ব্যবহার করে আবেদন নম্বর বা প্রয়োজনীয় তথ্য দিয়ে আবেদনের অগ্রগতি দেখা যায়।,"BDRIS পোর্টালে মৃত্যু নিবন্ধনের আবেদন অবস্থা যাচাই করতে মৃত্যু নিবন্ধন নম্বর ও মৃত্যুর তারিখ দিয়ে সনদ নম্বর বা আবেদন অধিনেতা নাম সেটি দিয়ে খুঁজে বের করা যায়। আবেদন অবস্থা থেকে আবেদনপত্র ডাউনলোড, প্রয়োজনীয় কাগজপত্র প্রিন্ট এবং সংশ্লিষ্ট নিবন্ধক কার্যালয়ে যোগাযোগ করা যায়।",False,0.0,0.7437185929648241,0.3548387096774194,0.3548387096774194,0.13333333333333333,0.25806451612903225,0.77133334,0.828968,0.7991128
birth_death_092,birth_death,মৃত্যু নিবন্ধনের বর্তমান অবস্থা কোথায় দেখা যায়?,BDRIS পোর্টালে মৃত্যু নিবন্ধন আবেদনের বর্তমান অবস্থা অপশন ব্যবহার করে আবেদন নম্বর বা প্রয়োজনীয় তথ্য দিয়ে আবেদনের অগ্রগতি দেখা যায়।,"BDRIS পোর্টালের মৃত্যু নিবন্ধন অফিসিয়াল পেজে মৃত্যু নিবন্ধনের বর্তমান অবস্থা দেখা যায়। অনলাইনে মৃত্যু নিবন্ধনের আবেদন, আবেদন অবস্থা, সনদ প্রিন্ট এবং মৃত্যু নিবন্ধন যাচাই করা যায়।",False,0.0,0.6693877551020408,0.34782608695652173,0.34782608695652173,0.13636363636363635,0.3043478260869565,0.8238683,0.81983256,0.8218455
birth_death_093,birth_death,মৃত্যু নিবন্ধন আবেদন প্রক্রিয়াধীন কিনা জানব কীভাবে?,BDRIS পোর্টালে মৃত্যু নিবন্ধন আবেদনের বর্তমান অবস্থা অপশন ব্যবহার করে আবেদন নম্বর বা প্রয়োজনীয় তথ্য দিয়ে আবেদনের অগ্রগতি দেখা যায়।,BDRIS পোর্টালে মৃত্যু নিবন্ধনের অবস্থা চেক করতে মৃত ব্যক্তির নাম বা মৃত্যু নিবন্ধন নম্বর এবং জন্ম তারিখ বা মৃত্যুর তারিখ দিয়ে সন্ধান করতে হয়। আবেদন আইডি বা আবেদন তারিখ ব্যবহার করে মৃত্যু নিবন্ধনের বর্তমান অবস্থা দেখা যায়।,False,0.0,0.820754716981132,0.4912280701754387,0.4912280701754387,0.2181818181818182,0.3157894736842105,0.81891495,0.84794676,0.833178
birth_death_094,birth_death,মৃত্যু সনদ আবেদন অনুমোদন হয়েছে কিনা কীভাবে দেখব?,BDRIS পোর্টালে মৃত্যু নিবন্ধন আবেদনের বর্তমান অবস্থা অপশন ব্যবহার করে আবেদন নম্বর বা প্রয়োজনীয় তথ্য দিয়ে আবেদনের অগ্রগতি দেখা যায়।,BDRIS পোর্টালে মৃত্যু নিবন্ধনের অবস্থা চেক করতে মৃত্যু নিবন্ধন নম্বর ও মৃত্যুর তারিখ দিয়ে সনদ নম্বর বা প্রয়োজনীয় তথ্য দিয়ে খুঁজে বের করা যায়। অনলাইন থেকে প্রয়োজনীয় তথ্য থাকলে মৃত্যু নিবন্ধনের কপি প্রিন্ট করা যায়।,False,0.0,0.7373737373737373,0.4,0.4,0.2641509433962264,0.36363636363636365,0.8126931,0.82479364,0.8186987
birth_death_148,birth_death,সংশোধনের আবেদন করতে ওটিপি লাগে?,জন্ম বা মৃত্যু নিবন্ধনের সংশোধন আবেদন জমা দিতে আবেদনকারীর ফোন নম্বর বা যোগাযোগের তথ্য দিতে হয় এবং ওটিপি যাচাই লাগতে পারে। ওটিপি সঠিকভাবে প্রদান করলে আবেদন সাবমিট করা যায়।,"হ্যাঁ, সংশোধনের আবেদন অনুমোদনের পর ওটিপি পাওয়া উচিত।",False,0.0,0.3880597014925373,0.1081081081081081,0.1081081081081081,0.0,0.1081081081081081,0.7529634,0.7045548,0.7279552
birth_death_149,birth_death,জন্ম নিবন্ধন সংশোধনে মোবাইল নম্বর কেন লাগে?,জন্ম বা মৃত্যু নিবন্ধনের সংশোধন আবেদন জমা দিতে আবেদনকারীর ফোন নম্বর বা যোগাযোগের তথ্য দিতে হয় এবং ওটিপি যাচাই লাগতে পারে। ওটিপি সঠিকভাবে প্রদান করলে আবেদন সাবমিট করা যায়।,জন্ম নিবন্ধন তথ্য অনলাইনে দেখালেও সমস্যা হলে SMS বা ফোন দিয়ে ১৬ অংকের জন্ম নিবন্ধন নম্বর বা ১৭ অংকের NID নম্বর দিয়ে আবেদন করতে হয়।,False,0.0,0.5080645161290323,0.29629629629629634,0.29629629629629634,0.03846153846153846,0.22222222222222224,0.726083,0.701235,0.7134427
birth_death_150,birth_death,মৃত্যু নিবন্ধন সংশোধনে ফোন নম্বর দিতে হয়?,জন্ম বা মৃত্যু নিবন্ধনের সংশোধন আবেদন জমা দিতে আবেদনকারীর ফোন নম্বর বা যোগাযোগের তথ্য দিতে হয় এবং ওটিপি যাচাই লাগতে পারে। ওটিপি সঠিকভাবে প্রদান করলে আবেদন সাবমিট করা যায়।,মৃত্যু নিবন্ধনের তথ্য সংশোধনের জন্য BDRIS পোর্টালের মৃত্যু নিবন্ধন তথ্য সংশোধন আবেদন অপশন ব্যবহার করতে হয়। সঠিক আবেদন অপশন নির্বাচন করে প্রয়োজনীয় তথ্য দিয়ে আবেদন জমা দিতে হয়।,False,0.0,0.6089965397923875,0.31578947368421056,0.31578947368421056,0.18181818181818182,0.24561403508771928,0.7881313,0.7643979,0.7760832
birth_death_151,birth_death,ওটিপি ছাড়া সংশোধন আবেদন করা যাবে?,জন্ম বা মৃত্যু নিবন্ধনের সংশোধন আবেদন জমা দিতে আবেদনকারীর ফোন নম্বর বা যোগাযোগের তথ্য দিতে হয় এবং ওটিপি যাচাই লাগতে পারে। ওটিপি সঠিকভাবে প্রদান করলে আবেদন সাবমিট করা যায়।,অনলাইন আবেদনে সাধারণত এনআইডি বা জন্ম নিবন্ধন নম্বর ও তার ছবি লাগে। প্রয়োজন হলে ফিজিক্যালভাবে প্রমাণপত্র জমা দিতে হতে পারে।,False,0.0,0.5608856088560885,0.24489795918367346,0.24489795918367346,0.0425531914893617,0.16326530612244897,0.7531248,0.744591,0.7488336
birth_death_152,birth_death,সংশোধন আবেদনে ফোনে কোড আসে কেন?,জন্ম বা মৃত্যু নিবন্ধনের সংশোধন আবেদন জমা দিতে আবেদনকারীর ফোন নম্বর বা যোগাযোগের তথ্য দিতে হয় এবং ওটিপি যাচাই লাগতে পারে। ওটিপি সঠিকভাবে প্রদান করলে আবেদন সাবমিট করা যায়।,অনলাইন আবেদনে অ্যাপয়েন্টমেন্ট কোড পাওয়ার পর এক্সপ্রেস চেক বা স্ট্যাটাস চেক করার জন্য ব্যবহার করা হয়।,False,0.0,0.4112903225806452,0.13333333333333333,0.13333333333333333,0.0,0.08888888888888889,0.6912425,0.68081284,0.68598807
birth_death_163,birth_death,BDRIS লগইনে বারবার ভুল পাসওয়ার্ড দিলে কী হয়?,BDRIS লগইনে ৩ বার ইউজারনেম ও পাসওয়ার্ড ভুল দিলে আইডি ৩০ মিনিটের জন্য স্থগিত হতে পারে। ৩০ মিনিট পর সঠিক পাসওয়ার্ড দিয়ে আবার চেষ্টা করতে হবে।,বারবার ভুল পাসওয়ার্ড দিলে অ্যাকাউন্ট ব্লক হয়। সঠিক পাসওয়ার্ড না জানলে পুনরুদ্ধার অপশন ব্যবহার করে পাসওয়ার্ড পুনরুদ্ধার করতে হয়।,False,0.0,0.5114155251141552,0.26666666666666666,0.26666666666666666,0.046511627906976744,0.2222222222222222,0.73316306,0.7059647,0.7193069
birth_death_164,birth_death,বিডিআরআইএস আইডি লক হয়ে গেলে কী করব?,BDRIS লগইনে ৩ বার ইউজারনেম ও পাসওয়ার্ড ভুল দিলে আইডি ৩০ মিনিটের জন্য স্থগিত হতে পারে। ৩০ মিনিট পর সঠিক পাসওয়ার্ড দিয়ে আবার চেষ্টা করতে হবে।,বিডিআরআইএস অ্যাকাউন্টে সাইন ইন হলে প্রথমে পাসওয়ার্ড পরিবর্তন করতে হয়। পাসওয়ার্ড পরিবর্তনের পর নতুন পাসওয়ার্ড ব্যবহার করে লগইন করে অ্যাকাউন্ট সেট করতে হয়।,False,0.0,0.46963562753036436,0.16326530612244897,0.16326530612244897,0.0,0.16326530612244897,0.7195572,0.7036574,0.7115185
birth_death_165,birth_death,তিনবার ভুল পাসওয়ার্ড দিলে কী সমস্যা হয়?,BDRIS লগইনে ৩ বার ইউজারনেম ও পাসওয়ার্ড ভুল দিলে আইডি ৩০ মিনিটের জন্য স্থগিত হতে পারে। ৩০ মিনিট পর সঠিক পাসওয়ার্ড দিয়ে আবার চেষ্টা করতে হবে।,তিনবার ভুল পাসওয়ার্ড দিলে অ্যাকাউন্ট ব্লক হয়।,False,0.0,0.5846153846153846,0.18181818181818182,0.18181818181818182,0.0,0.12121212121212123,0.7476706,0.66695476,0.7050099
birth_death_166,birth_death,লগইন আইডি স্থগিত হলে কতক্ষণ অপেক্ষা করব?,BDRIS লগইনে ৩ বার ইউজারনেম ও পাসওয়ার্ড ভুল দিলে আইডি ৩০ মিনিটের জন্য স্থগিত হতে পারে। ৩০ মিনিট পর সঠিক পাসওয়ার্ড দিয়ে আবার চেষ্টা করতে হবে।,লগইন আইডি স্থগিত হলে পুনরুদ্ধারের জন্য সংশ্লিষ্ট অফিসে যোগাযোগ করতে হবে। প্রয়োজনীয় কাগজপত্র ও প্রক্রিয়া অনুযায়ী পুনরুদ্ধারের সময় বেশি বলা হয়নি।,False,0.0,0.5076923076923077,0.25531914893617025,0.25531914893617025,0.044444444444444446,0.1702127659574468,0.7244909,0.7263512,0.7254198
birth_death_167,birth_death,BDRIS আইডি ৩০ মিনিট লক কেন দেখায়?,BDRIS লগইনে ৩ বার ইউজারনেম ও পাসওয়ার্ড ভুল দিলে আইডি ৩০ মিনিটের জন্য স্থগিত হতে পারে। ৩০ মিনিট পর সঠিক পাসওয়ার্ড দিয়ে আবার চেষ্টা করতে হবে।,ব্যবহারকারী আইডি অ্যাক্টিভেশনের জন্য বাংলাদেশে নিবন্ধিত মোবাইল নম্বর ব্যবহার করতে হয়। একটি মোবাইল নম্বর শুধু একটি ব্যবহারকারী আইডিয়ের জন্য ব্যবহার করা যায় না।,False,0.0,0.3884297520661157,0.12244897959183673,0.12244897959183673,0.0,0.12244897959183673,0.69386804,0.694432,0.6941499
birth_death_183,birth_death,কারা জন্ম-মৃত্যু নিবন্ধনের নিবন্ধক?,"সিটি কর্পোরেশন, পৌরসভা, ইউনিয়ন পরিষদ, ক্যান্টনমেন্ট বোর্ড এবং বিদেশে বাংলাদেশ মিশনের ক্ষমতাপ্রাপ্ত কর্মকর্তা জন্ম ও মৃত্যু নিবন্ধনের নিবন্ধক হিসেবে কাজ করেন। সাধারণত জন্মস্থান, মৃত্যুর স্থান বা স্থায়ী বা বর্তমান ঠিকানা অনুযায়ী সংশ্লিষ্ট নিবন্ধক কার্যালয়ে আবেদন করতে হয়।","জন্ম ও মৃত্যু নিবন্ধন সংশ্লিষ্ট ইউনিয়ন পরিষদ, পৌরসভা, সিটি কর্পোরেশন, ক্যান্টনমেন্ট বোর্ড, ক্যান্টনমেন্ট বোর্ড, ক্যাপ্টেন্স বোর্ড, কোম্পানি, ব্যক্তি বা অন্যান্য নিবন্ধিত সংস্থা অথবা স্থানীয় স্বাস্থ্যকর্মী কর্মী দ্বারা করা হয়।",False,0.0,0.6696230598669624,0.393939393939394,0.393939393939394,0.15625000000000003,0.18181818181818182,0.8174575,0.80233175,0.809824
birth_death_184,birth_death,জন্ম নিবন্ধন অফিস কোনটা?,"সিটি কর্পোরেশন, পৌরসভা, ইউনিয়ন পরিষদ, ক্যান্টনমেন্ট বোর্ড এবং বিদেশে বাংলাদেশ মিশনের ক্ষমতাপ্রাপ্ত কর্মকর্তা জন্ম ও মৃত্যু নিবন্ধনের নিবন্ধক হিসেবে কাজ করেন। সাধারণত জন্মস্থান, মৃত্যুর স্থান বা স্থায়ী বা বর্তমান ঠিকানা অনুযায়ী সংশ্লিষ্ট নিবন্ধক কার্যালয়ে আবেদন করতে হয়।","জন্ম নিবন্ধনের জন্য সংশ্লিষ্ট ইউনিয়ন পরিষদ, পৌরসভা, সিটি কর্পোরেশন বা ক্যান্টনমেন্ট বোর্ডের নিবন্ধক কার্যালয়ে যোগাযোগ করা যায়।",False,0.0,0.8648648648648648,0.44444444444444453,0.44444444444444453,0.11538461538461539,0.18518518518518517,0.86928403,0.7907255,0.82814586
birth_death_185,birth_death,মৃত্যু নিবন্ধন কোথায় করতে হয়?,"সিটি কর্পোরেশন, পৌরসভা, ইউনিয়ন পরিষদ, ক্যান্টনমেন্ট বোর্ড এবং বিদেশে বাংলাদেশ মিশনের ক্ষমতাপ্রাপ্ত কর্মকর্তা জন্ম ও মৃত্যু নিবন্ধনের নিবন্ধক হিসেবে কাজ করেন। সাধারণত জন্মস্থান, মৃত্যুর স্থান বা স্থায়ী বা বর্তমান ঠিকানা অনুযায়ী সংশ্লিষ্ট নিবন্ধক কার্যালয়ে আবেদন করতে হয়।","মৃত্যু নিবন্ধনের জন্য সংশ্লিষ্ট ইউনিয়ন পরিষদ, পৌরসভা, সিটি কর্পোরেশন বা ক্যান্টনমেন্ট বোর্ডের নিবন্ধক কার্যালয়ে মৃত ব্যক্তির পরিচয়, মৃত্যুর তারিখ, মৃত্যুর স্থান, মৃত্যুর কারণ, মৃত্যুর সময় বসবাসের ঠিকানা এবং আবেদনকারীর সম্পর্কের তথ্য জমা দিতে হয়। প্রয়োজনীয় কাগজপত্র প্রস্তুত রাখা উচিত।",False,0.0,0.7093023255813954,0.4473684210526316,0.4473684210526316,0.13513513513513511,0.21052631578947367,0.79716134,0.7991855,0.7981721
birth_death_186,birth_death,কোন কার্যালয় জন্ম বা মৃত্যু নিবন্ধন করে?,"সিটি কর্পোরেশন, পৌরসভা, ইউনিয়ন পরিষদ, ক্যান্টনমেন্ট বোর্ড এবং বিদেশে বাংলাদেশ মিশনের ক্ষমতাপ্রাপ্ত কর্মকর্তা জন্ম ও মৃত্যু নিবন্ধনের নিবন্ধক হিসেবে কাজ করেন। সাধারণত জন্মস্থান, মৃত্যুর স্থান বা স্থায়ী বা বর্তমান ঠিকানা অনুযায়ী সংশ্লিষ্ট নিবন্ধক কার্যালয়ে আবেদন করতে হয়।","স্থানীয় ইউনিয়ন পরিষদ, পৌরসভা, সিটি কর্পোরেশন, ক্যান্টনমেন্ট বোর্ড, ক্যান্টনমেন্ট বোর্ড বা সরকারি হাসপাতাল/ক্লিনিকে জন্ম নিবন্ধন করা হয়। মৃত্যু নিবন্ধনের ক্ষেত্রে মৃত্যুস্থানের ঠিকানায় মৃত্যু নিবন্ধন করা হয়।",False,0.0,0.6829268292682927,0.375,0.375,0.12903225806451615,0.25,0.83650094,0.7857535,0.8103335
birth_death_187,birth_death,সিটি কর্পোরেশনে জন্ম সনদ কে দেয়?,"সিটি কর্পোরেশন, পৌরসভা, ইউনিয়ন পরিষদ, ক্যান্টনমেন্ট বোর্ড এবং বিদেশে বাংলাদেশ মিশনের ক্ষমতাপ্রাপ্ত কর্মকর্তা জন্ম ও মৃত্যু নিবন্ধনের নিবন্ধক হিসেবে কাজ করেন। সাধারণত জন্মস্থান, মৃত্যুর স্থান বা স্থায়ী বা বর্তমান ঠিকানা অনুযায়ী সংশ্লিষ্ট নিবন্ধক কার্যালয়ে আবেদন করতে হয়।","সিটি কর্পোরেশনে জন্ম নিবন্ধনের আবেদন প্রক্রিয়া অনলাইনে সম্পন্ন হয়। আবেদনে পিতা-মাতার তথ্য, শিশুর তথ্য, জন্মস্থানের তথ্য, জন্মের তারিখ ও স্থান, জাতীয় পরিচয়পত্র ও ঠিকানার তথ্য লাগে। আবেদন শেষে আবেদনকারীর তথ্য দিয়ে লগইন করে আবেদন জমা দিতে হয়।",False,0.0,0.5164113785557987,0.18666666666666668,0.18666666666666668,0.0,0.16,0.766054,0.74988115,0.7578812
birth_death_017,birth_death,জন্ম নিবন্ধন আবেদন করার পর কি অফিসে যেতে হয়?,"অনলাইনে আবেদন জমা দেওয়ার পর সাধারণত আবেদনপত্র প্রিন্ট করে প্রয়োজনীয় কাগজপত্রসহ সংশ্লিষ্ট ইউনিয়ন পরিষদ, পৌরসভা, সিটি কর্পোরেশন বা ক্যান্টনমেন্ট বোর্ডের নিবন্ধক কার্যালয়ে জমা দিতে হয়। নিবন্ধক যাচাই ও অনুমোদন করলে জন্ম নিবন্ধন সম্পন্ন হয়।","আবেদন শেষে আবেদনকারীর তথ্য যাচাই করা হয়, ছবি লাগতে পারে, প্রয়োজনীয় কাগজপত্র জমা নেওয়া হয় এবং অন্যান্য প্রক্রিয়া সম্পন্ন করা হয়।",False,0.0,0.533724340175953,0.2545454545454545,0.2545454545454545,0.0,0.21818181818181817,0.8085537,0.73087704,0.7677557
birth_death_018,birth_death,অনলাইনে আবেদন করলেই কি জন্ম সনদ হয়ে যায়?,"অনলাইনে আবেদন জমা দেওয়ার পর সাধারণত আবেদনপত্র প্রিন্ট করে প্রয়োজনীয় কাগজপত্রসহ সংশ্লিষ্ট ইউনিয়ন পরিষদ, পৌরসভা, সিটি কর্পোরেশন বা ক্যান্টনমেন্ট বোর্ডের নিবন্ধক কার্যালয়ে জমা দিতে হয়। নিবন্ধক যাচাই ও অনুমোদন করলে জন্ম নিবন্ধন সম্পন্ন হয়।",না। অনলাইন আবেদন শেষে আবেদনপত্র প্রিন্ট করে সংশ্লিষ্ট নিবন্ধক কার্যালয়ে প্রয়োজনীয় কাগজসহ জমা দিতে হয়।,False,0.0,0.8804347826086957,0.4489795918367347,0.4489795918367347,0.21276595744680848,0.40816326530612246,0.868244,0.765446,0.81361073
birth_death_019,birth_death,জন্ম নিবন্ধন অনলাইন আবেদন জমা দিলেই কি সনদ পাওয়া যাবে?,"অনলাইনে আবেদন জমা দেওয়ার পর সাধারণত আবেদনপত্র প্রিন্ট করে প্রয়োজনীয় কাগজপত্রসহ সংশ্লিষ্ট ইউনিয়ন পরিষদ, পৌরসভা, সিটি কর্পোরেশন বা ক্যান্টনমেন্ট বোর্ডের নিবন্ধক কার্যালয়ে জমা দিতে হয়। নিবন্ধক যাচাই ও অনুমোদন করলে জন্ম নিবন্ধন সম্পন্ন হয়।",অনলাইন আবেদনের ক্ষেত্রে সাধারণত তাৎক্ষণিক ফল দেখা যায় এবং সনদ প্রাপ্ত হতে সময় লাগে না। তবে বাংলাদেশের ভেতরে থাকলে সংশ্লিষ্ট নিবন্ধক কার্যালয় থেকে তাৎক্ষণিক অবস্থা জানা যায়।,False,0.0,0.5091863517060368,0.09836065573770492,0.09836065573770492,0.0,0.09836065573770492,0.7611019,0.72690374,0.74360985
birth_death_020,birth_death,অনলাইনে জন্ম নিবন্ধন করার পর পরের ধাপ কী?,"অনলাইনে আবেদন জমা দেওয়ার পর সাধারণত আবেদনপত্র প্রিন্ট করে প্রয়োজনীয় কাগজপত্রসহ সংশ্লিষ্ট ইউনিয়ন পরিষদ, পৌরসভা, সিটি কর্পোরেশন বা ক্যান্টনমেন্ট বোর্ডের নিবন্ধক কার্যালয়ে জমা দিতে হয়। নিবন্ধক যাচাই ও অনুমোদন করলে জন্ম নিবন্ধন সম্পন্ন হয়।",জন্ম নিবন্ধন আবেদন সারাংশ প্রিন্ট করে সংশ্লিষ্ট নিবন্ধক কার্যালয়ে জমা দিতে হয়।,False,0.0,0.9536423841059603,0.4782608695652174,0.4782608695652174,0.2727272727272727,0.39130434782608703,0.85858124,0.73850757,0.79403067
birth_death_021,birth_death,অনলাইনে আবেদন করার পর কাগজ জমা দিতে হবে কি?,"অনলাইনে আবেদন জমা দেওয়ার পর সাধারণত আবেদনপত্র প্রিন্ট করে প্রয়োজনীয় কাগজপত্রসহ সংশ্লিষ্ট ইউনিয়ন পরিষদ, পৌরসভা, সিটি কর্পোরেশন বা ক্যান্টনমেন্ট বোর্ডের নিবন্ধক কার্যালয়ে জমা দিতে হয়। নিবন্ধক যাচাই ও অনুমোদন করলে জন্ম নিবন্ধন সম্পন্ন হয়।",অনলাইন আবেদনের পর সাধারণত প্রিন্ট করা আবেদন ফরম ও সামারি সংযুক্ত করে সংশ্লিষ্ট নিবন্ধক কার্যালয়ে জমা দিতে হয়। তবে নির্দিষ্ট কাগজপত্র ভিন্ন হতে পারে। আবেদনের ধরন ও নিবন্ধক কার্যালয় অনুযায়ী কাগজপত্রের তালিকা নিবন্ধক কার্যালয়ে যাচাই করা উচিত।,False,0.0,0.6777251184834122,0.39436619718309857,0.39436619718309857,0.14492753623188404,0.3380281690140845,0.7998615,0.7733631,0.7863892
birth_death_075,birth_death,১৭ অংকের জন্ম নিবন্ধন নম্বর ছাড়া যাচাই করা যাবে?,জন্ম নিবন্ধন অনলাইন যাচাইয়ের জন্য ১৭ অংকের জন্ম নিবন্ধন নম্বর এবং জন্ম তারিখ প্রয়োজন। শুধু নাম দিয়ে সাধারণত অনলাইন যাচাই করা যায় না।,"জন্ম নিবন্ধন যাচাইয়ের জন্য BDRIS পোর্টালের জন্ম নিবন্ধন যাচাইয়ের অপশন ব্যবহার করতে হয়। জন্ম তারিখ, লিঙ্গ, জন্মস্থানের ঠিকানা, বর্তমান ঠিকানা, স্থায়ী ঠিকানা (যদি থাকে), এনআইডি বা পাসপোর্ট নম্বর এবং প্রয়োজনীয় পাসপোর্টের সত্যায়িত কপি দিয়ে আবেদন করতে হয়।",False,0.0,0.620253164556962,0.3666666666666667,0.3666666666666667,0.1724137931034483,0.30000000000000004,0.7341986,0.78986925,0.76101714
birth_death_076,birth_death,জন্ম নিবন্ধন যাচাই করতে শুধু নাম দিলেই হবে?,জন্ম নিবন্ধন অনলাইন যাচাইয়ের জন্য ১৭ অংকের জন্ম নিবন্ধন নম্বর এবং জন্ম তারিখ প্রয়োজন। শুধু নাম দিয়ে সাধারণত অনলাইন যাচাই করা যায় না।,"জন্ম নিবন্ধন যাচাই করতে জন্ম তারিখ, লিঙ্গ, জন্মস্থানের ঠিকানা, বর্তমান ঠিকানা, সম্পর্কীয় ব্যক্তির নাম এবং তার পরিচয়পত্র/এনআইডি নম্বর প্রয়োজন।",False,0.0,0.6271186440677966,0.4186046511627907,0.4186046511627907,0.0975609756097561,0.23255813953488372,0.7067838,0.7434565,0.72465646
birth_death_077,birth_death,নাম দিয়ে জন্ম সনদ যাচাই করা যায়?,জন্ম নিবন্ধন অনলাইন যাচাইয়ের জন্য ১৭ অংকের জন্ম নিবন্ধন নম্বর এবং জন্ম তারিখ প্রয়োজন। শুধু নাম দিয়ে সাধারণত অনলাইন যাচাই করা যায় না।,"জন্ম নিবন্ধন যাচাইয়ের জন্য BDRIS পোর্টালের জন্ম নিবন্ধন যাচাইয়ের অপশন ব্যবহার করতে হয়। জন্ম তারিখ, জন্মস্থানের ঠিকানা, লিঙ্গ, জাতীয়তা, এনআইডি বা পাসপোর্ট নম্বর এবং প্রয়োজনীয় ডকুমেন্ট দিয়ে আবেদনকারীর তথ্য দিয়ে যাচাই করা যায়।",False,0.0,0.7398843930635838,0.5,0.5,0.25925925925925924,0.42857142857142855,0.7547263,0.80604446,0.77954173
birth_death_078,birth_death,জন্ম তারিখ ছাড়া জন্ম নিবন্ধন যাচাই হবে?,জন্ম নিবন্ধন অনলাইন যাচাইয়ের জন্য ১৭ অংকের জন্ম নিবন্ধন নম্বর এবং জন্ম তারিখ প্রয়োজন। শুধু নাম দিয়ে সাধারণত অনলাইন যাচাই করা যায় না।,জন্ম নিবন্ধন অনলাইন যাচাইয়ের জন্য জন্ম তারিখ প্রয়োজন। জন্ম তারিখ ভুল হলে জন্ম নিবন্ধন তথ্য সংশোধন আবেদন করতে হবে।,False,0.0,0.736842105263158,0.47619047619047616,0.47619047619047616,0.35000000000000003,0.380952380952381,0.82583946,0.80907434,0.81737095
birth_death_079,birth_death,পুরো নম্বর না জানলে জন্ম নিবন্ধন চেক হবে?,জন্ম নিবন্ধন অনলাইন যাচাইয়ের জন্য ১৭ অংকের জন্ম নিবন্ধন নম্বর এবং জন্ম তারিখ প্রয়োজন। শুধু নাম দিয়ে সাধারণত অনলাইন যাচাই করা যায় না।,"জন্ম নিবন্ধন নম্বর অনলাইনে খুঁজে বের করতে জন্ম তারিখ, জন্মস্থানের ঠিকানা, বর্তমান ঠিকানা, স্থায়ী ঠিকানা, বর্তমান নাগরিকত্ব অঞ্চল এবং পিতা-মাতার তথ্য দিতে হয়। তথ্য সংশোধন বা আবেদন করতে প্রয়োজন হলে BDRIS পোর্টালের জন্ম নিবন্ধন তথ্য সংশোধন আবেদন অপশন ব্যবহার করতে হয়।",False,0.0,0.5442176870748299,0.27692307692307694,0.27692307692307694,0.12698412698412698,0.1846153846153846,0.7273243,0.7936821,0.75905573
birth_death_329,birth_death,BDRIS হেল্পলাইন,জন্ম ও মৃত্যু নিবন্ধন সহায়তার জন্য কল সেন্টার নম্বর ১৬১৫২। নাগরিক সমস্যার জন্য help@bdris.gov.bd ইমেইলেও যোগাযোগ করা যায়।,BDRIS হেল্পলাইন নম্বর: ১৬১৫২।,False,0.0,0.7727272727272728,0.24,0.24,0.08695652173913045,0.16,0.73802257,0.63362515,0.68185097
