id,domain,question,gold,prediction,truncated,Exact Match,Fuzzy Match,Token F1,ROUGE-1,ROUGE-2,ROUGE-L,BERT Precision,BERT Recall,BERT F1
passport_001,passport,ই-পাসপোর্ট আবেদনের পাঁচটি মূল ধাপ কী কী?,"ই-পাসপোর্ট আবেদনের ৫টি সহজ ধাপ হলো: ১. বর্তমানে আপনার এলাকায় কার্যক্রম শুরু হয়েছে কিনা তা দেখা, ২. অনলাইনে আবেদন ফরম পূরণ করা, ৩. নির্ধারিত পাসপোর্ট ফি পরিশোধ করা, ৪. ছবি ও আঙুলের ছাপের জন্য পাসপোর্ট অফিসে উপস্থিত হওয়া এবং ৫. পাসপোর্ট সংগ্রহ করা।","ই-পাসপোর্ট আবেদনের সাধারণ পাঁচটি ধাপ হলো: প্রথমে আবেদনকারীর এলাকায় ই-পাসপোর্ট সেবা চালু আছে কি না যাচাই করা, এরপর ই-পাসপোর্ট আবেদন অনলাইনে পূরণ করা, নির্ধারিত পাসপোর্ট ফি পরিশোধ করা, নির্ধারিত পাসপোর্ট অফিসে গিয়ে এনরোলমেন্ট সম্পন্ন করা এবং শেষে পাসপোর্ট সংগ্রহ করা।",False,0.0,0.6751918158567776,0.4827586206896552,0.4827586206896552,0.25882352941176473,0.45977011494252873,0.8199558,0.7975888,0.80861765
passport_179,passport,প্রবাসী শ্রমিকের ৬৪ পৃষ্ঠা ৫ বছর এক্সপ্রেস ই-পাসপোর্টে কত ডলার লাগে?,বিদেশস্থ বাংলাদেশ মিশনে শ্রমিক ও শিক্ষার্থীদের জন্য ৬৪ পৃষ্ঠা ও ৫ বছর মেয়াদের ই-পাসপোর্টের এক্সপ্রেস ডেলিভারি ফি ২০০ মার্কিন ডলার।,বিদেশস্থ বাংলাদেশ মিশনে শ্রমিক ও শিক্ষার্থীদের জন্য ৬৪ পৃষ্ঠা ও ৫ বছর মেয়াদের ই-পাসপোর্টের এক্সপ্রেস ডেলিভারি ফি ২০০ মার্কিন ডলার।,False,1.0,1.0,1.0,1.0,1.0,1.0,1.0,1.0,1.0
passport_216,passport,বিদেশে শ্রমিক শিক্ষার্থীর ৬৪ পৃষ্ঠা ৫ বছর এক্সপ্রেস ফি কত?,বিদেশস্থ বাংলাদেশ মিশনে শ্রমিক ও শিক্ষার্থীদের জন্য ৬৪ পৃষ্ঠা ও ৫ বছর মেয়াদের ই-পাসপোর্টের এক্সপ্রেস ডেলিভারি ফি ২০০ মার্কিন ডলার।,বিদেশস্থ বাংলাদেশ মিশনে শ্রমিক ও শিক্ষার্থীদের জন্য ৬৪ পৃষ্ঠা ও ৫ বছর মেয়াদের ই-পাসপোর্টের এক্সপ্রেস ডেলিভারি ফি ২০০ মার্কিন ডলার।,False,1.0,1.0,1.0,1.0,1.0,1.0,1.0,1.0,1.0
passport_241,passport,স্টুডেন্ট হিসেবে মিশনে ৬৪ পৃষ্ঠা ৫ বছর এক্সপ্রেস পাসপোর্ট ফি কত?,বিদেশস্থ বাংলাদেশ মিশনে শ্রমিক ও শিক্ষার্থীদের জন্য ৬৪ পৃষ্ঠা ও ৫ বছর মেয়াদের ই-পাসপোর্টের এক্সপ্রেস ডেলিভারি ফি ২০০ মার্কিন ডলার।,বিদেশস্থ বাংলাদেশ মিশনে শ্রমিক ও শিক্ষার্থীদের জন্য ৬৪ পৃষ্ঠা ও ৫ বছর মেয়াদের ই-পাসপোর্টের এক্সপ্রেস ডেলিভারি ফি ২০০ মার্কিন ডলার।,False,1.0,1.0,1.0,1.0,1.0,1.0,1.0,1.0,1.0
passport_291,passport,শিশুর পাসপোর্ট সংগ্রহে কী লাগবে?,অপ্রাপ্তবয়স্কের পাসপোর্ট সংগ্রহে পিতা বা মাতাকে সরাসরি আসতে হবে; অন্য কেউ সংগ্রহ করলে তার এনআইডি এবং আবেদনকারীর পিতা বা মাতার অথরাইজেশন লেটার লাগবে।,"শিশুর পাসপোর্ট সংগ্রহে ডেলিভারি স্লিপ, আবেদন সামারি, পরিচয়পত্র এবং প্রয়োজনীয় প্রমাণপত্র সঙ্গে রাখতে হবে।",False,0.0,0.4773662551440329,0.2162162162162162,0.2162162162162162,0.05714285714285715,0.16216216216216214,0.7589755,0.7341856,0.7463747
passport_135,passport,পাসপোর্ট অফিসে না গিয়ে বায়োমেট্রিক করা যাবে?,"না, বায়োমেট্রিক এনরোলমেন্টের জন্য নির্ধারিত পাসপোর্ট অফিসে উপস্থিত হতে হয়।","না, বায়োমেট্রিক এনরোলমেন্টের জন্য নির্ধারিত পাসপোর্ট অফিসে উপস্থিত হতে হয়।",False,1.0,1.0,1.0,1.0,1.0,1.0,1.0,1.0,1.0
passport_293,passport,অফিসিয়াল পাসপোর্টের জন্য সরকারি চাকরিজীবী কীভাবে আবেদন করবে?,সরকারি চাকরিজীবীকে ওয়েব পোর্টালে আবেদন করার সময় সাধারণ পাসপোর্ট হিসেবে আবেদন করতে হবে; এনরোলমেন্টের সময় পাসপোর্ট অফিসে ক্যাটাগরি অফিসিয়াল হিসেবে পরিবর্তন করা হয়। অফিসিয়াল পাসপোর্টের ক্ষেত্রে অ্যাপয়েন্টমেন্ট শিডিউল লাগে না এবং সরকারি পাসপোর্ট ৫ বছর মেয়াদের হয়।,সরকারি চাকরিজীবী ওয়েব পোর্টালে প্রথমে সাধারণ পাসপোর্ট হিসেবে আবেদন করেন এবং এনরোলমেন্টের সময় ক্যাটাগরি অফিসিয়াল হিসেবে পরিবর্তন করা হয়। অফিসিয়াল পাসপোর্টের ক্ষেত্রে অ্যাপয়েন্টমেন্ট শিডিউল লাগে না এবং সরকারি পাসপোর্ট ৫ বছর মেয়াদি হয়।,False,0.0,0.9333333333333332,0.8000000000000002,0.8000000000000002,0.6470588235294118,0.8000000000000002,0.93793416,0.9227196,0.93026465
passport_299,passport,সরকারি চাকরিজীবীর অফিসিয়াল পাসপোর্টে অ্যাপয়েন্টমেন্ট লাগে?,সরকারি চাকরিজীবীকে ওয়েব পোর্টালে আবেদন করার সময় সাধারণ পাসপোর্ট হিসেবে আবেদন করতে হবে; এনরোলমেন্টের সময় পাসপোর্ট অফিসে ক্যাটাগরি অফিসিয়াল হিসেবে পরিবর্তন করা হয়। অফিসিয়াল পাসপোর্টের ক্ষেত্রে অ্যাপয়েন্টমেন্ট শিডিউল লাগে না এবং সরকারি পাসপোর্ট ৫ বছর মেয়াদের হয়।,অফিসিয়াল পাসপোর্টের ক্ষেত্রে অ্যাপয়েন্টমেন্ট শিডিউল লাগে না।,False,0.0,1.0,0.3181818181818182,0.3181818181818182,0.2857142857142857,0.3181818181818182,0.89062387,0.7431494,0.8102306
passport_300,passport,সরকারি পাসপোর্ট কত বছরের হয়?,সরকারি চাকরিজীবীকে ওয়েব পোর্টালে আবেদন করার সময় সাধারণ পাসপোর্ট হিসেবে আবেদন করতে হবে; এনরোলমেন্টের সময় পাসপোর্ট অফিসে ক্যাটাগরি অফিসিয়াল হিসেবে পরিবর্তন করা হয়। অফিসিয়াল পাসপোর্টের ক্ষেত্রে অ্যাপয়েন্টমেন্ট শিডিউল লাগে না এবং সরকারি পাসপোর্ট ৫ বছর মেয়াদের হয়।,সরকারি পাসপোর্ট অফিসিয়াল ক্ষেত্রে ৫ বছর মেয়াদের হয়।,False,0.0,1.0,0.35555555555555557,0.35555555555555557,0.18604651162790697,0.35555555555555557,0.86735517,0.70623666,0.7785475
passport_301,passport,সরকারি পাসপোর্ট করতে শুরুতে কোন ক্যাটাগরি সিলেক্ট করব?,সরকারি চাকরিজীবীকে ওয়েব পোর্টালে আবেদন করার সময় সাধারণ পাসপোর্ট হিসেবে আবেদন করতে হবে; এনরোলমেন্টের সময় পাসপোর্ট অফিসে ক্যাটাগরি অফিসিয়াল হিসেবে পরিবর্তন করা হয়। অফিসিয়াল পাসপোর্টের ক্ষেত্রে অ্যাপয়েন্টমেন্ট শিডিউল লাগে না এবং সরকারি পাসপোর্ট ৫ বছর মেয়াদের হয়।,সরকারি পাসপোর্টের আবেদনে সরকারি চাকরিজীবী ওয়েব পোর্টালে আবেদন করার সময় সাধারণ পাসপোর্ট হিসেবে আবেদন করতে হবে; এনরোলমেন্টের সময় পাসপোর্ট অফিসে ক্যাটাগরি অফিসিয়াল হিসেবে পরিবর্তন করা হয়।,False,0.0,0.9411764705882354,0.7619047619047619,0.7619047619047619,0.6557377049180328,0.6984126984126985,0.91841537,0.86167777,0.8891423
passport_309,passport,"পূর্বের ই-পাসপোর্ট নম্বর মনে নেই, কীভাবে পাব?",পূর্ববর্তী ই-পাসপোর্ট নম্বর না জানলে প্রয়োজনীয় তথ্যের জন্য নির্ধারিত পাসপোর্ট অফিসে যোগাযোগ করুন। পূর্ববর্তী ই-পাসপোর্ট নম্বর সংগ্রহের জন্য এনআইডি ও বিআরসি নিয়ে যেতে বলা হয়েছে।,পূর্ববর্তী ই-পাসপোর্ট নম্বর না জানলে পাসপোর্ট অফিসে যোগাযোগ করতে হবে। এনআইডি ও বিআরসি নিয়ে যেতে বলা হয়েছে।,False,0.0,0.9513513513513513,0.711111111111111,0.711111111111111,0.6046511627906976,0.711111111111111,0.9333682,0.8719368,0.9016073
passport_310,passport,হারানো ই-পাসপোর্ট নম্বর পেতে কী নিয়ে যাব?,পূর্ববর্তী ই-পাসপোর্ট নম্বর না জানলে প্রয়োজনীয় তথ্যের জন্য নির্ধারিত পাসপোর্ট অফিসে যোগাযোগ করুন। পূর্ববর্তী ই-পাসপোর্ট নম্বর সংগ্রহের জন্য এনআইডি ও বিআরসি নিয়ে যেতে বলা হয়েছে।,হারানো ই-পাসপোর্ট নম্বর পেতে পূর্ববর্তী ই-পাসপোর্ট নম্বর ও বিআরসি নিয়ে যেতে বলা হয়েছে।,False,0.0,0.90625,0.6190476190476191,0.6190476190476191,0.5,0.6190476190476191,0.8779093,0.80010444,0.837203
passport_073,passport,ই-পাসপোর্টে ছবি নিয়ে যেতে হবে?,সাধারণ আবেদনকারীর আলাদা ছবি নিয়ে যাওয়ার দরকার নেই; পাসপোর্ট অফিসে এনরোলমেন্টের সময় ডিজিটাল ক্যামেরায় ছবি তোলা হয়। তবে ৬ বছরের কম শিশুর ক্ষেত্রে ৩আর সাইজের ছবি লাগতে পারে এবং ১৫ বছরের কম আবেদনকারীর ক্ষেত্রে পিতা-মাতার ছবি দাখিলের নির্দেশনা আছে।,সাধারণ আবেদনকারীর আলাদা ছবি নিয়ে যাওয়ার দরকার নেই; পাসপোর্ট অফিসে ছবি তোলা হয়। ৬ বছরের কম শিশুর ক্ষেত্রে ৩আর সাইজের ছবি লাগতে পারে এবং ১৫ বছরের কম আবেদনকারীর ক্ষেত্রে পিতা-মাতার ছবি দাখিলের নির্দেশনা আছে।,False,0.0,1.0,0.9333333333333333,0.9333333333333333,0.8767123287671232,0.9333333333333333,0.98562723,0.9387904,0.96163887
passport_074,passport,এনরোলমেন্টে ছবি কীভাবে তোলা হয়?,সাধারণ আবেদনকারীর আলাদা ছবি নিয়ে যাওয়ার দরকার নেই; পাসপোর্ট অফিসে এনরোলমেন্টের সময় ডিজিটাল ক্যামেরায় ছবি তোলা হয়। তবে ৬ বছরের কম শিশুর ক্ষেত্রে ৩আর সাইজের ছবি লাগতে পারে এবং ১৫ বছরের কম আবেদনকারীর ক্ষেত্রে পিতা-মাতার ছবি দাখিলের নির্দেশনা আছে।,পাসপোর্ট অফিসে আবেদনকারীর ছবি তোলা হয়। ছবির মান ভালো হওয়ার জন্য মুখ পরিষ্কারভাবে দেখা যায় এমন পোশাক পরা উচিত।,False,0.0,0.5135135135135136,0.20338983050847456,0.20338983050847456,0.10526315789473684,0.1694915254237288,0.7758162,0.7285711,0.7514518
passport_075,passport,ছবি কি অনলাইনে আপলোড করতে হবে?,সাধারণ আবেদনকারীর আলাদা ছবি নিয়ে যাওয়ার দরকার নেই; পাসপোর্ট অফিসে এনরোলমেন্টের সময় ডিজিটাল ক্যামেরায় ছবি তোলা হয়। তবে ৬ বছরের কম শিশুর ক্ষেত্রে ৩আর সাইজের ছবি লাগতে পারে এবং ১৫ বছরের কম আবেদনকারীর ক্ষেত্রে পিতা-মাতার ছবি দাখিলের নির্দেশনা আছে।,"প্রদত্ত তথ্যে এই প্রশ্নের উত্তর পাওয়া যায়নি। ই-পাসপোর্ট আবেদন ফরম অনলাইনে পূরণ করতে হয়, কিন্তু আলাদা ছবি সংযোজন ও ছবি সত্যায়ন করার প্রয়োজন নেই; কারণ এনরোলমেন্টের সময় পাসপোর্ট অফিসে ডিজিটাল ছবি তোলা হয়।",False,0.0,0.6098191214470284,0.3243243243243243,0.3243243243243243,0.1388888888888889,0.24324324324324323,0.77812356,0.7602493,0.76908255
passport_076,passport,পনের বছরের কম শিশুর আবেদনে পিতা-মাতার ছবি লাগে?,সাধারণ আবেদনকারীর আলাদা ছবি নিয়ে যাওয়ার দরকার নেই; পাসপোর্ট অফিসে এনরোলমেন্টের সময় ডিজিটাল ক্যামেরায় ছবি তোলা হয়। তবে ৬ বছরের কম শিশুর ক্ষেত্রে ৩আর সাইজের ছবি লাগতে পারে এবং ১৫ বছরের কম আবেদনকারীর ক্ষেত্রে পিতা-মাতার ছবি দাখিলের নির্দেশনা আছে।,৬ বছরের কম শিশুর আবেদনে পিতা-মাতার ছবি দাখিলের নির্দেশনা আছে।,False,0.0,0.9380530973451328,0.392156862745098,0.392156862745098,0.326530612244898,0.392156862745098,0.88514,0.74226326,0.8074298
passport_077,passport,পাসপোর্টের জন্য ছবি সত্যায়ন লাগে?,সাধারণ আবেদনকারীর আলাদা ছবি নিয়ে যাওয়ার দরকার নেই; পাসপোর্ট অফিসে এনরোলমেন্টের সময় ডিজিটাল ক্যামেরায় ছবি তোলা হয়। তবে ৬ বছরের কম শিশুর ক্ষেত্রে ৩আর সাইজের ছবি লাগতে পারে এবং ১৫ বছরের কম আবেদনকারীর ক্ষেত্রে পিতা-মাতার ছবি দাখিলের নির্দেশনা আছে।,"না, কোনো ছবি সত্যায়ন করার প্রয়োজন নেই।",False,0.0,0.3111111111111111,0.0851063829787234,0.0851063829787234,0.0,0.0851063829787234,0.7374436,0.6404054,0.6855074
passport_079,passport,শিশুর পাসপোর্টে ছবি লাগে কি?,সাধারণ আবেদনকারীর আলাদা ছবি নিয়ে যাওয়ার দরকার নেই; পাসপোর্ট অফিসে এনরোলমেন্টের সময় ডিজিটাল ক্যামেরায় ছবি তোলা হয়। তবে ৬ বছরের কম শিশুর ক্ষেত্রে ৩আর সাইজের ছবি লাগতে পারে এবং ১৫ বছরের কম আবেদনকারীর ক্ষেত্রে পিতা-মাতার ছবি দাখিলের নির্দেশনা আছে।,শিশুর পাসপোর্টের ক্ষেত্রে ৬ বছরের কম শিশুর ক্ষেত্রে ৩আর সাইজের ছবি লাগতে পারে।,False,0.0,0.9026548672566372,0.41509433962264153,0.41509433962264153,0.3529411764705882,0.37735849056603776,0.8899022,0.74539393,0.8112631
passport_080,passport,সাদা পোশাক পরে ছবি তুলতে পারব?,সাধারণ আবেদনকারীর আলাদা ছবি নিয়ে যাওয়ার দরকার নেই; পাসপোর্ট অফিসে এনরোলমেন্টের সময় ডিজিটাল ক্যামেরায় ছবি তোলা হয়। তবে ৬ বছরের কম শিশুর ক্ষেত্রে ৩আর সাইজের ছবি লাগতে পারে এবং ১৫ বছরের কম আবেদনকারীর ক্ষেত্রে পিতা-মাতার ছবি দাখিলের নির্দেশনা আছে।,সাধারণত ছবির মান ভালো হওয়ার জন্য মুখ পরিষ্কারভাবে দেখা যায় এমন পোশাক পরা উচিত। তবে রঙিন পোশাক পরার পরামর্শ দেওয়া হয়েছে।,False,0.0,0.3949843260188088,0.03278688524590165,0.03278688524590165,0.0,0.03278688524590165,0.7034004,0.6709225,0.68677765
passport_081,passport,৬ বছরের কম বাচ্চার জন্য ছবি কী লাগবে?,সাধারণ আবেদনকারীর আলাদা ছবি নিয়ে যাওয়ার দরকার নেই; পাসপোর্ট অফিসে এনরোলমেন্টের সময় ডিজিটাল ক্যামেরায় ছবি তোলা হয়। তবে ৬ বছরের কম শিশুর ক্ষেত্রে ৩আর সাইজের ছবি লাগতে পারে এবং ১৫ বছরের কম আবেদনকারীর ক্ষেত্রে পিতা-মাতার ছবি দাখিলের নির্দেশনা আছে।,৬ বছরের কম শিশুর আবেদনে পিতা-মাতার ছবি দাখিলের নির্দেশনা আছে।,False,0.0,0.9380530973451328,0.392156862745098,0.392156862745098,0.326530612244898,0.392156862745098,0.88514,0.74226326,0.8074298
passport_122,passport,আগের পাসপোর্টের তথ্যের সাথে নতুন তথ্য না মিললে কী করব?,"বর্তমান ঠিকানা, পেশা, জরুরি যোগাযোগ বা বৈবাহিক অবস্থা পরিবর্তন হলে নতুন তথ্য দিয়ে আবেদন করতে হবে। পেশা পরিবর্তনে পেশাগত সনদ বা স্টুডেন্ট আইডি, বৈবাহিক অবস্থায় বিবাহ সনদ, আর নাম/জন্মতারিখ/জন্মস্থান/পিতা-মাতার নাম পরিবর্তনে এনআইডি বা বিআরসি, পূর্ববর্তী পাসপোর্ট এবং প্রয়োজনীয় সহায়ক কাগজপত্র লাগতে পারে। এতে প্রসেসিং সময় বেশি লাগতে পারে।","বর্তমান ঠিকানা, পেশা, জরুরি যোগাযোগ বা বৈবাহিক অবস্থা পরিবর্তন হলে নতুন তথ্য দিয়ে আবেদন করতে হবে। পেশা পরিবর্তনে পেশাগত সনদ বা স্টুডেন্ট আইডি, বৈবাহিক অবস্থায় বিবাহ সনদ, আর নাম/জন্মতারিখ/জন্মস্থান/পিতা-মাতার নাম পরিবর্তনে এনআইডি বা বিআরসি, পূর্ববর্তী পাসপোর্ট এবং প্রয়োজনীয় সহায়ক কাগজপত্র লাগতে পারে।",False,0.0,1.0,0.9387755102040816,0.9387755102040816,0.9375,0.9387755102040816,0.993593,0.97407854,0.98373896
passport_123,passport,ঠিকানা বদলালে কীভাবে আবেদন করব?,"বর্তমান ঠিকানা, পেশা, জরুরি যোগাযোগ বা বৈবাহিক অবস্থা পরিবর্তন হলে নতুন তথ্য দিয়ে আবেদন করতে হবে। পেশা পরিবর্তনে পেশাগত সনদ বা স্টুডেন্ট আইডি, বৈবাহিক অবস্থায় বিবাহ সনদ, আর নাম/জন্মতারিখ/জন্মস্থান/পিতা-মাতার নাম পরিবর্তনে এনআইডি বা বিআরসি, পূর্ববর্তী পাসপোর্ট এবং প্রয়োজনীয় সহায়ক কাগজপত্র লাগতে পারে। এতে প্রসেসিং সময় বেশি লাগতে পারে।","বর্তমান ঠিকানা, পেশা, জরুরি যোগাযোগ বা বৈবাহিক অবস্থা পরিবর্তন হলে নতুন তথ্য দিয়ে আবেদন করতে হবে। পেশা পরিবর্তনে পেশাগত সনদ বা স্টুডেন্ট আইডি, বৈবাহিক অবস্থায় বিবাহ সনদ, আর নাম/জন্মতারিখ/জন্মস্থান/পিতা-মাতার নাম পরিবর্তনে এনআইডি বা বিআরসি, পূর্ববর্তী পাসপোর্ট এবং প্রয়োজনীয় সহায়ক কাগজপত্র লাগতে পারে।",False,0.0,1.0,0.9387755102040816,0.9387755102040816,0.9375,0.9387755102040816,0.993593,0.97407854,0.98373896
passport_124,passport,তথ্য পরিবর্তনে পাসপোর্ট দেরি হতে পারে?,"বর্তমান ঠিকানা, পেশা, জরুরি যোগাযোগ বা বৈবাহিক অবস্থা পরিবর্তন হলে নতুন তথ্য দিয়ে আবেদন করতে হবে। পেশা পরিবর্তনে পেশাগত সনদ বা স্টুডেন্ট আইডি, বৈবাহিক অবস্থায় বিবাহ সনদ, আর নাম/জন্মতারিখ/জন্মস্থান/পিতা-মাতার নাম পরিবর্তনে এনআইডি বা বিআরসি, পূর্ববর্তী পাসপোর্ট এবং প্রয়োজনীয় সহায়ক কাগজপত্র লাগতে পারে। এতে প্রসেসিং সময় বেশি লাগতে পারে।","হ্যাঁ, পেশা, বৈবাহিক অবস্থা, নাম, জন্মতারিখ, পিতা-মাতার নাম, ঠিকানা বা অন্য তথ্য পরিবর্তন হলে আবেদন করার আগে সংশোধিত প্রমাণপত্র, অঙ্গীকারনামা বা প্রয়োজনীয় নথি জমা দিতে হতে পারে। এতে প্রসেসিং সময় বেশি লাগতে পারে।",False,0.0,0.7823343848580442,0.5348837209302325,0.5348837209302325,0.26190476190476186,0.39534883720930236,0.82086974,0.7669661,0.79300296
passport_125,passport,নাম বা জন্মতারিখ পরিবর্তন করলে কী হবে?,"বর্তমান ঠিকানা, পেশা, জরুরি যোগাযোগ বা বৈবাহিক অবস্থা পরিবর্তন হলে নতুন তথ্য দিয়ে আবেদন করতে হবে। পেশা পরিবর্তনে পেশাগত সনদ বা স্টুডেন্ট আইডি, বৈবাহিক অবস্থায় বিবাহ সনদ, আর নাম/জন্মতারিখ/জন্মস্থান/পিতা-মাতার নাম পরিবর্তনে এনআইডি বা বিআরসি, পূর্ববর্তী পাসপোর্ট এবং প্রয়োজনীয় সহায়ক কাগজপত্র লাগতে পারে। এতে প্রসেসিং সময় বেশি লাগতে পারে।","নাম, জন্মতারিখ, জন্মস্থান, পিতা-মাতার নাম বা আর কোনো ব্যক্তিগত তথ্য পরিবর্তন হলে সংশোধিত প্রমাণপত্র, অঙ্গীকারনামা বা প্রয়োজনীয় নথি জমা দিতে হতে পারে।",False,0.0,0.7009345794392523,0.37333333333333335,0.37333333333333335,0.1643835616438356,0.24,0.78536195,0.70826423,0.74482334
passport_126,passport,পাসপোর্টে পেশা পরিবর্তন করতে কী লাগবে?,"বর্তমান ঠিকানা, পেশা, জরুরি যোগাযোগ বা বৈবাহিক অবস্থা পরিবর্তন হলে নতুন তথ্য দিয়ে আবেদন করতে হবে। পেশা পরিবর্তনে পেশাগত সনদ বা স্টুডেন্ট আইডি, বৈবাহিক অবস্থায় বিবাহ সনদ, আর নাম/জন্মতারিখ/জন্মস্থান/পিতা-মাতার নাম পরিবর্তনে এনআইডি বা বিআরসি, পূর্ববর্তী পাসপোর্ট এবং প্রয়োজনীয় সহায়ক কাগজপত্র লাগতে পারে। এতে প্রসেসিং সময় বেশি লাগতে পারে।",পেশা পরিবর্তনের জন্য পেশাগত সনদ বা স্টুডেন্ট আইডি প্রয়োজন।,False,0.0,0.7252747252747253,0.19672131147540986,0.19672131147540986,0.13559322033898305,0.19672131147540986,0.8472588,0.69637567,0.76444316
passport_127,passport,পেশা আর বৈবাহিক অবস্থা পরিবর্তনের প্রমাণ কী?,"বর্তমান ঠিকানা, পেশা, জরুরি যোগাযোগ বা বৈবাহিক অবস্থা পরিবর্তন হলে নতুন তথ্য দিয়ে আবেদন করতে হবে। পেশা পরিবর্তনে পেশাগত সনদ বা স্টুডেন্ট আইডি, বৈবাহিক অবস্থায় বিবাহ সনদ, আর নাম/জন্মতারিখ/জন্মস্থান/পিতা-মাতার নাম পরিবর্তনে এনআইডি বা বিআরসি, পূর্ববর্তী পাসপোর্ট এবং প্রয়োজনীয় সহায়ক কাগজপত্র লাগতে পারে। এতে প্রসেসিং সময় বেশি লাগতে পারে।","পেশা পরিবর্তনের ক্ষেত্রে পেশাগত সনদ বা স্টুডেন্ট আইডি, বৈবাহিক অবস্থা পরিবর্তনের ক্ষেত্রে বিবাহ সনদ, আর নাম/জন্মতারিখ/জন্মস্থান/পিতা-মাতার নাম পরিবর্তনে এনআইডি বা বিআরসি, পূর্ববর্তী পাসপোর্ট এবং প্রয়োজনীয় সহায়ক কাগজপত্র লাগতে পারে।",False,0.0,0.9470899470899471,0.6823529411764707,0.6823529411764707,0.6265060240963856,0.6588235294117647,0.88685966,0.8351518,0.86022943
passport_128,passport,বৈবাহিক অবস্থা বদলালে কী কাগজ দেব?,"বর্তমান ঠিকানা, পেশা, জরুরি যোগাযোগ বা বৈবাহিক অবস্থা পরিবর্তন হলে নতুন তথ্য দিয়ে আবেদন করতে হবে। পেশা পরিবর্তনে পেশাগত সনদ বা স্টুডেন্ট আইডি, বৈবাহিক অবস্থায় বিবাহ সনদ, আর নাম/জন্মতারিখ/জন্মস্থান/পিতা-মাতার নাম পরিবর্তনে এনআইডি বা বিআরসি, পূর্ববর্তী পাসপোর্ট এবং প্রয়োজনীয় সহায়ক কাগজপত্র লাগতে পারে। এতে প্রসেসিং সময় বেশি লাগতে পারে।","বৈবাহিক অবস্থা পরিবর্তনের ক্ষেত্রে প্রযোজ্য আইনি কাগজপত্র লাগতে পারে, যেমন বিবাহ সনদ, তালাক সংক্রান্ত কাগজ বা প্রযোজ্য আইন অনুযায়ী বিবাহ নিবন্ধনের সনদ।",False,0.0,0.5310734463276836,0.24324324324324326,0.24324324324324326,0.1111111111111111,0.16216216216216214,0.7712745,0.7107146,0.7397571
passport_129,passport,স্পাউস তথ্য বদলালে কী লাগবে?,"বর্তমান ঠিকানা, পেশা, জরুরি যোগাযোগ বা বৈবাহিক অবস্থা পরিবর্তন হলে নতুন তথ্য দিয়ে আবেদন করতে হবে। পেশা পরিবর্তনে পেশাগত সনদ বা স্টুডেন্ট আইডি, বৈবাহিক অবস্থায় বিবাহ সনদ, আর নাম/জন্মতারিখ/জন্মস্থান/পিতা-মাতার নাম পরিবর্তনে এনআইডি বা বিআরসি, পূর্ববর্তী পাসপোর্ট এবং প্রয়োজনীয় সহায়ক কাগজপত্র লাগতে পারে। এতে প্রসেসিং সময় বেশি লাগতে পারে।","বৈবাহিক অবস্থা পরিবর্তনের ক্ষেত্রে বিবাহ সনদ, তালাক সংক্রান্ত কাগজ বা প্রযোজ্য আইনি কাগজপত্র জমা দিতে হতে পারে।",False,0.0,0.5466666666666666,0.2028985507246377,0.2028985507246377,0.05970149253731343,0.2028985507246377,0.78631604,0.707598,0.7448831
passport_163,passport,দেশের ভিতরে ৪৮ পৃষ্ঠা ৫ বছর পাসপোর্টের সুপার এক্সপ্রেস চার্জ কত?,"বাংলাদেশের অভ্যন্তরে ৪৮ পৃষ্ঠা ও ৫ বছর মেয়াদের ই-পাসপোর্টের সুপার এক্সপ্রেস ডেলিভারি ফি ১৫% ভ্যাটসহ ৮,৬২৫ টাকা।","বাংলাদেশের অভ্যন্তরে ৪৮ পৃষ্ঠা ও ৫ বছর মেয়াদী ই-পাসপোর্টের সুপার এক্সপ্রেস ডেলিভারি ফি ১৫% ভ্যাটসহ ৮,৬২৫ টাকা।",False,0.0,0.9863013698630136,0.9473684210526315,0.9473684210526315,0.8888888888888888,0.9473684210526315,0.9885526,0.992743,0.9906434
passport_194,passport,বাংলাদেশে ৪৮ পৃষ্ঠা ৫ বছর সুপার এক্সপ্রেস পাসপোর্ট ফি কত?,"বাংলাদেশের অভ্যন্তরে ৪৮ পৃষ্ঠা ও ৫ বছর মেয়াদের ই-পাসপোর্টের সুপার এক্সপ্রেস ডেলিভারি ফি ১৫% ভ্যাটসহ ৮,৬২৫ টাকা।","বাংলাদেশের অভ্যন্তরে ৪৮ পৃষ্ঠা ও ৫ বছর মেয়াদী ই-পাসপোর্টের সুপার এক্সপ্রেস ডেলিভারি ফি ১৫% ভ্যাটসহ ৮,৬২৫ টাকা।",False,0.0,0.9863013698630136,0.9473684210526315,0.9473684210526315,0.8888888888888888,0.9473684210526315,0.9885526,0.992743,0.9906434
passport_232,passport,সুপার এক্সপ্রেস ৪৮ পৃষ্ঠা ৫ বছর ই-পাসপোর্টে কত টাকা লাগে?,"বাংলাদেশের অভ্যন্তরে ৪৮ পৃষ্ঠা ও ৫ বছর মেয়াদের ই-পাসপোর্টের সুপার এক্সপ্রেস ডেলিভারি ফি ১৫% ভ্যাটসহ ৮,৬২৫ টাকা।","বাংলাদেশের অভ্যন্তরে ৪৮ পৃষ্ঠা ও ৫ বছর মেয়াদী ই-পাসপোর্টের সুপার এক্সপ্রেস ডেলিভারি ফি ১৫% ভ্যাটসহ ৮,৬২৫ টাকা।",False,0.0,0.9863013698630136,0.9473684210526315,0.9473684210526315,0.8888888888888888,0.9473684210526315,0.9885526,0.992743,0.9906434
passport_248,passport,৪৮ পৃষ্ঠা ৫ বছর সুপার এক্সপ্রেস ডেলিভারির ফি জানতে চাই।,"বাংলাদেশের অভ্যন্তরে ৪৮ পৃষ্ঠা ও ৫ বছর মেয়াদের ই-পাসপোর্টের সুপার এক্সপ্রেস ডেলিভারি ফি ১৫% ভ্যাটসহ ৮,৬২৫ টাকা।","বাংলাদেশের অভ্যন্তরে ৪৮ পৃষ্ঠা ও ৫ বছর মেয়াদী ই-পাসপোর্টের সুপার এক্সপ্রেস ডেলিভারি ফি ১৫% ভ্যাটসহ ৮,৬২৫ টাকা।",False,0.0,0.9863013698630136,0.9473684210526315,0.9473684210526315,0.8888888888888888,0.9473684210526315,0.9885526,0.992743,0.9906434
passport_155,passport,এক্সপ্রেস ৪৮ পৃষ্ঠা ৫ বছর ই-পাসপোর্টে কত টাকা লাগে?,"বাংলাদেশের অভ্যন্তরে ৪৮ পৃষ্ঠা ও ৫ বছর মেয়াদের ই-পাসপোর্টের এক্সপ্রেস ডেলিভারি ফি ১৫% ভ্যাটসহ ৬,৩২৫ টাকা।","বাংলাদেশের অভ্যন্তরে ৪৮ পৃষ্ঠা ও ৫ বছর মেয়াদী ই-পাসপোর্টের এক্সপ্রেস ডেলিভারি ফি ৬,৩২৫ টাকা।",False,0.0,0.9545454545454546,0.8823529411764706,0.8823529411764706,0.7500000000000001,0.8823529411764706,0.9562673,0.9228084,0.9392399
passport_161,passport,দেশের ভিতরে ৪৮ পৃষ্ঠা ৫ বছর পাসপোর্টের এক্সপ্রেস চার্জ কত?,"বাংলাদেশের অভ্যন্তরে ৪৮ পৃষ্ঠা ও ৫ বছর মেয়াদের ই-পাসপোর্টের এক্সপ্রেস ডেলিভারি ফি ১৫% ভ্যাটসহ ৬,৩২৫ টাকা।","বাংলাদেশের অভ্যন্তরে ৪৮ পৃষ্ঠা ও ৫ বছর মেয়াদী ই-পাসপোর্টের এক্সপ্রেস ডেলিভারি ফি ১৫% ভ্যাটসহ ৬,৩২৫ টাকা।",False,0.0,0.9855072463768115,0.9444444444444444,0.9444444444444444,0.8823529411764706,0.9444444444444444,0.9872367,0.9918813,0.9895535
passport_192,passport,বাংলাদেশে ৪৮ পৃষ্ঠা ৫ বছর এক্সপ্রেস পাসপোর্ট ফি কত?,"বাংলাদেশের অভ্যন্তরে ৪৮ পৃষ্ঠা ও ৫ বছর মেয়াদের ই-পাসপোর্টের এক্সপ্রেস ডেলিভারি ফি ১৫% ভ্যাটসহ ৬,৩২৫ টাকা।","বাংলাদেশের অভ্যন্তরে ৪৮ পৃষ্ঠা ও ৫ বছর মেয়াদের ই-পাসপোর্টের এক্সপ্রেস ডেলিভারি ফি ৬,৩২৫ টাকা।",False,0.0,1.0,0.9411764705882353,0.9411764705882353,0.8749999999999999,0.9411764705882353,0.97326976,0.93326414,0.9528472
passport_246,passport,৪৮ পৃষ্ঠা ৫ বছর এক্সপ্রেস ডেলিভারির ফি জানতে চাই।,"বাংলাদেশের অভ্যন্তরে ৪৮ পৃষ্ঠা ও ৫ বছর মেয়াদের ই-পাসপোর্টের এক্সপ্রেস ডেলিভারি ফি ১৫% ভ্যাটসহ ৬,৩২৫ টাকা।","বাংলাদেশের অভ্যন্তরে ৪৮ পৃষ্ঠা ও ৫ বছর মেয়াদী ই-পাসপোর্টের এক্সপ্রেস ডেলিভারি ফি ৬,৩২৫ টাকা।",False,0.0,0.9545454545454546,0.8823529411764706,0.8823529411764706,0.7500000000000001,0.8823529411764706,0.9562673,0.9228084,0.9392399
passport_166,passport,দেশের ভিতরে ৬৪ পৃষ্ঠা ১০ বছর পাসপোর্টের সুপার এক্সপ্রেস চার্জ কত?,"বাংলাদেশের অভ্যন্তরে ৬৪ পৃষ্ঠা ও ১০ বছর মেয়াদের ই-পাসপোর্টের সুপার এক্সপ্রেস ডেলিভারি ফি ১৫% ভ্যাটসহ ১৩,৮০০ টাকা।","বাংলাদেশের অভ্যন্তরে ৬৪ পৃষ্ঠা ও ১০ বছর মেয়াদী ই-পাসপোর্টের সুপার এক্সপ্রেস ডেলিভারি ফি ১৫% ভ্যাটসহ ১৩,৮০০ টাকা।",False,0.0,0.9865470852017937,0.9473684210526315,0.9473684210526315,0.8888888888888888,0.9473684210526315,0.98902726,0.99294513,0.9909823
passport_197,passport,বাংলাদেশে ৬৪ পৃষ্ঠা ১০ বছর সুপার এক্সপ্রেস পাসপোর্ট ফি কত?,"বাংলাদেশের অভ্যন্তরে ৬৪ পৃষ্ঠা ও ১০ বছর মেয়াদের ই-পাসপোর্টের সুপার এক্সপ্রেস ডেলিভারি ফি ১৫% ভ্যাটসহ ১৩,৮০০ টাকা।","বাংলাদেশের অভ্যন্তরে ৬৪ পৃষ্ঠা ও ১০ বছর মেয়াদী ই-পাসপোর্টের সুপার এক্সপ্রেস ডেলিভারি ফি ১৫% ভ্যাটসহ ১৩,৮০০ টাকা।",False,0.0,0.9865470852017937,0.9473684210526315,0.9473684210526315,0.8888888888888888,0.9473684210526315,0.98902726,0.99294513,0.9909823
passport_233,passport,সুপার এক্সপ্রেস ৬৪ পৃষ্ঠা ১০ বছর ই-পাসপোর্টে কত টাকা লাগে?,"বাংলাদেশের অভ্যন্তরে ৬৪ পৃষ্ঠা ও ১০ বছর মেয়াদের ই-পাসপোর্টের সুপার এক্সপ্রেস ডেলিভারি ফি ১৫% ভ্যাটসহ ১৩,৮০০ টাকা।","বাংলাদেশের অভ্যন্তরে ৬৪ পৃষ্ঠা ও ১০ বছর মেয়াদী ই-পাসপোর্টের সুপার এক্সপ্রেস ডেলিভারি ফি ১৫% ভ্যাটসহ ১৩,৮০০ টাকা।",False,0.0,0.9865470852017937,0.9473684210526315,0.9473684210526315,0.8888888888888888,0.9473684210526315,0.98902726,0.99294513,0.9909823
passport_251,passport,৬৪ পৃষ্ঠা ১০ বছর সুপার এক্সপ্রেস ডেলিভারির ফি জানতে চাই।,"বাংলাদেশের অভ্যন্তরে ৬৪ পৃষ্ঠা ও ১০ বছর মেয়াদের ই-পাসপোর্টের সুপার এক্সপ্রেস ডেলিভারি ফি ১৫% ভ্যাটসহ ১৩,৮০০ টাকা।","বাংলাদেশের অভ্যন্তরে ৬৪ পৃষ্ঠা ও ১০ বছর মেয়াদী ই-পাসপোর্টের সুপার এক্সপ্রেস ডেলিভারি ফি ১৩,৮০০ টাকা।",False,0.0,0.9583333333333333,0.8888888888888888,0.8888888888888888,0.7647058823529411,0.8888888888888888,0.9625668,0.93270266,0.94739944
passport_026,passport,Passport e printing bhul thakle ki korbo?,১ মাসের মধ্যে পাসপোর্ট অফিসে জানাতে হবে।,১ মাসের মধ্যে পাসপোর্ট অফিসে জানাতে হবে।,False,1.0,1.0,1.0,1.0,1.0,1.0,0.9999998,0.9999998,0.9999998
passport_131,passport,আমার পাসপোর্ট ঠিক কোন তারিখে আসবে বলুন।,আমি আপনার ব্যক্তিগত আবেদনের নির্দিষ্ট ডেলিভারি তারিখ দেখতে পারি না। অ্যাপ্লিকেশন আইডি বা অনলাইন রেজিস্ট্রেশন আইডি দিয়ে পোর্টালে স্ট্যাটাস চেক করুন।,"পাসপোর্ট সাধারণত বায়োমেট্রিক এনরোলমেন্টের তারিখ থেকে ১৫ কার্যদিবস বা ২১ দিনের মধ্যে প্রদান করা হয়, রেগুলার ডেলিভারির ক্ষেত্রে।",False,0.0,0.45692883895131087,0.10256410256410256,0.10256410256410256,0.0,0.10256410256410256,0.7057732,0.6827988,0.6940959
passport_277,passport,পাসপোর্ট এক্সপায়ার হলে জরিমানা দিতে হয়?,পাসপোর্টের মেয়াদ শেষ হলে আলাদা কোনো জরিমানা দিতে হয় না। রি-ইস্যু বা রিনিউ করার ক্ষেত্রে সরকার নির্ধারিত ফি দিতে হবে।,পাসপোর্টের মেয়াদ শেষ হলে আলাদা কোনো জরিমানা দিতে হয় না। রি-ইস্যু বা রিনিউ করার ক্ষেত্রে সরকার নির্ধারিত ফি দিতে হবে।,False,1.0,1.0,1.0,1.0,1.0,1.0,0.99999994,0.99999994,0.99999994
passport_137,passport,অফলাইন পেমেন্ট করলে কোন স্লিপ লাগবে?,অফলাইন পেমেন্ট করলে এ-চালানের পেমেন্ট স্লিপ বা চালান রশিদ এনরোলমেন্টের সময় সঙ্গে রাখতে হবে।,অফলাইন পেমেন্ট করলে এ-চালানের পেমেন্ট স্লিপ বা চালান রশিদ এনরোলমেন্টের সময় সঙ্গে রাখতে হবে।,False,1.0,1.0,1.0,1.0,1.0,1.0,1.0000001,1.0000001,1.0000001
passport_105,passport,মাল্টিপল অ্যাকটিভ পাসপোর্ট থাকলে কী করতে হবে?,চেকলিস্ট অনুযায়ী মাল্টিপল অ্যাকটিভ পাসপোর্টের ক্ষেত্রে নির্ধারিত ফরম্যাটে পূরণকৃত অঙ্গীকারনামা লাগতে পারে।,চেকলিস্ট অনুযায়ী মাল্টিপল অ্যাকটিভ পাসপোর্টের ক্ষেত্রে নির্ধারিত ফরম্যাটে পূরণকৃত অঙ্গীকারনামা লাগতে পারে।,False,1.0,1.0,1.0,1.0,1.0,1.0,1.0,1.0,1.0
passport_030,passport,বাংলাদেশের অভ্যন্তরে ৪৮ পৃষ্ঠা ও ৫ বছর মেয়াদী পাসপোর্টের অতীব জরুরী ফি কত?,"৮,৬২৫ টাকা।","বাংলাদেশের অভ্যন্তরে ৪৮ পৃষ্ঠা ও ৫ বছর মেয়াদী ই-পাসপোর্টের অতীব জরুরি ডেলিভারি ফি ১২,০৭৫ টাকা।",False,0.0,0.5714285714285715,0.1,0.1,0.0,0.1,0.6190987,0.80720127,0.70074636
passport_033,passport,বাংলাদেশের অভ্যন্তরে ৬৪ পৃষ্ঠা ও ৫ বছর মেয়াদী পাসপোর্টের এক্সপ্রেস ফি কত?,"৮,৬২৫ টাকা।","বাংলাদেশের অভ্যন্তরে ৬৪ পৃষ্ঠা ও ৫ বছর মেয়াদী ই-পাসপোর্টের এক্সপ্রেস ডেলিভারি ফি ১৫% ভ্যাটসহ ৮,৬২৫ টাকা।",False,0.0,1.0,0.2857142857142857,0.2857142857142857,0.21052631578947367,0.2857142857142857,0.61302286,0.84141034,0.7092849
passport_028,passport,Ekti mobile number diye ki multiple account khola jay?,"না, একটি নম্বর দিয়ে একটি অ্যাকাউন্টই খোলা যাবে।","না, একটি নম্বর দিয়ে একটি অ্যাকাউন্টই খোলা যাবে।",False,1.0,1.0,1.0,1.0,1.0,1.0,1.0,1.0,1.0
passport_012,passport,Ami jodi nije passport collect korte na pari tobe ki onno keu parbe?,"হ্যাঁ, অনুমোদিত প্রতিনিধি পাসপোর্ট নিতে পারবে। তার কাছে আবেদনকারীর ডেলিভারি স্লিপ, নিজের NID এবং Authorization Letter থাকতে হবে।","হ্যাঁ, অনুমোদিত প্রতিনিধি পাসপোর্ট নিতে পারবে। তার কাছে আবেদনকারীর ডেলিভারি স্লিপ, নিজের NID এবং Authorization Letter থাকতে হবে।",False,1.0,1.0,1.0,1.0,1.0,1.0,1.0,1.0,1.0
passport_004,passport,"Amar boyos 21 kintu NID nai, ami ki BRC diye e-passport korte parbo?","না, কারণ ২০ বছরের বেশি বয়সী নাগরিকদের জন্য ই-পাসপোর্ট আবেদনে জাতীয় পরিচয়পত্র (NID) প্রদান করা বাধ্যতামূলক।","না, কারণ ২০ বছরের বেশি বয়সী নাগরিকের জন্য ই-পাসপোর্ট আবেদনে জাতীয় পরিচয়পত্র (NID) প্রদান করা বাধ্যতামূলক।",False,0.0,0.9952153110047847,0.9411764705882353,0.9411764705882353,0.875,0.9411764705882353,0.99604124,0.99604124,0.99604124
passport_005,passport,১৮ বছরের কম বয়সীদের পাসপোর্টের মেয়াদ ও পৃষ্ঠার সংখ্যা কত হবে?,১৮ বছরের কম বয়সী সকল আবেদনকারীর ই-পাসপোর্টের মেয়াদ হবে ৫ বছর এবং এটি অবশ্যই ৪৮ পৃষ্ঠার হবে।,১৮ বছরের কম বয়সী আবেদনকারীর ই-পাসপোর্টের মেয়াদ ৫ বছর এবং পৃষ্ঠা সংখ্যা ৪৮।,False,0.0,0.8970588235294117,0.75,0.75,0.5333333333333333,0.75,0.93071026,0.8724936,0.90066224
passport_184,passport,বাংলাদেশ মিশনে ৪৮ পৃষ্ঠা ৫ বছর রেগুলার ফি কত?,বিদেশস্থ বাংলাদেশ মিশনে সাধারণ আবেদনকারীর জন্য ৪৮ পৃষ্ঠা ও ৫ বছর মেয়াদের ই-পাসপোর্টের রেগুলার ডেলিভারি ফি ১০০ মার্কিন ডলার।,বিদেশস্থ বাংলাদেশ মিশনে সাধারণ আবেদনকারীর জন্য ৪৮ পৃষ্ঠা ও ৫ বছর মেয়াদের ই-পাসপোর্টের রেগুলার ডেলিভারি ফি ১০০ মার্কিন ডলার।,False,1.0,1.0,1.0,1.0,1.0,1.0,1.0,1.0,1.0
passport_204,passport,বিদেশ থেকে ৪৮ পৃষ্ঠা ৫ বছর রেগুলার ই-পাসপোর্টে কত ডলার লাগে?,বিদেশস্থ বাংলাদেশ মিশনে সাধারণ আবেদনকারীর জন্য ৪৮ পৃষ্ঠা ও ৫ বছর মেয়াদের ই-পাসপোর্টের রেগুলার ডেলিভারি ফি ১০০ মার্কিন ডলার।,বিদেশস্থ বাংলাদেশ মিশনে শ্রমিক ও শিক্ষার্থীদের জন্য ৪৮ পৃষ্ঠা ও ৫ বছর মেয়াদের ই-পাসপোর্টের রেগুলার ডেলিভারি ফি ৩০ মার্কিন ডলার।,False,0.0,0.9017857142857143,0.8292682926829269,0.8292682926829269,0.717948717948718,0.8292682926829269,0.9407686,0.9426042,0.9416855
passport_222,passport,বিদেশে সাধারণ আবেদনকারীর ৪৮ পৃষ্ঠা ৫ বছর রেগুলার পাসপোর্ট ফি কত?,বিদেশস্থ বাংলাদেশ মিশনে সাধারণ আবেদনকারীর জন্য ৪৮ পৃষ্ঠা ও ৫ বছর মেয়াদের ই-পাসপোর্টের রেগুলার ডেলিভারি ফি ১০০ মার্কিন ডলার।,বিদেশস্থ বাংলাদেশ মিশনে সাধারণ আবেদনকারীর জন্য ৪৮ পৃষ্ঠা ও ৫ বছর মেয়াদের ই-পাসপোর্টের রেগুলার ডেলিভারি ফি ১০০ মার্কিন ডলার।,False,1.0,1.0,1.0,1.0,1.0,1.0,1.0,1.0,1.0
passport_023,passport,Delivery slip harale ki korbo?,"Print summary, NID এবং সম্ভব হলে slip copy নিয়ে পাসপোর্ট সংগ্রহ করা যাবে।","পাসপোর্ট সংগ্রহের জন্য ডেলিভারি স্লিপ প্রয়োজন। ডেলিভারি স্লিপ হারিয়ে গেলে আবেদনকারীকে আবেদন সামারি, NID বা পরিচয়পত্র, পাসপোর্ট আবেদন নম্বর এবং সম্ভব হলে স্লিপের কপি নিয়ে সংশ্লিষ্ট পাসপোর্ট অফিসে যোগাযোগ করতে হয়।",False,0.0,0.6153846153846154,0.2727272727272727,0.2727272727272727,0.09523809523809522,0.2727272727272727,0.7002839,0.8028474,0.74806654
passport_027,passport,Mobile e SMS na pele ki passport nite parbo?,"হ্যাঁ, ইমেইল থাকলে পাসপোর্ট সংগ্রহ করা যাবে।","হ্যাঁ, ইমেইল থাকলে পাসপোর্ট সংগ্রহ করা যাবে।",False,1.0,1.0,1.0,1.0,1.0,1.0,1.0000001,1.0000001,1.0000001
passport_039,passport,বিদেশের মিশন থেকে ৪৮ পৃষ্ঠা ও ১০ বছর মেয়াদী পাসপোর্টের এক্সপ্রেস ফি কত?,১৭৫ মার্কিন ডলার।,৪৮ পৃষ্ঠা ও ১০ বছর মেয়াদী ই-পাসপোর্টের এক্সপ্রেস ডেলিভারি ফি ১৭৫ মার্কিন ডলার।,False,0.0,1.0,0.35294117647058826,0.35294117647058826,0.2666666666666667,0.35294117647058826,0.62336475,0.84277236,0.7166513
passport_042,passport,বিদেশের মিশন থেকে ৬৪ পৃষ্ঠা ও ১০ বছর মেয়াদী পাসপোর্টের নিয়মিত ফি কত?,১৭৫ মার্কিন ডলার।,বিদেশের মিশন থেকে ৬৪ পৃষ্ঠা ও ১০ বছর মেয়াদী ই-পাসপোর্টের রেগুলার ডেলিভারি ফি ১৭৫ মার্কিন ডলার।,False,0.0,1.0,0.3,0.3,0.2222222222222222,0.3,0.60915077,0.83763385,0.70535076
passport_088,passport,দেশের ভেতরে জরুরি পাসপোর্টে পুলিশ ক্লিয়ারেন্স দিলে কত দিনে পাব?,দেশের অভ্যন্তরে জরুরি পাসপোর্টের আবেদনের সাথে পুলিশ ক্লিয়ারেন্স দাখিল করা হলে এবং অন্যান্য তথ্য সঠিক থাকলে ৭ কর্মদিবসের মধ্যে পাসপোর্ট প্রদান করা হয়।,দেশের অভ্যন্তরে জরুরি পাসপোর্টের আবেদনের সাথে পুলিশ ক্লিয়ারেন্স দাখিল করা হলে এবং অন্যান্য তথ্য সঠিক থাকলে ৭ কর্মদিবসের মধ্যে পাসপোর্ট প্রদান করা হয়।,False,1.0,1.0,1.0,1.0,1.0,1.0,0.9999999,0.9999999,0.9999999
passport_103,passport,পূর্বের পাসপোর্ট আর এনআইডির তথ্য না মিললে কী দিতে হবে?,চেকলিস্ট অনুযায়ী পূর্বের পাসপোর্ট এবং এনআইডি বা বিআরসিতে তথ্য গরমিল থাকলে নির্ধারিত ফরম্যাটে পূরণকৃত অঙ্গীকারনামা লাগতে পারে।,চেকলিস্ট অনুযায়ী পূর্বের পাসপোর্ট এবং এনআইডি বা বিআরসিতে তথ্য গরমিল থাকলে নির্ধারিত ফরম্যাটে পূরণকৃত অঙ্গীকারনামা লাগতে পারে।,False,1.0,1.0,1.0,1.0,1.0,1.0,1.0000001,1.0000001,1.0000001
passport_130,passport,"আমার এনআইডি তথ্য ভুল, পাসপোর্টে অন্য তথ্য দিলে হবে?",পাসপোর্ট আবেদন এনআইডি বা বিআরসি অনুযায়ী করতে হবে। তথ্য ভুল হলে আগে সংশ্লিষ্ট কর্তৃপক্ষের মাধ্যমে সঠিক করার পর আবেদন করা নিরাপদ।,পাসপোর্ট আবেদন এনআইডি বা বিআরসি অনুযায়ী করতে হবে। তথ্য ভুল হলে আগে সংশ্লিষ্ট কর্তৃপক্ষের মাধ্যমে সঠিক করার পর আবেদন করা নিরাপদ।,False,1.0,1.0,1.0,1.0,1.0,1.0,0.99999994,0.99999994,0.99999994
passport_007,passport,সরকারি চাকরিজীবীরা নিয়মিত ফি জমা দিয়ে কি জরুরী সুবিধা পেতে পারেন?,"হ্যাঁ, সরকারি চাকরিজীবীরা যাদের অনাপত্তি সনদ (NOC) বা PRL Order আছে, তারা নিয়মিত ফি জমা দিয়েও জরুরী সুবিধা এবং জরুরী ফি জমা দিয়ে অতীব জরুরী সুবিধা পেতে পারেন।","হ্যাঁ, সরকারি চাকরিজীবীরা যাদের অনাপত্তি সনদ (NOC) বা PRL Order আছে, তারা নিয়মিত ফি জমা দিয়েও জরুরী সুবিধা এবং জরুরী ফি জমা দিয়ে অতীব জরুরী সুবিধা পেতে পারেন।",False,1.0,1.0,1.0,1.0,1.0,1.0,0.9999999,0.9999999,0.9999999
passport_029,passport,বাংলাদেশের অভ্যন্তরে ৪৮ পৃষ্ঠা ও ৫ বছর মেয়াদী পাসপোর্টের এক্সপ্রেস ফি কত?,"৬,৩২৫ টাকা।","বাংলাদেশের অভ্যন্তরে ৪৮ পৃষ্ঠা ও ৫ বছর মেয়াদী ই-পাসপোর্টের এক্সপ্রেস ডেলিভারি ফি ৬,৩২৫ টাকা।",False,0.0,1.0,0.3157894736842105,0.3157894736842105,0.23529411764705882,0.3157894736842105,0.6150549,0.8514859,0.7142121
nid_003,nid,NID আবেদন করতে কী কী ডকুমেন্ট লাগে?,"প্রিন্টেড আবেদনপত্র, পাসপোর্ট সাইজ ছবি, ১৭ ডিজিটের জন্ম নিবন্ধন, পাসপোর্ট কপি এবং পিতামাতার NID বা জন্ম সনদ প্রয়োজন হতে পারে।","NID আবেদনের জন্য অনলাইন আবেদন ফর্ম-২ক, পাসপোর্ট বা ১৭ ডিজিটের জন্ম নিবন্ধন, ছবি, পিতামাতার পরিচয়পত্র এবং বিশেষ ক্ষেত্রে ফরম-২ প্রয়োজন হতে পারে।",False,0.0,0.819672131147541,0.5909090909090908,0.5909090909090908,0.23809523809523808,0.4090909090909091,0.8359683,0.8580396,0.8468602
nid_006,nid,NID কারা আবেদন করতে পারবে?,০১ অক্টোবর ২০১০ এর আগে জন্মগ্রহণকারী বাংলাদেশী বা বাংলাদেশি বংশোদ্ভূত ব্যক্তি আবেদন করতে পারবেন।,০১ অক্টোবর ২০১০ এর আগে জন্মগ্রহণকারী বাংলাদেশী বা বাংলাদেশি বংশোদ্ভূত ব্যক্তি আবেদন করতে পারবেন।,False,1.0,1.0,1.0,1.0,1.0,1.0,1.0,1.0,1.0
nid_007,nid,যদি আগে ভোটার হয়ে থাকি তাহলে কি আবার আবেদন করতে হবে?,"না, আগে ভোটার হয়ে থাকলে নতুন নিবন্ধনের প্রয়োজন নেই।","না, আগে ভোটার হয়ে থাকলে নতুন নিবন্ধনের প্রয়োজন নেই।",False,1.0,1.0,1.0,1.0,1.0,1.0,0.9999999,0.9999999,0.9999999
nid_014,nid,NID তথ্য হালনাগাদের জন্য কী কী প্রয়োজন?,"তথ্য হালনাগাদের জন্য প্রয়োজনীয় প্রমাণপত্র যেমন জন্ম নিবন্ধন, পাসপোর্ট, ঠিকানা প্রমাণ এবং সংশ্লিষ্ট দলিলাদি জমা দিতে হয়।","তথ্য হালনাগাদের জন্য প্রয়োজনীয় প্রমাণপত্র যেমন জন্ম নিবন্ধন, পাসপোর্ট, ঠিকানা প্রমাণ এবং সংশ্লিষ্ট দলিলাদি জমা দিতে হয়।",False,1.0,1.0,1.0,1.0,1.0,1.0,1.0,1.0,1.0
nid_016,nid,NID রেজিস্ট্রেশন প্রক্রিয়া কী?,"রেজিস্ট্রেশন প্রক্রিয়ায় অনলাইন আবেদন, তথ্য যাচাই এবং বায়োমেট্রিক ডেটা সংগ্রহ অন্তর্ভুক্ত থাকে।","NID রেজিস্ট্রেশনের প্রক্রিয়া অনলাইন আবেদন, তথ্য যাচাই এবং বায়োমেট্রিক ডেটা সংগ্রহ অন্তর্ভুক্ত থাকে।",False,0.0,0.9587628865979382,0.8,0.8,0.7826086956521738,0.8,0.950588,0.96400684,0.95725036
nid_018,nid,NID অফিসের ইমেইল কী?,NID অফিসের অফিসিয়াল ইমেইল হলো info@nidw.gov.bd।,NID অফিসের অফিসিয়াল ইমেইল হলো info@nidw.gov.bd।,False,1.0,1.0,1.0,1.0,1.0,1.0,1.0,1.0,1.0
nid_019,nid,NID সেবার সময় কখন?,"NID সেবা প্রদান করা হয় রবিবার থেকে বৃহস্পতিবার, সকাল ৯:০০টা থেকে বিকাল ৫:০০টা পর্যন্ত।","NID সেবা প্রদান করা হয় রবিবার থেকে বৃহস্পতিবার, সকাল ৯:০০টা থেকে বিকাল ৫:০০টা পর্যন্ত।",False,1.0,1.0,1.0,1.0,1.0,1.0,0.9999999,0.9999999,0.9999999
nid_020,nid,NID কার্ডের তথ্য কিভাবে সংশোধন করা যায়?,"অনলাইন, এনআইডি রেজিস্ট্রেশন উইং অথবা উপজেলা/থানা/জেলা নির্বাচন অফিসে ভুল তথ্য সংশোধনের জন্য আবেদন করতে হয় এবং প্রয়োজনীয় দলিল জমা দিতে হয়।",NID কার্ডের তথ্য সংশোধনের জন্য অনলাইন আবেদন করতে হয় এবং প্রয়োজনীয় প্রমাণপত্র জমা দিতে হয়।,False,0.0,0.8496732026143791,0.6315789473684211,0.6315789473684211,0.4444444444444444,0.5789473684210527,0.8684791,0.7751106,0.8191428
nid_027,nid,NID তে পেশা পরিবর্তন করা যায় কি?,"হ্যাঁ, প্রমাণপত্রসহ আবেদন করতে হয়। তবে পেশা সাধারণত কার্ডে মুদ্রিত হয় না।","হ্যাঁ, পেশা পরিবর্তনের আবেদন করতে হয় এবং প্রমাণপত্রসহ অনলাইন থেকে আবেদন করা যায়।",False,0.0,0.7169811320754716,0.48000000000000004,0.48000000000000004,0.17391304347826086,0.32,0.8401537,0.82803273,0.8340492
nid_028,nid,NID ছবির পরিবর্তন কীভাবে করা যায়?,নিজে সরাসরি উপস্থিত হয়ে জাতীয় পরিচয় নিবন্ধন অনুবিভাগে আবেদন করতে হয়।,NID ছবি পরিবর্তনের জন্য নিজে সরাসরি উপস্থিত হয়ে জাতীয় পরিচয় নিবন্ধন অনুবিভাগে আবেদন করতে হয়।,False,0.0,1.0,0.846153846153846,0.846153846153846,0.8333333333333333,0.846153846153846,0.91388535,0.95975775,0.93626
nid_030,nid,ডাক নাম ব্যবহার করলে কীভাবে সংশোধন করবো?,"এসএসসি সনদ, এফিডেভিট, পত্রিকায় বিজ্ঞপ্তি, ওয়ারিশ সনদ এবং স্থানীয় কর্তৃপক্ষের প্রত্যয়নপত্রসহ আবেদন করতে হয়।","ডাক নাম ব্যবহার করলে এসএসসি সনদ, এফিডেভিট, পত্রিকায় বিজ্ঞপ্তি, ওয়ারিশ সনদ এবং স্থানীয় কর্তৃপক্ষের প্রত্যয়নপত্রসহ আবেদন করতে হয়।",False,0.0,1.0,0.8750000000000001,0.8750000000000001,0.8666666666666666,0.8750000000000001,0.94310445,0.97648287,0.9595034
nid_036,nid,NID তে অন্য ব্যক্তির তথ্য চলে এলে কী করবো?,প্রমাণপত্রসহ আবেদন করে বায়োমেট্রিক যাচাইয়ের মাধ্যমে সংশোধন করা হয়।,প্রমাণপত্রসহ আবেদন করে বায়োমেট্রিক যাচাইয়ের মাধ্যমে সংশোধন করা হয়।,False,1.0,1.0,1.0,1.0,1.0,1.0,0.99999994,0.99999994,0.99999994
nid_037,nid,রক্তের গ্রুপ যোগ বা সংশোধন করতে কী লাগে?,ডায়াগনস্টিক রিপোর্ট জমা দিতে হয়।,রক্তের গ্রুপ সংযোজন বা সংশোধনের জন্য মেডিক্যাল প্রতিবেদন বা ডায়াগনস্টিক রিপোর্ট জমা দিতে হয়।,False,0.0,1.0,0.5263157894736842,0.5263157894736842,0.47058823529411764,0.5263157894736842,0.7743856,0.9232897,0.8423074
nid_039,nid,স্বাক্ষর পরিবর্তন করা যায় কি?,"হ্যাঁ, নতুন স্বাক্ষরের নমুনা ও আবেদন জমা দিতে হয়। তবে একবারই পরিবর্তন করা যায়।","হ্যাঁ, নতুন স্বাক্ষরের নমুনা ও আবেদন জমা দিতে হয়, তবে একবারই পরিবর্তন করা যায়।",False,1.0,1.0,1.0,1.0,1.0,1.0,0.9859037,0.9859037,0.9859037
nid_040,nid,জন্ম তারিখ সংশোধনের প্রমাণ না থাকলে কী হবে?,তদন্ত সাপেক্ষে উপজেলা/জেলা নির্বাচন অফিস বিষয়টি যাচাই করে সিদ্ধান্ত নেয়।,"শিরোনাম: জন্ম তারিখ সংশোধনের প্রমাণ না থাকলে কী হবে
তথ্য: তদন্ত সাপেক্ষে উপজেলা/জেলা নির্বাচন অফিস বিষয়টি যাচাই করে সিদ্ধান্ত নেয়।",False,0.0,1.0,0.6875000000000001,0.6875000000000001,0.6666666666666666,0.6875000000000001,0.82504886,0.9498245,0.88305074
nid_046,nid,NID তে না থাকা কিন্তু পরিবর্তিত তথ্য কীভাবে সংশোধন করা যাবে?,"যে তথ্য NID তে প্রদর্শিত নয়, তা অনলাইনের মাধ্যমে সংশোধনের আবেদন করে আপডেট করা যায়।","যে তথ্য NID তে প্রদর্শিত নয়, তা অনলাইনের মাধ্যমে সংশোধনের আবেদন করে আপডেট করা যায়।",False,1.0,1.0,1.0,1.0,1.0,1.0,1.0,1.0,1.0
nid_049,nid,"২০০৭-২০১০ সালে ভোটার হয়েছি কিন্তু NID নেই, কী করবো?",উপজেলা বা থানা নির্বাচন অফিস থেকে কার্ড সংগ্রহ করতে পারবেন। না পেলে অনলাইনে রিইস্যুর জন্য আবেদন করতে হবে।,উপজেলা বা থানা নির্বাচন অফিস থেকে কার্ড সংগ্রহ করতে পারবেন। না পেলে অনলাইনে রিইস্যুর জন্য আবেদন করতে হবে।,False,1.0,1.0,1.0,1.0,1.0,1.0,1.0,1.0,1.0
nid_055,nid,ভোটার রেজিস্ট্রেশনে কোন বয়স বা নাম প্রযোজ্য হবে?,"এসএসসি বা সমমানের সনদের তথ্য প্রযোজ্য হবে। না থাকলে জন্ম সনদ, পাসপোর্ট বা ড্রাইভিং লাইসেন্স ব্যবহার করা যায়।","এসএসসি বা সমমানের সনদের তথ্য প্রযোজ্য হবে। না থাকলে জন্ম সনদ, পাসপোর্ট বা ড্রাইভিং লাইসেন্স ব্যবহার করা যায়।",False,1.0,1.0,1.0,1.0,1.0,1.0,1.0,1.0,1.0
nid_058,nid,নতুন ভোটার হতে কী কী লাগে?,"জন্ম নিবন্ধন, শিক্ষাগত সনদ, ঠিকানা প্রমাণ, নাগরিক সনদ, পিতামাতার NID এবং অন্যান্য প্রযোজ্য কাগজপত্র প্রয়োজন হয়।","নতুন ভোটার হতে কী কী লাগে তা নিবন্ধনের ক্ষেত্রে বিভিন্ন কাগজপত্র ও তথ্য অনুযায়ী ভিন্ন হতে পারে। সাধারণত জন্ম নিবন্ধন, শিক্ষাগত সনদ, ঠিকানা প্রমাণ, নাগরিকত্ব সনদ, পিতামাতার NID এবং অন্যান্য প্রযোজ্য কাগজপত্র প্রয়োজন হতে পারে।",False,0.0,0.9441624365482234,0.5490196078431373,0.5490196078431373,0.489795918367347,0.5490196078431373,0.8306768,0.935112,0.87980604
nid_064,nid,NID ফর্মের জন্য কি কোনো ফি লাগে?,"না, কোনো ফি লাগে না।","না, কোনো ফি লাগে না।",False,1.0,1.0,1.0,1.0,1.0,1.0,1.0,1.0,1.0
nid_066,nid,NID রিইস্যু করার জন্য জিডি নম্বর কী?,জিডি নম্বর হলো থানায় সাধারণ ডায়েরি (GD) করার পর পাওয়া রেফারেন্স নম্বর যা আবেদন করার সময় প্রয়োজন হতে পারে।,জিডি নম্বর হলো থানায় সাধারণ ডায়েরি (GD) করার পর পাওয়া রেফারেন্স নম্বর যা আবেদন করার সময় প্রয়োজন হতে পারে।,False,1.0,1.0,1.0,1.0,1.0,1.0,1.0,1.0,1.0
nid_068,nid,NID রিইস্যুর জন্য পুলিশ অফিসারের নাম কেন লাগে?,জিডি যাচাইয়ের জন্য দায়িত্বপ্রাপ্ত পুলিশ অফিসারের নাম আবেদন ফর্মে উল্লেখ করা হয়।,জিডি যাচাইয়ের জন্য দায়িত্বপ্রাপ্ত পুলিশ অফিসারের নাম আবেদন ফর্মে উল্লেখ করা হয়।,False,1.0,1.0,1.0,1.0,1.0,1.0,1.0,1.0,1.0
nid_071,nid,প্রবাসী বাংলাদেশিদের ভোটার নিবন্ধনের জন্য কী কী প্রয়োজনীয় দলিল লাগে?,"প্রবাসী বাংলাদেশিদের জন্য অনলাইনে পূরণকৃত আবেদনপত্র, অনলাইন ভেরিফাইড জন্ম নিবন্ধন সনদ, পাসপোর্ট বা বিদেশি পাসপোর্ট, পিতামাতার পরিচয়পত্র এবং পাসপোর্ট সাইজ ছবি প্রয়োজন।","প্রবাসী বাংলাদেশিদের ভোটার নিবন্ধনের জন্য অনলাইনে পূরণকৃত আবেদনপত্র (ফরম-২ক), অনলাইন ভেরিফাইড বাংলাদেশি জন্ম নিবন্ধন সনদ, পাসপোর্ট বা প্রযোজ্য নাগরিকত্ব প্রত্যয়ন, পিতা-মাতার পরিচয়সংক্রান্ত দলিল এবং এক কপি পাসপোর্ট সাইজের রঙিন ছবি প্রয়োজন।",False,0.0,0.8725868725868726,0.6181818181818182,0.6181818181818182,0.37735849056603776,0.6181818181818182,0.84684855,0.9163319,0.88022107
nid_072,nid,প্রবাসী ভোটার নিবন্ধনের জন্য কোন আবেদন ফর্ম ব্যবহার করতে হয়?,প্রবাসী ভোটার নিবন্ধনের জন্য ফরম-২ক ব্যবহার করতে হয়।,প্রবাসী ভোটার নিবন্ধনের জন্য ফরম-২ক ব্যবহার করতে হয়।,False,1.0,1.0,1.0,1.0,1.0,1.0,1.0,1.0,1.0
nid_074,nid,প্রবাসী ভোটার নিবন্ধনে পাসপোর্ট না থাকলে কী ব্যবহার করা যায়?,"মেয়াদোত্তীর্ণ বাংলাদেশি পাসপোর্ট, বিদেশি পাসপোর্ট অথবা তিনজন বাংলাদেশি NIDধারী ব্যক্তির প্রত্যয়নপত্র ব্যবহার করা যায়।","পাসপোর্ট না থাকলে মেয়াদোত্তীর্ণ বাংলাদেশি পাসপোর্ট, বিদেশি পাসপোর্ট অথবা তিনজন বাংলাদেশি NIDধারী ব্যক্তির প্রত্যয়নপত্র ব্যবহার করা যায়।",False,0.0,1.0,0.9032258064516129,0.9032258064516129,0.896551724137931,0.9032258064516129,0.9433852,0.9747977,0.9588343
nid_078,nid,বিশেষ এলাকার ভোটারদের জন্য অতিরিক্ত কী লাগে?,বিশেষ এলাকার জন্য বিশেষ তথ্য ফরম এবং অতিরিক্ত তথ্য সম্বলিত ডকুমেন্ট প্রয়োজন হতে পারে।,বিশেষ এলাকার জন্য বিশেষ তথ্য ফরম এবং অতিরিক্ত তথ্য সম্বলিত ডকুমেন্ট প্রয়োজন হতে পারে।,False,1.0,1.0,1.0,1.0,1.0,1.0,1.0,1.0,1.0
nid_081,nid,প্রবাসী ভোটার নিবন্ধন কোথায় করতে হয়?,নির্ধারিত মিশন অফিসে উপস্থিত হয়ে আবেদন করতে হয়।,নির্ধারিত বাংলাদেশ মিশন অফিসে উপস্থিত হয়ে আবেদন করতে হয়।,False,0.0,1.0,0.9411764705882353,0.9411764705882353,0.7999999999999999,0.9411764705882353,0.96276736,0.9720797,0.9674011
nid_086,nid,প্রবাসী বাংলাদেশিদের ভোটার নিবন্ধনের জন্য কোন আবেদন ফর্ম লাগে?,প্রবাসী ভোটার নিবন্ধনের জন্য ফরম-২ক (Form-2Ka) ব্যবহার করতে হয়।,প্রবাসী বাংলাদেশিদের ভোটার নিবন্ধনের জন্য ফরম-২ক (Form-2Ka) ব্যবহার করতে হয়।,False,0.0,1.0,0.9565217391304348,0.9565217391304348,0.8571428571428572,0.9565217391304348,0.9477578,0.9682082,0.9578738
nid_095,nid,প্রবাসী ভোটার নিবন্ধন কোথায় করতে হয়?,নির্ধারিত বাংলাদেশ মিশন অফিসে উপস্থিত হয়ে আবেদন করতে হয়।,নির্ধারিত বাংলাদেশ মিশন অফিসে উপস্থিত হয়ে আবেদন করতে হয়।,False,1.0,1.0,1.0,1.0,1.0,1.0,1.0,1.0,1.0
nid_098,nid,প্রবাসী ভোটার নিবন্ধনে প্রতিনিধি কি ডকুমেন্ট জমা দিতে পারে?,"হ্যাঁ, কিছু দলিল বাংলাদেশে অবস্থানরত প্রতিনিধি সংশ্লিষ্ট নির্বাচন অফিসে জমা দিতে পারে।","হ্যাঁ, প্রয়োজনীয় কিছু দলিল বাংলাদেশে অবস্থানরত প্রতিনিধি সংশ্লিষ্ট নির্বাচন অফিসে জমা দিতে পারে।",False,0.0,1.0,0.9600000000000001,0.9600000000000001,0.8695652173913043,0.9600000000000001,0.94812447,0.98683965,0.9670947
nid_108,nid,NID নতুন ভোটার হওয়ার জন্য কী কী লাগে?,"এসএসসি সনদ, জন্ম নিবন্ধন, পাসপোর্ট বা ড্রাইভিং লাইসেন্স, ঠিকানা প্রমাণ, নাগরিকত্ব সনদ এবং পিতামাতার NID কপি প্রয়োজন হতে পারে।","NID নতুন ভোটার হওয়ার জন্য সাধারণত জন্ম নিবন্ধন, শিক্ষাগত সনদ, ঠিকানা প্রমাণ, নাগরিক সনদ, পিতামাতার NID কপি এবং অন্যান্য প্রযোজ্য কাগজপত্র প্রয়োজন হতে পারে।",False,0.0,0.7486631016042782,0.6046511627906976,0.6046511627906976,0.2926829268292683,0.5116279069767442,0.84316045,0.8356286,0.8393776
nid_116,nid,প্রবাসে (টোকিও দূতাবাসে) NID আবেদন কীভাবে করতে হয়?,"প্রথমে অনলাইনে https://services.nidw.gov.bd/nid-pub ওয়েবসাইটে আবেদন করতে হয়, তারপর অ্যাপয়েন্টমেন্ট নিয়ে দূতাবাসে উপস্থিত হয়ে বায়োমেট্রিক প্রদান করতে হয়।","প্রথমে অনলাইনে https://services.nidw.gov.bd/nid-pub ওয়েবসাইটে আবেদন করতে হয়, তারপর অ্যাপয়েন্টমেন্ট নিয়ে দূতাবাসে উপস্থিত হয়ে বায়োমেট্রিক প্রদান করতে হয়।",False,1.0,1.0,1.0,1.0,1.0,1.0,1.0,1.0,1.0
nid_135,nid,লন্ডনে NID আবেদনে ফি লাগে কি?,"না, NID আবেদন প্রক্রিয়ার জন্য কোনো ফি লাগে না।","না, NID আবেদন প্রক্রিয়ার জন্য কোনো ফি লাগে না।",False,1.0,1.0,1.0,1.0,1.0,1.0,1.0,1.0,1.0
nid_141,nid,লন্ডনে NID আবেদনের শর্ত কী?,"আবেদনকারীকে অবশ্যই নতুন আবেদনকারী হতে হবে, এবং পূর্বে NID থাকলে আবেদন গ্রহণযোগ্য নয়।","আবেদনকারীকে অবশ্যই নতুন আবেদনকারী হতে হবে, এবং পূর্বে NID থাকলে আবেদন গ্রহণযোগ্য নয়।",False,1.0,1.0,1.0,1.0,1.0,1.0,1.0,1.0,1.0
nid_143,nid,লন্ডনে NID আবেদন কোথায় করতে হয়?,https://services.nidw.gov.bd/nid-pub ওয়েবসাইটে অনলাইন আবেদন করতে হয়।,লন্ডনে NID আবেদন করতে হয় এবং আবেদন প্রক্রিয়ার সম্পূর্ণ তথ্য যাচাই করা হয় এতে অনলাইন আবেদন পোর্টাল ব্যবহার করা হয়।,False,0.0,0.5434782608695652,0.3125,0.3125,0.19999999999999998,0.25,0.7274641,0.63783616,0.67970824
nid_148,nid,দুবাই কনস্যুলেটে NID আবেদন কোথায় করতে হয়?,https://services.nidw.gov.bd/nid-pub ওয়েবসাইটে অনলাইন আবেদন করতে হয়।,"অনলাইনে services.nidw.gov.bd ওয়েবসাইটে আবেদন করতে হয়, তারপর প্রয়োজনীয় কাগজপত্র ও বায়োমেট্রিক এনরোলমেন্টের জন্য দুবাই কনস্যুলেটে উপস্থিত হতে হয়।",False,0.0,0.8141592920353982,0.4848484848484849,0.4848484848484849,0.3225806451612903,0.4848484848484849,0.7509325,0.8165764,0.78238
nid_149,nid,দুবাই কনস্যুলেটে NID এর জন্য কী কী ডকুমেন্ট লাগে?,"অনলাইন আবেদন ফর্ম-২ক, ১৭ ডিজিট জন্ম নিবন্ধন, পাসপোর্ট, ছবি এবং প্রয়োজনীয় অন্যান্য পরিচয়পত্র লাগে।","অনলাইনে পূরণ করা ও স্বাক্ষরিত Form 2 (কা), বৈধ বাংলাদেশি পাসপোর্টের মূল কপি ও ফটোকপি, ১৭ ডিজিট অনলাইনে যাচাইযোগ্য জন্ম নিবন্ধনের মূল কপি ও ফটোকপি, সাম্প্রতিক রঙিন পাসপোর্ট সাইজ ছবি লাগে।",False,0.0,0.5220883534136547,0.26086956521739135,0.26086956521739135,0.045454545454545456,0.26086956521739135,0.7273733,0.7909012,0.75780815
nid_150,nid,দুবাই কনস্যুলেটে NID এর জন্য অ্যাপয়েন্টমেন্ট লাগে কি?,"হ্যাঁ, নির্ধারিত তারিখে বায়োমেট্রিকের জন্য অ্যাপয়েন্টমেন্ট প্রয়োজন।","হ্যাঁ, নির্ধারিত তারিখে বায়োমেট্রিক এনরোলমেন্টের জন্য অ্যাপয়েন্টমেন্ট প্রয়োজন।",False,0.0,0.8979591836734694,0.7999999999999999,0.7999999999999999,0.6153846153846153,0.7999999999999999,0.94158983,0.9731662,0.9571177
nid_152,nid,দুবাই কনস্যুলেটে NID প্রসেসিং টাইম কত?,"প্রসেসিং টাইম নির্ভর করে যাচাই প্রক্রিয়ার ওপর, তাই নির্দিষ্ট সময় বলা যায় না।","দুবাই কনস্যুলেটে NID প্রসেসিং টাইম নির্ভর করে যাচাই প্রক্রিয়ার ওপর, তাই নির্দিষ্ট সময় বলা যায় না।",False,0.0,1.0,0.896551724137931,0.896551724137931,0.888888888888889,0.896551724137931,0.88181573,0.94753444,0.9134946
nid_154,nid,দুবাই কনস্যুলেটে NID এর জন্য কীভাবে যাচাই হয়?,বাংলাদেশের সংশ্লিষ্ট নির্বাচন অফিস আবেদন যাচাই করে তথ্য নিশ্চিত করে।,দুবাই কনস্যুলেটে আবেদন জমা দেওয়ার পর বাংলাদেশের সংশ্লিষ্ট উপজেলা নির্বাচন অফিস আবেদনকারীর তথ্য যাচাই করে।,False,0.0,0.9322033898305085,0.64,0.64,0.2608695652173913,0.48,0.8181669,0.8980763,0.85626125
nid_162,nid,NID একাউন্ট তৈরির জন্য কী তথ্য দিতে হয়?,"NID বা Form Number, জন্ম তারিখ এবং ক্যাপচা কোড সঠিকভাবে দিতে হয়।","NID বা Form Number, জন্ম তারিখ এবং ক্যাপচা কোড সঠিকভাবে দিতে হয়।",False,1.0,1.0,1.0,1.0,1.0,1.0,1.0,1.0,1.0
nid_163,nid,তথ্য ভুল দিলে কী হবে?,তিনবারের বেশি ভুল তথ্য দিলে একাউন্ট সাময়িকভাবে লক হয়ে যেতে পারে।,তিনবারের বেশি ভুল তথ্য দিলে একাউন্ট সাময়িকভাবে লক হয়ে যেতে পারে।,False,1.0,1.0,1.0,1.0,1.0,1.0,1.0,1.0,1.0
nid_173,nid,প্রতিবন্ধী ভোটারদের জন্য কী ব্যবস্থা আছে?,প্রতিবন্ধী ও অসুস্থ ভোটারদের বাড়িতে গিয়ে নিবন্ধন সম্পন্ন করা হয়।,প্রতিবন্ধী ও অসুস্থ ভোটারদের বাড়িতে গিয়ে নিবন্ধন সম্পন্ন করা হয়।,False,1.0,1.0,1.0,1.0,1.0,1.0,1.0,1.0,1.0
nid_176,nid,প্রবাসী ভোটার নিবন্ধনে জন্ম সনদ কেন লাগে?,আবেদনকারীর পরিচয় ও নাগরিকত্ব যাচাই করার জন্য অনলাইন ভেরিফাইড জন্ম নিবন্ধন সনদ প্রয়োজন।,"প্রবাসী ভোটার নিবন্ধনে জন্ম নিবন্ধন সনদ প্রয়োজন হতে পারে, কারণ এটি নাগরিকত্ব ও পরিচয় যাচাইয়ের জন্য ব্যবহৃত হয়।",False,0.0,0.7205882352941176,0.5161290322580646,0.5161290322580646,0.20689655172413793,0.2580645161290323,0.81191003,0.8031686,0.8075156
nid_184,nid,প্রবাসী ভোটার নিবন্ধনের উদ্দেশ্য কী?,প্রবাসী বাংলাদেশিদের সঠিক পরিচয় যাচাই করে ভোটার তালিকায় অন্তর্ভুক্ত করা এবং NID প্রদান করা।,প্রবাসী ভোটার নিবন্ধনের উদ্দেশ্য হলো প্রবাসী বাংলাদেশীদের সঠিক পরিচয় যাচাই করে ভোটার তালিকায় অন্তর্ভুক্ত করা এবং NID প্রদান করা।,False,0.0,0.9202453987730062,0.7878787878787878,0.7878787878787878,0.7096774193548387,0.7878787878787878,0.8780599,0.9389227,0.90747195
nid_189,nid,NID সত্যায়নে কোন ফরম্যাটে ফাইল আপলোড করতে হয়?,"JPEG, JPG অথবা PNG ফরম্যাটে ফাইল আপলোড করতে হয়।","JPEG, JPG অথবা PNG ফরম্যাটে ফাইল আপলোড করতে হয়।",False,1.0,1.0,1.0,1.0,1.0,1.0,1.0,1.0,1.0
nid_194,nid,আবেদন করার পর কী পাওয়া যায়?,"আবেদন করার পর একটি ট্র্যাকিং নম্বর দেওয়া হয়, যা দিয়ে আবেদন ট্র্যাক করা যায়।",আবেদন করার পর এনরোলমেন্ট স্লিপ পাওয়া যায় এবং কার্ড প্রস্তুত হলে ইমেইল আসে যাতে কার্ড সংগ্রহের নির্দেশনা দেওয়া হয়।,False,0.0,0.58,0.36363636363636365,0.36363636363636365,0.1935483870967742,0.30303030303030304,0.7691573,0.8041285,0.7862542
nid_195,nid,NID সত্যায়ন আবেদন কোথায় ট্র্যাক করা যায়?,সেবা ব্যবস্থাপনা অপশন থেকে ট্র্যাকিং নম্বর ব্যবহার করে আবেদন ট্র্যাক করা যায়।,সেবা ব্যবস্থাপনা অপশন থেকে ট্র্যাকিং নম্বর ব্যবহার করে আবেদন ট্র্যাক করা যায়।,False,1.0,1.0,1.0,1.0,1.0,1.0,1.0000001,1.0000001,1.0000001
nid_205,nid,ভোটার এলাকা পরিবর্তন করা যায় কি?,"হ্যাঁ, প্রয়োজনীয় আবেদন ও যাচাই প্রক্রিয়ার মাধ্যমে ভোটার এলাকা পরিবর্তন করা যেতে পারে।","হ্যাঁ, ভোটার এলাকা পরিবর্তন করা যায়।",False,0.0,0.923076923076923,0.5263157894736842,0.5263157894736842,0.35294117647058826,0.5263157894736842,0.90745544,0.741691,0.8162423
nid_206,nid,নির্বাচন কমিশনের অফিসিয়াল ওয়েবসাইট কী?,বাংলাদেশ নির্বাচন কমিশনের অফিসিয়াল ওয়েবসাইট হলো https://ecs.gov.bd,বাংলাদেশ নির্বাচন কমিশনের অফিসিয়াল ওয়েবসাইট হলো https://ecs.gov.bd।,False,1.0,1.0,1.0,1.0,1.0,1.0,0.97501415,0.9807854,0.9778913
nid_208,nid,স্মার্ট এনআইডি কার্ড বিতরণ শুরু হলে নাগরিকদের কীভাবে জানানো হয়?,"স্মার্ট এনআইডি কার্ড বিতরণ শুরু হলে সংশ্লিষ্ট নির্বাচন অফিস এসএমএস, স্থানীয় ঘোষণা বা মাইকিংয়ের মাধ্যমে নাগরিকদের অবহিত করে।","স্মার্ট এনআইডি কার্ড বিতরণ শুরু হলে সংশ্লিষ্ট নির্বাচন অফিস এসএমএস, স্থানীয় ঘোষণা বা মাইকিংয়ের মাধ্যমে নাগরিকদের অবহিত করে।",False,1.0,1.0,1.0,1.0,1.0,1.0,1.0,1.0,1.0
nid_211,nid,পুরাতন এনআইডি কার্ড না থাকলে স্মার্ট এনআইডি কার্ড গ্রহণের জন্য কী নেওয়া যেতে পারে?,পুরাতন এনআইডি কার্ডের মূল কপি না থাকলে তার ফটোকপি নিয়ে স্মার্ট এনআইডি কার্ড গ্রহণ করা যায়।,পুরাতন এনআইডি কার্ডের মূল কপি না থাকলে তার ফটোকপি নিয়ে স্মার্ট এনআইডি কার্ড গ্রহণ করা যায়।,False,1.0,1.0,1.0,1.0,1.0,1.0,0.99999994,0.99999994,0.99999994
nid_212,nid,নিবন্ধন স্লিপ দিয়ে কি স্মার্ট এনআইডি কার্ড সংগ্রহ করা যায়?,হ্যাঁ। নতুন ভোটারের নিবন্ধন স্লিপ থাকলে অনলাইনে স্মার্ট কার্ডের স্ট্যাটাস যাচাই করে সেই স্লিপের মাধ্যমে স্মার্ট এনআইডি কার্ড সংগ্রহ করা যায়।,"হ্যাঁ, নতুন ভোটারের নিবন্ধন স্লিপ থাকলে অনলাইনে স্মার্ট কার্ডের স্ট্যাটাস যাচাই করে সেই স্লিপের মাধ্যমে স্মার্ট এনআইডি কার্ড সংগ্রহ করা যায়।",False,1.0,1.0,1.0,1.0,1.0,1.0,0.970996,0.970996,0.9709961
nid_214,nid,নতুন ভোটার আইডি অনলাইনে যাচাই করার সময় ভোটার স্লিপের ফর্ম নম্বর কীভাবে লিখতে হয়?,Claim Account-এর মাধ্যমে নতুন ভোটার আইডি যাচাই করার সময় ভোটার স্লিপের ফর্ম নম্বরের আগে 'NIDFN' যোগ করে লিখতে হয়।,ভোটার স্লিপের ফর্ম নম্বরের আগে 'NIDFN' যোগ করে লিখতে হয়।,False,0.0,1.0,0.6666666666666666,0.6666666666666666,0.6428571428571429,0.6666666666666666,0.9457598,0.85596967,0.8986274
nid_216,nid,এনআইডি অনলাইন অ্যাকাউন্টে প্রবেশের আগে বর্তমান ও স্থায়ী ঠিকানা কেন নির্বাচন করতে হয়?,আবেদনকারীর পরিচয় যাচাইয়ের জন্য নিবন্ধনের সময় দেওয়া বর্তমান ও স্থায়ী ঠিকানার তথ্য নির্বাচন করতে হয়।,আবেদনকারীর পরিচয় যাচাইয়ের জন্য নিবন্ধনের সময় দেওয়া বর্তমান ও স্থায়ী ঠিকানার তথ্য নির্বাচন করতে হয়।,False,1.0,1.0,1.0,1.0,1.0,1.0,1.0,1.0,1.0
nid_218,nid,পুরাতন ভোটারদের সার্ভার ভেরিফাইড কপি কীভাবে পাওয়া যায়?,পুরাতন এনআইডি নম্বর ও জন্মতারিখসহ স্থানীয় উপজেলা নির্বাচন অফিসে যোগাযোগ করলে সার্ভার যাচাইকৃত কপি (Server Verified Copy) সংগ্রহ করা যায়।,পুরাতন এনআইডি নম্বর ও জন্মতারিখসহ স্থানীয় উপজেলা নির্বাচন অফিসে যোগাযোগ করলে সার্ভার যাচাইকৃত কপি (Server Verified Copy) সংগ্রহ করা যায়।,False,1.0,1.0,1.0,1.0,1.0,1.0,1.0,1.0,1.0
nid_227,nid,এনআইডিতে নিজের নাম পরিবর্তনের আবেদন করলে কি ব্যক্তিগত শুনানিতে উপস্থিত হতে হয়?,হ্যাঁ। নিজের নাম পরিবর্তনের আবেদনের ক্ষেত্রে মূল কাগজপত্রসহ ব্যক্তিগত শুনানিতে উপস্থিত হতে হতে পারে।,"হ্যাঁ, নিজের নাম পরিবর্তনের আবেদনের ক্ষেত্রে মূল কাগজপত্রসহ ব্যক্তিগত শুনানিতে উপস্থিত হতে হতে পারে।",False,1.0,1.0,1.0,1.0,1.0,1.0,0.9789783,0.9789783,0.9789783
nid_230,nid,জীবিত ব্যক্তিকে ভুলক্রমে মৃত হিসেবে উল্লেখ করা হলে এনআইডি কীভাবে সংশোধন করা যায়?,"জীবিত পিতা, মাতা বা স্বামীকে ভুলক্রমে 'মৃত' হিসেবে উল্লেখ করা হলে সংশ্লিষ্ট ব্যক্তির জাতীয় পরিচয়পত্রের কপি জমা দিয়ে সংশোধনের আবেদন করতে হয়।","জীবিত ব্যক্তির এনআইডি সংশোধনের আবেদনে সংশ্লিষ্ট জীবিত ব্যক্তির জাতীয় পরিচয়পত্র বা পাসপোর্ট, অনলাইন মৃত্যু সনদ এবং প্রয়োজনীয় সম্পর্কের প্রমাণ জমা দিতে হয়।",False,0.0,0.6642857142857143,0.36363636363636365,0.36363636363636365,0.047619047619047616,0.2727272727272727,0.7865905,0.79138154,0.78897876
nid_232,nid,ডুপ্লিকেট এনআইডি নির্ধারিত সময়ে সংগ্রহ না করলে কী হতে পারে?,বিতরণের জন্য নির্ধারিত তারিখের ৭ দিনের মধ্যে ডুপ্লিকেট পরিচয়পত্র সংগ্রহ না করলে প্রশাসনিক জটিলতা সৃষ্টি হতে পারে।,বিতরণের জন্য নির্ধারিত তারিখের ৭ দিনের মধ্যে ডুপ্লিকেট পরিচয়পত্র সংগ্রহ না করলে প্রশাসনিক জটিলতা সৃষ্টি হতে পারে।,False,1.0,1.0,1.0,1.0,1.0,1.0,1.0,1.0,1.0
nid_233,nid,"এনআইডিতে নামের আগে পদবী, উপাধি বা খেতাব যুক্ত করা যায় কি?","না। জাতীয় পরিচয়পত্রে কোনো নামের পূর্বে পদবী, উপাধি বা খেতাব সংযুক্ত করা যায় না।","না। জাতীয় পরিচয়পত্রে কোনো নামের পূর্বে পদবী, উপাধি বা খেতাব সংযুক্ত করা যায় না।",False,1.0,1.0,1.0,1.0,1.0,1.0,1.0,1.0,1.0
nid_235,nid,এনআইডির সঙ্গে যুক্ত হারিয়ে যাওয়া সিম পুনরায় তুললে কি মোবাইল নম্বর পরিবর্তন করতে হয়?,না। হারিয়ে যাওয়া সিম একই নম্বরে রিপ্লেসমেন্ট নিলে আগের নম্বরেই OTP গ্রহণ করা যায় এবং মোবাইল নম্বর পরিবর্তনের প্রয়োজন হয় না।,না। হারিয়ে যাওয়া সিম একই নম্বরে রিপ্লেসমেন্ট নিলে আগের নম্বরেই OTP গ্রহণ করা যায় এবং মোবাইল নম্বর পরিবর্তনের প্রয়োজন হয় না।,False,1.0,1.0,1.0,1.0,1.0,1.0,1.0,1.0,1.0
nid_238,nid,পুরোনো মোবাইল নম্বর ব্যবহার করা সম্ভব না হলে কী করতে হবে?,পুরোনো নম্বর ব্যবহার করা সম্ভব না হলে NID Application Services পোর্টালে নতুন মোবাইল নম্বর যুক্ত করতে বা নির্বাচন অফিসের মাধ্যমে নম্বর পরিবর্তনের আবেদন করতে হয়।,পুরোনো নম্বর ব্যবহার করা সম্ভব না হলে NID Application Services পোর্টালে নতুন মোবাইল নম্বর যুক্ত করতে বা নির্বাচন অফিসের মাধ্যমে নম্বর পরিবর্তনের আবেদন করতে হয়।,False,1.0,1.0,1.0,1.0,1.0,1.0,1.0,1.0,1.0
nid_241,nid,মোবাইল নম্বর পরিবর্তনের সময় NID Wallet অ্যাপ কেন ব্যবহার করতে হয়?,ব্যবহারকারীর পরিচয় নিশ্চিত করার জন্য NID Wallet অ্যাপের মাধ্যমে লাইভ ফেস ভেরিফিকেশন সম্পন্ন করতে হয়।,NID Wallet অ্যাপ ব্যবহার করে লাইভ ফেস ভেরিফিকেশন সম্পন্ন করতে হয়।,False,0.0,0.8392857142857143,0.6153846153846153,0.6153846153846153,0.5,0.6153846153846153,0.9542048,0.8785752,0.9148296
nid_249,nid,১৭ ডিজিটের এনআইডি নম্বরের শেষ ছয়টি সংখ্যা কী নির্দেশ করে?,শেষ ছয়টি সংখ্যা ভোটার নিবন্ধনের সময় ব্যবহৃত ফর্ম বা ভোটার সিরিয়ালের শেষ ছয়টি সংখ্যা নির্দেশ করে।,শেষ ছয়টি সংখ্যা ভোটার নিবন্ধনের সময় ব্যবহৃত ফর্ম বা ভোটার সিরিয়ালের শেষ ছয়টি সংখ্যা নির্দেশ করে।,False,1.0,1.0,1.0,1.0,1.0,1.0,1.0,1.0,1.0
nid_256,nid,এনআইডি নম্বর সঠিক হলে অনলাইনে কী তথ্য দেখা যায়?,"এনআইডি নম্বর সঠিক হলে ভোটারের নাম, ভোটার সিরিয়াল নম্বর, ১০ ডিজিটের NID নম্বর, ১৭ ডিজিটের PIN নম্বর এবং ভোটার এলাকার তথ্য দেখা যায়।","এনআইডি নম্বর সঠিক হলে অনলাইনে ভোটারের নাম, ভোটার সিরিয়াল নম্বর, ১০ ডিজিটের NID নম্বর, ১৭ ডিজিটের PIN নম্বর এবং ভোটার এলাকার তথ্য দেখা যায়।",False,0.0,1.0,0.9787234042553191,0.9787234042553191,0.9333333333333332,0.9787234042553191,0.9719623,0.99018323,0.98098814
nid_269,nid,চাকরিজীবী হলে এনআইডিতে পেশা পরিবর্তনের জন্য কী কাগজপত্র জমা দেওয়া যায়?,"নিয়োগপত্র, অফিস আইডি কার্ড অথবা প্রতিষ্ঠানের প্রত্যয়নপত্র জমা দেওয়া যায়।","চাকরিজীবী হলে এনআইডিতে পেশা পরিবর্তনের জন্য নিয়োগপত্র, অফিস আইডি কার্ড অথবা প্রতিষ্ঠানের প্রত্যয়নপত্র জমা দেওয়া যায়।",False,0.0,1.0,0.7692307692307693,0.7692307692307693,0.7499999999999999,0.7692307692307693,0.8536582,0.9483812,0.8985302
nid_278,nid,এনআইডি নবায়নের আবেদন কীভাবে করা যায়?,নির্ধারিত ফর্ম পূরণ করে সরাসরি নির্বাচন অফিসে অথবা নির্বাচন কমিশনের অনলাইন সেবার মাধ্যমে আবেদন করা যায়।,নির্ধারিত ফর্ম পূরণ করে সরাসরি নির্বাচন অফিসে অথবা নির্বাচন কমিশনের অনলাইন সেবার মাধ্যমে আবেদন করা যায়।,False,1.0,1.0,1.0,1.0,1.0,1.0,0.99999994,0.99999994,0.99999994
nid_279,nid,এনআইডি নবায়নের সময় কি ফি পরিশোধ করতে হয়?,হ্যাঁ। এনআইডি নবায়নের জন্য নির্ধারিত ফি পরিশোধ করতে হয়।,"হ্যাঁ, এনআইডি নবায়নের জন্য নির্ধারিত ফি পরিশোধ করতে হয়।",False,1.0,1.0,1.0,1.0,1.0,1.0,0.9742049,0.9742049,0.9742049
nid_281,nid,সাধারণ এনআইডি নবায়নের আবেদন কোথায় জমা দিতে হয়?,সাধারণ নবায়নের আবেদন সংশ্লিষ্ট স্থানীয় নির্বাচন অফিসে জমা দিতে হয়।,সাধারণ নবায়নের আবেদন সংশ্লিষ্ট স্থানীয় নির্বাচন অফিসে জমা দিতে হয়।,False,1.0,1.0,1.0,1.0,1.0,1.0,1.0000001,1.0000001,1.0000001
nid_286,nid,বাংলাদেশ নির্বাচন কমিশনের NID কল সেন্টারের নম্বর কত?,বাংলাদেশ নির্বাচন কমিশনের জাতীয় পরিচয়পত্র (NID) কল সেন্টারের নম্বর ১০৫।,বাংলাদেশ নির্বাচন কমিশনের NID কল সেন্টারের নম্বর ১০৫।,False,0.0,1.0,0.888888888888889,0.888888888888889,0.75,0.888888888888889,0.9679777,0.90140235,0.9335046
nid_289,nid,কুমিল্লা আঞ্চলিক নির্বাচন অফিসের যোগাযোগ নম্বর কত?,কুমিল্লা আঞ্চলিক নির্বাচন অফিসের যোগাযোগ নম্বর: 081-74291।,কুমিল্লা আঞ্চলিক নির্বাচন অফিসের যোগাযোগ নম্বর: 081-74291।,False,1.0,1.0,1.0,1.0,1.0,1.0,1.0,1.0,1.0
nid_300,nid,ভোটার নিবন্ধনের সময় আবেদনকারীকে কী দেওয়া হয়?,ভোটার নিবন্ধন ফরম পূরণের পর আবেদনকারীকে নির্ধারিত দিনে ছবি ও বায়োমেট্রিক তথ্য প্রদানের জন্য একটি স্লিপ দেওয়া হয়।,ভোটার নিবন্ধনের সময় আবেদনকারীকে নির্ধারিত দিনে ছবি ও বায়োমেট্রিক তথ্য প্রদানের জন্য একটি স্লিপ দেওয়া হয়।,False,0.0,0.9411764705882354,0.823529411764706,0.823529411764706,0.7500000000000001,0.823529411764706,0.98075545,0.94698215,0.963573
nid_304,nid,একই ব্যক্তি একাধিকবার ভোটার নিবন্ধন করলে কীভাবে শনাক্ত করা হয়?,বায়োমেট্রিক মিলিয়ে একাধিক নিবন্ধন শনাক্ত করে তা বাতিল করা হয়।,বায়োমেট্রিক মিলিয়ে একাধিক নিবন্ধন শনাক্ত করে তা বাতিল করা হয়।,False,1.0,1.0,1.0,1.0,1.0,1.0,1.0,1.0,1.0
nid_307,nid,যোগ্য হওয়া সত্ত্বেও ভোটার তালিকায় নাম না থাকলে কোথায় আবেদন করতে হয়?,যোগ্য ব্যক্তি ভোটার তালিকায় নাম না থাকলে নির্ধারিত ফরমে জেলা নির্বাচন কর্মকর্তার কাছে আবেদন করতে পারেন।,যোগ্য ব্যক্তি ভোটার তালিকায় নাম না থাকলে নির্ধারিত ফরমে জেলা নির্বাচন কর্মকর্তার কাছে আবেদন করতে পারেন।,False,1.0,1.0,1.0,1.0,1.0,1.0,1.0,1.0,1.0
tin_098,tin,টিআইএন ব্যবহারকারী আইডি বা পাসওয়ার্ড ভুলে গেলে কী করতে হবে?,incometax.gov.bd পোর্টালে নিবন্ধিত মোবাইল নম্বর বা ই-মেইল ব্যবহার করে ‘ফরগট পাসওয়ার্ড’ বা রিকভারি অপশন ব্যবহার করতে হবে।,incometax.gov.bd পোর্টালে নিবন্ধিত মোবাইল নম্বর বা ই-মেইল ব্যবহার করে ‘ফরগট পাসওয়ার্ড’ বা রিকভারি অপশন ব্যবহার করতে হবে।,False,1.0,1.0,1.0,1.0,1.0,1.0,1.0,1.0,1.0
tin_215,tin,কোম্পানি কি আমদানি ও রপ্তানি কার্যক্রমের জন্য টিআইএন ব্যবহার করতে পারে?,"হ্যাঁ, আমদানি ও রপ্তানি কার্যক্রমের জন্য টিআইএন প্রয়োজন হয়।","হ্যাঁ, আমদানি ও রপ্তানি কার্যক্রমের জন্য টিআইএন প্রয়োজন হয়।",False,1.0,1.0,1.0,1.0,1.0,1.0,1.0000001,1.0000001,1.0000001
tin_226,tin,বর্তমান অফিসিয়াল গাইডে টিআইএন আবেদনের সুপারিশকৃত পদ্ধতি কী?,নিবেদিত ই-টিআইএন পোর্টালের মাধ্যমে সম্পূর্ণ অনলাইনে আবেদন করা সুপারিশ করা হয়েছে।,বর্তমান অফিসিয়াল গাইডে টিআইএন আবেদনের সুপারিশকৃত পদ্ধতি হলো incometax.gov.bd ই-টিআইএন পোর্টালের মাধ্যমে সম্পূর্ণ অনলাইনে আবেদন করা।,False,0.0,0.8217054263565892,0.5161290322580646,0.5161290322580646,0.4827586206896552,0.5161290322580646,0.8102872,0.8700141,0.83908916
tin_087,tin,বাংলাদেশি ও বিদেশি মালিকানাধীন কোম্পানির টিআইএন প্রক্রিয়া কি একই?,"অনলাইন প্রক্রিয়া মূলত একই, তবে বিদেশি কোম্পানিকে শাখা বা লিয়াজোঁ অফিস নিবন্ধনের মতো অতিরিক্ত দলিল দিতে হতে পারে।","হ্যাঁ, অনলাইন প্রক্রিয়া মূলত একই। তবে বিদেশি কোম্পানিকে শাখা বা লিয়াজোঁ অফিস নিবন্ধনের মতো অতিরিক্ত দলিল দিতে হতে পারে।",False,0.0,1.0,0.972972972972973,0.972972972972973,0.9714285714285714,0.972972972972973,0.95917284,0.9782086,0.9685972
tin_214,tin,টিআইএন ইস্যুর সময় এনবিআরের প্রধান লক্ষ্য কী?,"কর আইন কার্যকরভাবে পরিচালনা, পরিপালন পর্যবেক্ষণ এবং স্বচ্ছতা নিশ্চিত করা এনবিআরের প্রধান লক্ষ্য।","টিআইএন ইস্যুর সময় এনবিআরের প্রধান লক্ষ্য হলো কর আইন কার্যকরভাবে পরিচালনা, কর পরিপালন পর্যবেক্ষণ এবং কর্পোরেট আর্থিক কার্যক্রমে স্বচ্ছতা নিশ্চিত করা।",False,0.0,1.0,0.7647058823529412,0.7647058823529412,0.5625000000000001,0.588235294117647,0.83304906,0.91093874,0.8702545
tin_040,tin,টিআইএন নিবন্ধনে পেশাদার সহায়তার জন্য কার সঙ্গে যোগাযোগ করা যায়?,"পেশাদার সহায়তার জন্য হাবিব মোরশেদ (+8801678148367, morshed@ogrlegal.com) অথবা সাজ্জাদ হোসেন (+8801682571960, Sazzad@ogrlegal.com)-এর সঙ্গে যোগাযোগ করা যায়।","টিআইএন নিবন্ধনে পেশাদার সহায়তার জন্য হাবিব মোরশেদ (+8801678148367, morshed@ogrlegal.com) অথবা সাজ্জাদ হোসেন (+8801682571960, Sazzad@ogrlegal.com)-এর সঙ্গে যোগাযোগ করা যায়।",False,0.0,1.0,0.9545454545454545,0.9545454545454545,0.9523809523809523,0.9545454545454545,0.94760954,0.9861241,0.96648324
tin_197,tin,এফএম অ্যাসোসিয়েটস গাইডে ই-টিআইএনের প্রধান সুবিধা কী বলা হয়েছে?,"প্রক্রিয়াটি সহজ, ঝামেলামুক্ত ও ডিজিটাল হওয়ায় সময় বাঁচে এবং ঝামেলা কমে।","গাইডে ই-টিআইএনের প্রধান সুবিধা হলো পুরো প্রক্রিয়াকে ডিজিটাল, দ্রুত, কাগজবিহীন ও স্বচ্ছ করেছে এবং কর প্রশাসনের দক্ষতা বাড়িয়েছে।",False,0.0,0.45454545454545453,0.19999999999999998,0.19999999999999998,0.0,0.13333333333333333,0.6938399,0.739994,0.7161742
tin_088,tin,সরকারি দরপত্রে টিআইএন থাকার একটি প্রধান সুবিধা কী?,বাংলাদেশে সরকারি দরপত্র বা ক্রয় প্রক্রিয়ায় অংশগ্রহণের জন্য বৈধ টিআইএন বাধ্যতামূলক।,"বৈধ টিআইএন বাধ্যতামূলক এবং সরকারি দরপত্র, প্রকিউরমেন্ট বা সরবরাহকারীর নিবন্ধনে কোম্পানির টিআইএন প্রয়োজন হতে পারে।",False,0.0,0.656084656084656,0.4615384615384615,0.4615384615384615,0.25,0.30769230769230765,0.7464561,0.80109274,0.77281
tin_219,tin,এফএম অ্যাসোসিয়েটস গাইডে ডিজিটালাইজেশনের প্রধান সুবিধা কী বলা হয়েছে?,ডিজিটালাইজেশনের ফলে অনেক ঝামেলা ও সময় সাশ্রয় হয়েছে।,ডিজিটালাইজেশনের ফলে অনেক ঝামেলা ও সময় সাশ্রয় হয়েছে।,False,1.0,1.0,1.0,1.0,1.0,1.0,1.0000001,1.0000001,1.0000001
tin_182,tin,অফিসিয়াল গাইডে এনবিআরের কয়টি যোগাযোগ ই-মেইল দেওয়া আছে?,অফিসিয়াল গাইডে তিনটি ফিডব্যাক ই-মেইল দেওয়া আছে।,অফিসিয়াল গাইডে তিনটি ফিডব্যাক ই-মেইল দেওয়া আছে।,False,1.0,1.0,1.0,1.0,1.0,1.0,1.0000001,1.0000001,1.0000001
tin_041,tin,ফ্লোচার্টে চূড়ান্ত আবেদন জমা দেওয়ার ঠিক আগের ধাপ কী?,চূড়ান্ত আবেদন জমা দেওয়ার ঠিক আগের ধাপ হলো আবেদন সারাংশ পর্যালোচনা করা।,চূড়ান্ত আবেদন জমা দেওয়ার ঠিক আগের ধাপ হলো আবেদন সারাংশ পর্যালোচনা করা।,False,1.0,1.0,1.0,1.0,1.0,1.0,1.0,1.0,1.0
tin_002,tin,বাংলাদেশে কোন কর্তৃপক্ষ টিআইএন সার্টিফিকেট ইস্যু করে?,বাংলাদেশে টিআইএন ইস্যু ও পরিচালনার একমাত্র সরকারি কর্তৃপক্ষ হলো জাতীয় রাজস্ব বোর্ড বা এনবিআর। সাধারণত incometax.gov.bd ই-টিআইএন পোর্টালের মাধ্যমে এই প্রক্রিয়া সম্পন্ন হয়।,বাংলাদেশে টিআইএন ইস্যু ও পরিচালনার একমাত্র সরকারি কর্তৃপক্ষ হলো জাতীয় রাজস্ব বোর্ড বা এনবিআর।,False,0.0,1.0,0.7000000000000001,0.7000000000000001,0.6842105263157895,0.7000000000000001,0.957941,0.82939786,0.88904715
tin_072,tin,প্রথম চেষ্টায় ভুল হলে কতবার রেজিস্ট্রেশন চেষ্টা করা যায়?,সফলভাবে সম্পন্ন না হওয়া পর্যন্ত প্রয়োজন অনুযায়ী রেজিস্ট্রেশন প্রক্রিয়া পুনরায় শুরু করা যায়।,সফলভাবে সম্পন্ন না হওয়া পর্যন্ত প্রয়োজন অনুযায়ী রেজিস্ট্রেশন প্রক্রিয়া পুনরায় শুরু করা যায়।,False,1.0,1.0,1.0,1.0,1.0,1.0,1.0000001,1.0000001,1.0000001
tin_152,tin,কোন ফ্লোচার্ট ছবিতে বিস্তারিত অনলাইন আবেদন ফরম পূরণ থেকে টিআইএন সার্টিফিকেট ডাউনলোড বা প্রিন্ট পর্যন্ত ধাপ দেখানো হয়েছে?,TIN_2.png ফ্লোচার্টে এই ধাপগুলো দেখানো হয়েছে।,TIN_2.png ফ্লোচার্টে এই ধাপগুলো দেখানো হয়েছে।,False,1.0,1.0,1.0,1.0,1.0,1.0,1.0,1.0,1.0
tin_115,tin,টিআইএন সহায়তার প্রথম যোগাযোগ ব্যক্তির ফোন নম্বর কী?,প্রথম যোগাযোগ ব্যক্তি হাবিব মোরশেদের ফোন নম্বর হলো +8801678148367।,টিআইএন সহায়তার প্রথম যোগাযোগ ব্যক্তি হাবিব মোরশেদের ফোন নম্বর +8801678148367।,False,0.0,0.967741935483871,0.8421052631578948,0.8421052631578948,0.7058823529411765,0.8421052631578948,0.8982299,0.95128137,0.9239948
tin_057,tin,টিআইএন সহায়তার জন্য কতজন যোগাযোগ ব্যক্তির নাম দেওয়া আছে?,টিআইএন সহায়তার জন্য দুইজনের নাম দেওয়া আছে: হাবিব মোরশেদ ও সাজ্জাদ হোসেন।,টিআইএন সহায়তার জন্য দুইজনের নাম দেওয়া আছে: হাবিব মোরশেদ ও সাজ্জাদ হোসেন।,False,1.0,1.0,1.0,1.0,1.0,1.0,0.99999994,0.99999994,0.99999994
tin_108,tin,বিদেশি বিনিয়োগকারীদের জন্যও কি টিআইএন প্রক্রিয়া বিনামূল্যে?,"হ্যাঁ। কোম্পানি দেশীয় বা বিদেশি মালিকানাধীন যাই হোক, টিআইএন নেওয়ার জন্য কোনো সরকারি ফি নেই।","হ্যাঁ, কোম্পানি দেশীয় বা বিদেশি মালিকানাধীন যাই হোক, টিআইএন নেওয়ার জন্য কোনো সরকারি ফি নেই।",False,1.0,1.0,1.0,1.0,1.0,1.0,0.98439693,0.98439693,0.98439693
tin_222,tin,অফিসিয়াল গাইডের দ্বিতীয় যোগাযোগ ব্যক্তির সঠিক ফোন নম্বর কী?,দ্বিতীয় যোগাযোগ ব্যক্তি সাজ্জাদ হোসেনের ফোন নম্বর +8801682571960।,দ্বিতীয় যোগাযোগ ব্যক্তি সাজ্জাদ হোসেনের ফোন নম্বর +8801682571960।,False,1.0,1.0,1.0,1.0,1.0,1.0,1.0,1.0,1.0
tin_183,tin,হাবিব মোরশেদের সঠিক ফোন নম্বর কী?,হাবিব মোরশেদের ফোন নম্বর +8801678148367।,হাবিব মোরশেদের ফোন নম্বর +8801678148367।,False,1.0,1.0,1.0,1.0,1.0,1.0,1.0,1.0,1.0
tin_169,tin,তিনটি ছবিতে মোট কয়টি ফ্লোচার্ট দেওয়া হয়েছে?,"মোট তিনটি আলাদা ফ্লোচার্ট দেওয়া হয়েছে, যা প্রক্রিয়ার ভিন্ন অংশ দেখায়।",প্রদত্ত তথ্যে এই প্রশ্নের উত্তর পাওয়া যায়নি।,False,0.0,0.39655172413793105,0.0,0.0,0.0,0.0,0.687164,0.67581916,0.68144435
tin_187,tin,দুই উৎস অনুযায়ী কোম্পানি কি টিআইএন ছাড়া পরিচালনা করা যায়?,"না। কোম্পানি, শাখা অফিস এবং লিয়াজোঁ অফিসসহ সব ব্যবসায়িক প্রতিষ্ঠানের জন্য টিআইএন বাধ্যতামূলক।","না। কোম্পানি, শাখা অফিস এবং লিয়াজোঁ অফিসসহ সব ব্যবসায়িক প্রতিষ্ঠানের জন্য টিআইএন বাধ্যতামূলক।",False,1.0,1.0,1.0,1.0,1.0,1.0,0.9999999,0.99999994,0.99999994
tin_051,tin,কোম্পানির টিআইএন কি পরিচালকদের ব্যক্তিগত করের জন্য ব্যবহার করা যায়?,না। কোম্পানির টিআইএন কর্পোরেট কর পরিপালনের জন্য। পরিচালকদের ব্যক্তিগত আয়করের জন্য আলাদা ব্যক্তিগত টিআইএন লাগতে পারে।,না। কোম্পানির টিআইএন কোম্পানির কর্পোরেট কর পরিপালনের জন্য ব্যবহৃত হয়। পরিচালকদের ব্যক্তিগত আয়করের জন্য আলাদা ব্যক্তিগত টিআইএন লাগতে পারে।,False,0.0,1.0,0.9142857142857143,0.9142857142857143,0.7878787878787877,0.9142857142857143,0.9498641,0.96106744,0.9554329
tin_145,tin,এফএম অ্যাসোসিয়েটস অনুযায়ী ই-টিআইএন পাওয়ার প্রথম ধাপ কী?,প্রথম ধাপ হলো https://secure.incometax.gov.bd/TINHome ওয়েবসাইটে গিয়ে ব্যবহারকারী আইডি তৈরি করা।,প্রথম ধাপ হলো https://secure.incometax.gov.bd/TINHome ওয়েবসাইটে গিয়ে ব্যবহারকারী আইডি তৈরি করা।,False,1.0,1.0,1.0,1.0,1.0,1.0,0.9999999,0.9999999,0.9999999
tin_234,tin,অফিসিয়াল গাইডে অনলাইন টিআইএনের সঠিক প্রসেসিং সময় কত?,অফিসিয়াল গাইডে অনলাইন টিআইএনের প্রসেসিং সময় ১৫ থেকে ২০ মিনিট বলা হয়েছে।,অফিসিয়াল গাইডে অনলাইন টিআইএনের সঠিক প্রসেসিং সময় ১৫ থেকে ২০ মিনিট বলা হয়েছে।,False,0.0,1.0,0.9600000000000001,0.9600000000000001,0.8695652173913043,0.9600000000000001,0.9765916,0.994507,0.98546785
tin_156,tin,এফএম অ্যাসোসিয়েটস অনুযায়ী ব্যক্তিগত অনলাইন আবেদন শুরু করার আগে কী কী লাগে?,"আবেদনকারীর ঠিকানা, ফোন নম্বর, জাতীয় পরিচয়পত্র বা পাসপোর্টের কপি এবং ব্যক্তিগত তথ্য দরকার হয়।","ব্যক্তিগত অনলাইন আবেদন শুরু করার আগে ঠিকানা, ফোন নম্বর, জাতীয় পরিচয়পত্র বা পাসপোর্টের কপি এবং ব্যক্তিগত তথ্য দরকার হয়।",False,0.0,0.9364161849710984,0.7878787878787878,0.7878787878787878,0.7741935483870968,0.7878787878787878,0.9215663,0.95450056,0.9377443
tin_130,tin,ম্যানুয়াল টিআইএন আবেদনে আবেদনকারী কোম্পানি হলে কোন ডকুমেন্ট বাধ্যতামূলক?,কোম্পানি হলে কোম্পানি ইনকরপোরেশন সার্টিফিকেট এবং মেমোরেন্ডাম ও আর্টিকেলস অব অ্যাসোসিয়েশনের কপি বাধ্যতামূলক।,কোম্পানি হলে কোম্পানি ইনকরপোরেশন সার্টিফিকেট এবং মেমোরেন্ডাম ও আর্টিকেলস অব অ্যাসোসিয়েশনের কপি বাধ্যতামূলক।,False,1.0,1.0,1.0,1.0,1.0,1.0,1.0,1.0,1.0
tin_060,tin,সাপ্তাহিক ছুটি বা সরকারি ছুটির দিনে কি টিআইএন আবেদন করা যায়?,হ্যাঁ। অনলাইন পোর্টাল ২৪ ঘণ্টা চালু থাকে এবং অফিস সময়ের বাইরে বা ছুটির দিনেও সার্টিফিকেট তাৎক্ষণিকভাবে তৈরি হতে পারে।,"হ্যাঁ, অনলাইন পোর্টাল ২৪ ঘণ্টা চালু থাকে এবং অফিস সময়ের বাইরে বা ছুটির দিনেও সার্টিফিকেট তাৎক্ষণিকভাবে তৈরি হতে পারে।",False,1.0,1.0,1.0,1.0,1.0,1.0,0.98401004,0.98401004,0.98401004
tin_056,tin,এসএমএস অ্যাক্টিভেশন কোড না এলে কী করতে হবে?,"দেওয়া মোবাইল নম্বর সঠিক কিনা যাচাই করতে হবে, কিছু সময় অপেক্ষা করতে হবে অথবা প্রয়োজনে রেজিস্ট্রেশন প্রক্রিয়া আবার শুরু করতে হবে। নম্বরটি সচল ও নেটওয়ার্কযুক্ত হওয়া দরকার।","প্রথমে মোবাইল নম্বর সঠিকভাবে দিতে হয়, কিছু সময় অপেক্ষা করতে হয়, নেটওয়ার্ক কভারেজ দেখতে হয় এবং প্রয়োজনে রেজিস্ট্রেশন প্রক্রিয়া পুনরায় শুরু করতে হতে পারে।",False,0.0,0.7272727272727272,0.4313725490196078,0.4313725490196078,0.28571428571428575,0.4313725490196078,0.8317703,0.81771153,0.82468104
tin_024,tin,কোম্পানি ইনকরপোরেশন শেষ হওয়ার আগে কি টিআইএন আবেদন করা যায়?,"না। টিআইএন আবেদনে আরজেএসসি থেকে প্রাপ্ত ইনকরপোরেশন নম্বর ও তারিখ লাগে, তাই আগে কোম্পানি নিবন্ধন সম্পন্ন হতে হবে।","না। টিআইএন আবেদনে আরজেএসসি থেকে প্রাপ্ত ইনকরপোরেশন নম্বর ও তারিখ লাগে, তাই আগে কোম্পানি নিবন্ধন সম্পন্ন হতে হবে।",False,1.0,1.0,1.0,1.0,1.0,1.0,1.0,1.0,1.0
tin_008,tin,টিআইএন সার্টিফিকেট কি নির্দিষ্ট মেয়াদের জন্য নাকি স্থায়ী?,টিআইএন একটি স্থায়ী নম্বর। এটি নিয়মিত বা নির্দিষ্ট সময় পর নবায়ন করতে হয় না।,টিআইএন একটি স্থায়ী নম্বর। এটি নিয়মিত বা নির্দিষ্ট সময় পর নবায়ন করতে হয় না।,False,1.0,1.0,1.0,1.0,1.0,1.0,0.9999998,0.9999998,0.9999998
tin_009,tin,বাংলাদেশে কোম্পানির জন্য টিআইএন সার্টিফিকেটের প্রধান ব্যবহার কী কী?,"কোম্পানির টিআইএন কর্পোরেট ব্যাংক হিসাব খোলা ও পরিচালনা, বার্ষিক আয়কর রিটার্ন দাখিল, বিভিন্ন ব্যবসায়িক লাইসেন্স ও অনুমতি নেওয়া, সরকারি দরপত্রে অংশগ্রহণ এবং আমদানি-রপ্তানি কার্যক্রমে ব্যবহৃত হয়।","কোম্পানির টিআইএন ব্যবহার করে আয়কর রিটার্ন দাখিল, কর পরিশোধ, কর সার্টিফিকেট, কর কর্তৃপক্ষের সঙ্গে যোগাযোগ, কোম্পানি নিবন্ধন, ব্যাংক হিসাব খোলা, লাইসেনস নেওয়া, সরকারি দরপত্রে অংশগ্রহণ, আমদানি-রপ্তানি কার্যক্রম এবং কর্পোরেট ব্যাংক হিসাব পরিচালনা করা যায়।",False,0.0,0.782051282051282,0.5483870967741936,0.5483870967741936,0.33333333333333337,0.3548387096774193,0.8543428,0.871797,0.8629817
tin_109,tin,টিআইএন আবেদন সফলভাবে জমা দেওয়ার পর কী করতে হবে?,"সার্টিফিকেট তাৎক্ষণিকভাবে তৈরি হওয়ার জন্য অপেক্ষা করতে হবে, তারপর সেটি ডাউনলোড, প্রিন্ট এবং লগইন তথ্য নিরাপদে সংরক্ষণ করতে হবে।",সার্টিফিকেট তৈরি ও ডাউনলোড করতে হবে।,False,0.0,0.9705882352941176,0.39999999999999997,0.39999999999999997,0.08695652173913045,0.39999999999999997,0.9049545,0.76148164,0.82704186
tin_153,tin,TIN_1.png ফ্লোচার্টের প্রথম বাক্সে কী আছে?,প্রথম বাক্সে আছে: এনবিআর ই-টিআইএন পোর্টাল incometax.gov.bd-এ প্রবেশ।,প্রথম বাক্সে আছে: এনবিআর ই-টিআইএন পোর্টাল incometax.gov.bd-এ প্রবেশ।,False,1.0,1.0,1.0,1.0,1.0,1.0,1.0,1.0,1.0
tin_023,tin,নতুন নিবন্ধিত কোম্পানির কর পরিপালনের প্রথম কাজ কী হওয়া উচিত?,"নতুন নিবন্ধিত কোম্পানির প্রথম কাজ হওয়া উচিত এনবিআর ই-টিআইএন পোর্টাল থেকে টিআইএন নেওয়া, কারণ ব্যাংক হিসাব খোলা, রিটার্ন দাখিল এবং অন্যান্য লাইসেন্সের আগে এটি মৌলিক প্রয়োজন।",প্রথম কাজ হওয়া উচিত এনবিআর ই-টিআইএন পোর্টাল থেকে টিআইএন নেওয়া।,False,0.0,1.0,0.5789473684210525,0.5789473684210525,0.5555555555555556,0.5789473684210525,0.9409924,0.76150703,0.84178865
tin_141,tin,ম্যানুয়াল চেকলিস্টে কোন ডকুমেন্টটি কোম্পানির জন্য লাগে কিন্তু প্রোপ্রাইটরশিপের জন্য নয়?,মেমোরেন্ডাম অব অ্যাসোসিয়েশন এবং আর্টিকেলস অব অ্যাসোসিয়েশনের কপি কোম্পানির জন্য লাগে।,মেমোরেন্ডাম অব অ্যাসোসিয়েশন এবং আর্টিকেলস অব অ্যাসোসিয়েশনের কপি কোম্পানির জন্য লাগে।,False,1.0,1.0,1.0,1.0,1.0,1.0,0.99999994,0.99999994,0.99999994
tin_191,tin,"ম্যানুয়াল চেকলিস্টে কোম্পানির জন্য কিন্তু ব্যক্তির জন্য নয়, এমন ডকুমেন্ট কোনটি?",মেমোরেন্ডাম অব অ্যাসোসিয়েশন এবং আর্টিকেলস অব অ্যাসোসিয়েশনের কপি কোম্পানির জন্য লাগে।,"কোম্পানির জন্য কোম্পানি ইনকরপোরেশন সার্টিফিকেট লাগে, যা ব্যক্তিগত আবেদনে লাগে না।",False,0.0,0.48717948717948717,0.2727272727272727,0.2727272727272727,0.10000000000000002,0.2727272727272727,0.7773347,0.7518246,0.76436687
tin_233,tin,টিআইএন সার্টিফিকেট পাওয়ার পর সুপারিশকৃত পরবর্তী ধাপ কী?,কর্পোরেট ব্যাংক হিসাব খোলা এবং অন্যান্য ব্যবসায়িক লাইসেন্সের জন্য আবেদন করা।,সুপারিশকৃত পরবর্তী ধাপ হলো কর্পোরেট ব্যাংক হিসাব খোলা এবং প্রয়োজনীয় ব্যবসায়িক লাইসেন্স ও প্রযোজ্য ক্ষেত্রে ভ্যাট নিবন্ধনের জন্য আবেদন করা।,False,0.0,0.8484848484848484,0.5806451612903226,0.5806451612903226,0.41379310344827586,0.5806451612903226,0.8211811,0.92940617,0.8719483
tin_176,tin,অফিসিয়াল গাইডে এনবিআরের ঠিকানা কী?,"অফিসিয়াল গাইডে এনবিআরের ঠিকানা সেগুনবাগিচা, ঢাকা-১০০০ বলা হয়েছে।","অফিসিয়াল গাইডে এনবিআরের ঠিকানা সেগুনবাগিচা, ঢাকা-১০০০ বলা হয়েছে।",False,1.0,1.0,1.0,1.0,1.0,1.0,0.99999994,0.99999994,0.99999994
tin_027,tin,অফিসিয়াল টিআইএন আবেদন ফ্লোচার্টে কয়টি ধাপ দেখানো হয়েছে?,অফিসিয়াল ফ্লোচার্টে পোর্টালে প্রবেশ থেকে কোম্পানির টিআইএন পাওয়া পর্যন্ত মোট ১০টি প্রধান ধাপ দেখানো হয়েছে।,অফিসিয়াল টিআইএন আবেদন ফ্লোচার্টে পোর্টালে প্রবেশ থেকে কোম্পানির টিআইএন পাওয়া পর্যন্ত ১০টি পৃথক ধাপ দেখানো হয়েছে।,False,0.0,0.9458128078817734,0.8387096774193549,0.8387096774193549,0.6206896551724138,0.8387096774193549,0.9151933,0.95058686,0.9325544
tin_193,tin,অফিসিয়াল গাইড অনুযায়ী টিআইএনের মেয়াদ কত?,টিআইএন স্থায়ী এবং নির্দিষ্ট সময় পর নবায়নের প্রয়োজন নেই।,অফিসিয়াল গাইড অনুযায়ী টিআইএন স্থায়ী এবং নির্দিষ্ট সময় পর নবায়নের প্রয়োজন নেই।,False,0.0,1.0,0.8571428571428571,0.8571428571428571,0.8421052631578948,0.8571428571428571,0.8998219,0.97590613,0.93632096
tin_036,tin,টিআইএন পাওয়ার পর কোম্পানির পরবর্তী গুরুত্বপূর্ণ কর পরিপালন ধাপ কী?,টিআইএন পাওয়ার পর বার্ষিক আয়কর রিটার্ন দাখিল করা এবং প্রযোজ্য ক্ষেত্রে ভ্যাট পরিপালন নিশ্চিত করা গুরুত্বপূর্ণ।,টিআইএন পাওয়ার পর বার্ষিক আয়কর রিটার্ন দাখিল করা এবং প্রযোজ্য ক্ষেত্রে ভ্যাট পরিপালন নিশ্চিত করা গুরুত্বপূর্ণ।,False,1.0,1.0,1.0,1.0,1.0,1.0,1.0,1.0,1.0
tin_058,tin,গাইড অনুযায়ী টিআইএন ব্যবস্থার প্রধান উদ্দেশ্য কী?,"জাতীয় রাজস্ব বোর্ডকে কর আইন কার্যকরভাবে পরিচালনা, কর পরিপালন পর্যবেক্ষণ এবং কর্পোরেট আর্থিক কার্যক্রমে স্বচ্ছতা নিশ্চিত করতে সহায়তা করা হলো টিআইএন ব্যবস্থার প্রধান উদ্দেশ্য।","টিআইএন ব্যবস্থার প্রধান উদ্দেশ্য হলো জাতীয় রাজস্ব বোর্ডকে কর আইন কার্যকরভাবে পরিচালনা, কর পরিপালন পর্যবেক্ষণ এবং কর্পোরেট আর্থিক কার্যক্রমে স্বচ্ছতা নিশ্চিত করতে সহায়তা করা।",False,0.0,1.0,1.0,1.0,0.9130434782608695,0.7916666666666666,0.95429844,0.95429844,0.95429844
tin_063,tin,টিআইএন সার্টিফিকেট ডাউনলোডের পর একেবারে শেষ কাজ কী?,ভবিষ্যতে টিআইএন অ্যাকাউন্টে লগইনের জন্য ব্যবহারকারী আইডি ও পাসওয়ার্ড নিরাপদে সংরক্ষণ করা।,শেষ কাজ হলো ব্যবহারকারী আইডি ও পাসওয়ার্ড নিরাপদে সংরক্ষণ করা।,False,0.0,0.890909090909091,0.6363636363636365,0.6363636363636365,0.6,0.6363636363636365,0.92188627,0.81836987,0.86704934
tin_071,tin,টিআইএন আবেদন শুরু করার ন্যূনতম প্রয়োজনীয়তা কী?,"একটি অনন্য মোবাইল নম্বর এবং কোম্পানির প্রাথমিক তথ্য, যেমন নাম, আরজেএসসি ইনকরপোরেশন তথ্য ও ঠিকানা দরকার।","টিআইএন আবেদন শুরু করার ন্যূনতম প্রয়োজনীয়তা হলো কোম্পানির প্রাথমিক তথ্য, যেমন নাম, আরজেএসসি ইনকরপোরেশন তথ্য ও ঠিকানা, একটি অনন্য মোবাইল নম্বর এবং বৈধ ই-মেইল ঠিকানা।",False,0.0,0.967391304347826,0.7142857142857143,0.7142857142857143,0.65,0.4761904761904762,0.832937,0.9140437,0.87160766
tin_194,tin,ওজিআর গাইড অনুযায়ী টিআইএন সার্টিফিকেট ডাউনলোডের পর কী করা উচিত?,ব্যবহারকারী আইডি ও পাসওয়ার্ড নিরাপদে সংরক্ষণ করা উচিত।,প্রিন্ট করা সার্টিফিকেট নিরাপদে সংরক্ষণ করতে হবে এবং ব্যবহারকারী আইডি ও পাসওয়ার্ড নিরাপদে সংরক্ষণ করতে হবে।,False,0.0,0.9514563106796117,0.5833333333333334,0.5833333333333334,0.4545454545454545,0.5,0.8422541,0.89324653,0.86700124
tin_007,tin,বাংলাদেশে টিআইএন নিতে কি কোনো সরকারি ফি লাগে?,বাংলাদেশে টিআইএন নেওয়ার জন্য কোনো সরকারি ফি লাগে না।,"হ্যাঁ, বাংলাদেশে টিআইএন নেওয়ার জন্য কোনো সরকারি ফি লাগে না।",False,0.0,1.0,0.9473684210526316,0.9473684210526316,0.9411764705882353,0.9473684210526316,0.9367341,0.9833299,0.9594666
tin_029,tin,বিদেশি কোম্পানি বা শাখা অফিস কি বাংলাদেশে টিআইএন নিতে পারে?,"হ্যাঁ, বাংলাদেশে আইনগতভাবে ব্যবসা পরিচালনার জন্য বিদেশি কোম্পানি, শাখা অফিস ও লিয়াজোঁ অফিসকেও টিআইএন নিতে হয়।","হ্যাঁ, বাংলাদেশে আইনগতভাবে ব্যবসা পরিচালনার জন্য বিদেশি কোম্পানি, শাখা অফিস ও লিয়াজোঁ অফিসকেও টিআইএন নিতে হয়।",False,1.0,1.0,1.0,1.0,1.0,1.0,1.0,1.0,1.0
tin_165,tin,"ম্যানুয়াল চেকলিস্টে প্রোপ্রাইটরশিপের জন্য যা লাগে কিন্তু কোম্পানির জন্য লাগে না, সেটি কী?",মালিকের তিন কপি ছবি প্রোপ্রাইটরশিপের জন্য নির্দিষ্টভাবে উল্লেখ আছে।,"ম্যানুয়াল চেকলিস্টে প্রোপ্রাইটরশিপের জন্য মালিকের তিন কপি ছবি লাগে, কোম্পানির জন্য এটি লাগে না।",False,0.0,0.766355140186916,0.5217391304347826,0.5217391304347826,0.380952380952381,0.43478260869565216,0.780736,0.8247993,0.80216306
birth_death_312,birth_death,জন্ম নিবন্ধন কত দিনে পাওয়া যায়?,"জন্ম বা মৃত্যু নিবন্ধন পেতে সময় নিবন্ধক কার্যালয়ের যাচাই, কাগজপত্রের সম্পূর্ণতা এবং আবেদনের চাপের ওপর নির্ভর করে। সঠিক সময় জানতে আবেদন অবস্থা যাচাই করুন বা সংশ্লিষ্ট নিবন্ধক কার্যালয়ে যোগাযোগ করুন।","জন্ম বা মৃত্যু নিবন্ধন সময় নিবন্ধক কার্যালয়ের যাচাই, কাগজপত্রের সম্পূর্ণতা এবং আবেদনের চাপের ওপর নির্ভর করে। সঠিক সময় জানতে আবেদন অবস্থা যাচাই করুন বা সংশ্লিষ্ট নিবন্ধক কার্যালয়ে যোগাযোগ করুন।",False,0.0,1.0,0.983050847457627,0.983050847457627,0.9473684210526316,0.983050847457627,0.9905904,0.9814754,0.9860118
birth_death_313,birth_death,জন্ম সনদ পেতে কত সময় লাগে?,"জন্ম বা মৃত্যু নিবন্ধন পেতে সময় নিবন্ধক কার্যালয়ের যাচাই, কাগজপত্রের সম্পূর্ণতা এবং আবেদনের চাপের ওপর নির্ভর করে। সঠিক সময় জানতে আবেদন অবস্থা যাচাই করুন বা সংশ্লিষ্ট নিবন্ধক কার্যালয়ে যোগাযোগ করুন।","জন্ম বা মৃত্যু নিবন্ধন পেতে সময় নিবন্ধক কার্যালয়ের যাচাই, কাগজপত্রের সম্পূর্ণতা এবং আবেদনের চাপের ওপর নির্ভর করে। সঠিক সময় জানতে আবেদন অবস্থা যাচাই করুন বা সংশ্লিষ্ট নিবন্ধক কার্যালয়ে যোগাযোগ করুন।",False,1.0,1.0,1.0,1.0,1.0,1.0,1.0,1.0,1.0
birth_death_314,birth_death,মৃত্যু সনদ কত দিনে পাওয়া যায়?,"জন্ম বা মৃত্যু নিবন্ধন পেতে সময় নিবন্ধক কার্যালয়ের যাচাই, কাগজপত্রের সম্পূর্ণতা এবং আবেদনের চাপের ওপর নির্ভর করে। সঠিক সময় জানতে আবেদন অবস্থা যাচাই করুন বা সংশ্লিষ্ট নিবন্ধক কার্যালয়ে যোগাযোগ করুন।","মৃত্যু নিবন্ধন সম্পন্ন হওয়ার সময় নিবন্ধক কার্যালয়ের যাচাই, কাগজপত্রের সম্পূর্ণতা এবং আবেদনের চাপের ওপর নির্ভর করে। সঠিক সময় জানতে আবেদন অবস্থা যাচাই করুন বা সংশ্লিষ্ট নিবন্ধক কার্যালয়ে যোগাযোগ করুন।",False,0.0,0.9698795180722891,0.9152542372881356,0.9152542372881356,0.8771929824561403,0.9152542372881356,0.96840113,0.9697305,0.96906537
birth_death_315,birth_death,মৃত্যু নিবন্ধন অনুমোদনে কত সময় লাগে?,"জন্ম বা মৃত্যু নিবন্ধন পেতে সময় নিবন্ধক কার্যালয়ের যাচাই, কাগজপত্রের সম্পূর্ণতা এবং আবেদনের চাপের ওপর নির্ভর করে। সঠিক সময় জানতে আবেদন অবস্থা যাচাই করুন বা সংশ্লিষ্ট নিবন্ধক কার্যালয়ে যোগাযোগ করুন।","মৃত্যু নিবন্ধন পেতে সময় নিবন্ধক কার্যালয়ের যাচাই, কাগজপত্রের সম্পূর্ণতা এবং আবেদনের চাপের ওপর নির্ভর করে। সঠিক সময় জানতে আবেদন অবস্থা যাচাই করুন বা সংশ্লিষ্ট নিবন্ধক কার্যালয়ে যোগাযোগ করুন।",False,0.0,1.0,0.9655172413793104,0.9655172413793104,0.9642857142857143,0.9655172413793104,0.9912655,0.98684776,0.9890517
birth_death_316,birth_death,আবেদন করার পর সনদ পেতে কতদিন লাগবে?,"জন্ম বা মৃত্যু নিবন্ধন পেতে সময় নিবন্ধক কার্যালয়ের যাচাই, কাগজপত্রের সম্পূর্ণতা এবং আবেদনের চাপের ওপর নির্ভর করে। সঠিক সময় জানতে আবেদন অবস্থা যাচাই করুন বা সংশ্লিষ্ট নিবন্ধক কার্যালয়ে যোগাযোগ করুন।","জন্ম বা মৃত্যু নিবন্ধনের সময় লাগবার সময় নিবন্ধক কার্যালয়ের যাচাই, কাগজপত্রের সম্পূর্ণতা এবং আবেদনের চাপের ওপর নির্ভর করে। সঠিক সময় জানতে আবেদন অবস্থা যাচাই করুন বা সংশ্লিষ্ট নিবন্ধক কার্যালয়ে যোগাযোগ করুন।",False,0.0,0.9653179190751444,0.9180327868852459,0.9180327868852459,0.8813559322033899,0.9180327868852459,0.9828616,0.9844345,0.9836474
birth_death_328,birth_death,মৃত্যু নিবন্ধন ফ্রি কখন,মৃত্যুর ৪৫ দিনের মধ্যে মৃত্যু নিবন্ধন করলে ফি লাগে না।,মৃত্যুর ৪৫ দিনের মধ্যে মৃত্যু নিবন্ধন করলে ফি লাগে না।,False,1.0,1.0,1.0,1.0,1.0,1.0,1.0,1.0,1.0
birth_death_022,birth_death,শিশুর জন্ম নিবন্ধনের জন্য কোন তথ্য লাগে?,"শিশুর জন্ম নিবন্ধনের আবেদনে শিশুর নাম, জন্মতারিখ, লিঙ্গ, জন্মস্থানের ঠিকানা, বর্তমান ও স্থায়ী ঠিকানা, পিতা-মাতার তথ্য, আবেদনকারীর তথ্য এবং প্রয়োজনীয় প্রমাণপত্রের তথ্য দিতে হয়।","শিশুর জন্ম নিবন্ধনের আবেদনে শিশুর নাম, জন্মতারিখ, লিঙ্গ, জন্মস্থানের ঠিকানা, বর্তমান ও স্থায়ী ঠিকানা, পিতা-মাতার তথ্য, আবেদনকারীর তথ্য এবং প্রয়োজনীয় প্রমাণপত্রের তথ্য দিতে হয়।",False,1.0,1.0,1.0,1.0,1.0,1.0,1.0,1.0,1.0
birth_death_023,birth_death,নতুন শিশুর জন্ম সনদ করতে কী কী তথ্য দিতে হয়?,"শিশুর জন্ম নিবন্ধনের আবেদনে শিশুর নাম, জন্মতারিখ, লিঙ্গ, জন্মস্থানের ঠিকানা, বর্তমান ও স্থায়ী ঠিকানা, পিতা-মাতার তথ্য, আবেদনকারীর তথ্য এবং প্রয়োজনীয় প্রমাণপত্রের তথ্য দিতে হয়।","শিশুর জন্ম নিবন্ধনের আবেদনে শিশুর নাম, জন্মতারিখ, লিঙ্গ, জন্মস্থানের ঠিকানা, বর্তমান ও স্থায়ী ঠিকানা, পিতা-মাতার তথ্য, আবেদনকারীর তথ্য এবং প্রয়োজনীয় প্রমাণপত্রের তথ্য দিতে হয়।",False,1.0,1.0,1.0,1.0,1.0,1.0,1.0,1.0,1.0
birth_death_024,birth_death,বাচ্চার জন্ম নিবন্ধনে কী কী তথ্য পূরণ করতে হয়?,"শিশুর জন্ম নিবন্ধনের আবেদনে শিশুর নাম, জন্মতারিখ, লিঙ্গ, জন্মস্থানের ঠিকানা, বর্তমান ও স্থায়ী ঠিকানা, পিতা-মাতার তথ্য, আবেদনকারীর তথ্য এবং প্রয়োজনীয় প্রমাণপত্রের তথ্য দিতে হয়।","শিশুর জন্ম নিবন্ধনের আবেদনে শিশুর নাম, জন্মতারিখ, লিঙ্গ, জন্মস্থানের ঠিকানা, বর্তমান ও স্থায়ী ঠিকানা, পিতা-মাতার তথ্য, আবেদনকারীর তথ্য এবং প্রয়োজনীয় প্রমাণপত্রের তথ্য দিতে হয়।",False,1.0,1.0,1.0,1.0,1.0,1.0,1.0,1.0,1.0
birth_death_025,birth_death,জন্ম নিবন্ধন ফরমে শিশুর কোন কোন তথ্য লাগে?,"শিশুর জন্ম নিবন্ধনের আবেদনে শিশুর নাম, জন্মতারিখ, লিঙ্গ, জন্মস্থানের ঠিকানা, বর্তমান ও স্থায়ী ঠিকানা, পিতা-মাতার তথ্য, আবেদনকারীর তথ্য এবং প্রয়োজনীয় প্রমাণপত্রের তথ্য দিতে হয়।","শিশুর জন্ম নিবন্ধনের আবেদনে শিশুর নাম, জন্মতারিখ, লিঙ্গ, জন্মস্থানের ঠিকানা, বর্তমান ও স্থায়ী ঠিকানা, পিতা-মাতার তথ্য, আবেদনকারীর তথ্য এবং প্রয়োজনীয় প্রমাণপত্রের তথ্য দিতে হয়।",False,1.0,1.0,1.0,1.0,1.0,1.0,1.0,1.0,1.0
birth_death_026,birth_death,নবজাতকের জন্ম নিবন্ধনে কী তথ্য দিতে হয়?,"শিশুর জন্ম নিবন্ধনের আবেদনে শিশুর নাম, জন্মতারিখ, লিঙ্গ, জন্মস্থানের ঠিকানা, বর্তমান ও স্থায়ী ঠিকানা, পিতা-মাতার তথ্য, আবেদনকারীর তথ্য এবং প্রয়োজনীয় প্রমাণপত্রের তথ্য দিতে হয়।","শিশুর জন্ম নিবন্ধনের আবেদনে শিশুর নাম, জন্মতারিখ, লিঙ্গ, জন্মস্থানের ঠিকানা, বর্তমান ও স্থায়ী ঠিকানা, পিতা-মাতার তথ্য, আবেদনকারীর তথ্য এবং প্রয়োজনীয় প্রমাণপত্রের তথ্য দিতে হয়।",False,1.0,1.0,1.0,1.0,1.0,1.0,1.0,1.0,1.0
birth_death_226,birth_death,জন্ম নিবন্ধন কোন অফিসে করব?,"জন্মস্থান, স্থায়ী ঠিকানা বা বর্তমান ঠিকানা অনুযায়ী সংশ্লিষ্ট ইউনিয়ন পরিষদ, পৌরসভা, সিটি কর্পোরেশন বা ক্যান্টনমেন্ট বোর্ডের নিবন্ধক কার্যালয়ে জন্ম নিবন্ধনের আবেদন জমা দিতে হয়।","জন্মস্থান, স্থায়ী ঠিকানা, বর্তমান ঠিকানা বা জন্মের সময় বসবাসের ঠিকানা অনুযায়ী সংশ্লিষ্ট ইউনিয়ন পরিষদ, পৌরসভা, সিটি কর্পোরেশন বা ক্যান্টনমেন্ট বোর্ডের নিবন্ধক কার্যালয়ে জন্ম নিবন্ধনের আবেদন জমা দিতে হয়।",False,0.0,1.0,0.923076923076923,0.923076923076923,0.8800000000000001,0.8846153846153847,0.95260173,0.97768897,0.96498233
birth_death_227,birth_death,শিশুর জন্ম সনদ ইউনিয়ন পরিষদে করব নাকি সিটি কর্পোরেশনে?,"জন্মস্থান, স্থায়ী ঠিকানা বা বর্তমান ঠিকানা অনুযায়ী সংশ্লিষ্ট ইউনিয়ন পরিষদ, পৌরসভা, সিটি কর্পোরেশন বা ক্যান্টনমেন্ট বোর্ডের নিবন্ধক কার্যালয়ে জন্ম নিবন্ধনের আবেদন জমা দিতে হয়।","শিশুর জন্মস্থান, স্থায়ী ঠিকানা বা বর্তমান ঠিকানা অনুযায়ী সংশ্লিষ্ট ইউনিয়ন পরিষদ, পৌরসভা, সিটি কর্পোরেশন বা ক্যান্টনমেন্ট বোর্ডের নিবন্ধক কার্যালয়ে জন্ম নিবন্ধনের আবেদন জমা দিতে হয়।",False,0.0,1.0,0.9795918367346939,0.9795918367346939,0.9787234042553191,0.9795918367346939,0.97571945,0.9866183,0.9811386
birth_death_228,birth_death,জন্ম সনদের জন্য কোন নিবন্ধক কার্যালয়ে যাব?,"জন্মস্থান, স্থায়ী ঠিকানা বা বর্তমান ঠিকানা অনুযায়ী সংশ্লিষ্ট ইউনিয়ন পরিষদ, পৌরসভা, সিটি কর্পোরেশন বা ক্যান্টনমেন্ট বোর্ডের নিবন্ধক কার্যালয়ে জন্ম নিবন্ধনের আবেদন জমা দিতে হয়।","জন্মস্থান, স্থায়ী ঠিকানা, বর্তমান ঠিকানা বা জন্ম নিবন্ধনের সঙ্গে সম্পর্কিত নিবন্ধক কার্যালয়ে জন্ম নিবন্ধনের আবেদন জমা দিতে হয়। ইউনিয়ন পরিষদ, পৌরসভা, সিটি কর্পোরেশন, ক্যান্টনমেন্ট বোর্ড বা বিদেশস্থ বাংলাদেশ মিশন প্রযোজ্য কর্তৃপক্ষ হতে পারে।",False,0.0,0.9108910891089108,0.7368421052631579,0.7368421052631579,0.5454545454545454,0.4912280701754386,0.8354134,0.8810819,0.8576401
birth_death_229,birth_death,আমার জন্ম সনদের আবেদন কোথায় জমা দেব?,"জন্মস্থান, স্থায়ী ঠিকানা বা বর্তমান ঠিকানা অনুযায়ী সংশ্লিষ্ট ইউনিয়ন পরিষদ, পৌরসভা, সিটি কর্পোরেশন বা ক্যান্টনমেন্ট বোর্ডের নিবন্ধক কার্যালয়ে জন্ম নিবন্ধনের আবেদন জমা দিতে হয়।","জন্মস্থান, বর্তমান ঠিকানা বা স্থায়ী ঠিকানা অনুযায়ী সংশ্লিষ্ট ইউনিয়ন পরিষদ, পৌরসভা, সিটি কর্পোরেশন বা ক্যান্টনমেন্ট বোর্ডের নিবন্ধক কার্যালয়ে জন্ম নিবন্ধনের আবেদন জমা দিতে হয়।",False,0.0,1.0,1.0,1.0,0.9130434782608695,0.9166666666666666,0.98886836,0.9888683,0.9888683
birth_death_230,birth_death,গ্রামে জন্ম নিবন্ধন কোথায় করব?,"জন্মস্থান, স্থায়ী ঠিকানা বা বর্তমান ঠিকানা অনুযায়ী সংশ্লিষ্ট ইউনিয়ন পরিষদ, পৌরসভা, সিটি কর্পোরেশন বা ক্যান্টনমেন্ট বোর্ডের নিবন্ধক কার্যালয়ে জন্ম নিবন্ধনের আবেদন জমা দিতে হয়।","গ্রামে জন্ম হলেও জন্ম নিবন্ধন করা যায়। এ ক্ষেত্রে স্থানীয় স্বাস্থ্যকর্মী, পরিবার কল্যাণ কর্মী, ইউনিয়ন পরিষদ, পৌরসভা, স্থানীয় জনপ্রতিনিধি বা নিবন্ধক কার্যালয় গ্রহণ করে এমন জন্ম-প্রমাণপত্র ব্যবহার করা যেতে পারে।",False,0.0,0.5657142857142857,0.21818181818181817,0.21818181818181817,0.07547169811320756,0.21818181818181817,0.75522554,0.75285524,0.7540386
birth_death_058,birth_death,হাসপাতালে মৃত্যু না হলে মৃত্যু নিবন্ধন করা যাবে?,"হাসপাতালের বাইরে মৃত্যু হলেও মৃত্যু নিবন্ধন করা যায়। এ ক্ষেত্রে স্থানীয় প্রতিনিধি, স্বাস্থ্যকর্মী, চিকিৎসক, দাফন বা সৎকার কর্তৃপক্ষ, অথবা নিবন্ধক কার্যালয় গ্রহণ করে এমন প্রমাণপত্র লাগতে পারে।","হাসপাতালের বাইরে মৃত্যু হলেও মৃত্যু নিবন্ধন করা যায়। এ ক্ষেত্রে স্থানীয় প্রতিনিধি, স্বাস্থ্যকর্মী, চিকিৎসক, দাফন বা সৎকার কর্তৃপক্ষ, অথবা নিবন্ধক কার্যালয় গ্রহণ করে এমন প্রমাণপত্র লাগতে পারে।",False,1.0,1.0,1.0,1.0,1.0,1.0,1.0,1.0,1.0
birth_death_059,birth_death,বাড়িতে মৃত্যু হলে মৃত্যু সনদ কীভাবে করব?,"হাসপাতালের বাইরে মৃত্যু হলেও মৃত্যু নিবন্ধন করা যায়। এ ক্ষেত্রে স্থানীয় প্রতিনিধি, স্বাস্থ্যকর্মী, চিকিৎসক, দাফন বা সৎকার কর্তৃপক্ষ, অথবা নিবন্ধক কার্যালয় গ্রহণ করে এমন প্রমাণপত্র লাগতে পারে।","বাড়িতে মৃত্যু হলেও মৃত্যু নিবন্ধন করা যায়। এ ক্ষেত্রে স্থানীয় প্রতিনিধি, স্বাস্থ্যকর্মী, চিকিৎসক, দাফন বা সৎকার কর্তৃপক্ষ, ইউনিয়ন পরিষদ, পৌরসভা বা নিবন্ধক কার্যালয় গ্রহণ করে এমন প্রমাণপত্র লাগতে পারে।",False,0.0,0.9352941176470588,0.8571428571428572,0.8571428571428572,0.8148148148148148,0.8571428571428572,0.95661473,0.9520119,0.9543078
birth_death_060,birth_death,মৃত্যু হাসপাতালের বাইরে হলে কোন কাগজ লাগবে?,"হাসপাতালের বাইরে মৃত্যু হলেও মৃত্যু নিবন্ধন করা যায়। এ ক্ষেত্রে স্থানীয় প্রতিনিধি, স্বাস্থ্যকর্মী, চিকিৎসক, দাফন বা সৎকার কর্তৃপক্ষ, অথবা নিবন্ধক কার্যালয় গ্রহণ করে এমন প্রমাণপত্র লাগতে পারে।","মৃত্যু হাসপাতালের বাইরে হলেও মৃত্যু নিবন্ধন করা যায়। এ ক্ষেত্রে স্থানীয় প্রতিনিধি, স্বাস্থ্যকর্মী, চিকিৎসক, দাফন বা সৎকার কর্তৃপক্ষ, ইউনিয়ন পরিষদ, পৌরসভা বা নিবন্ধক কার্যালয় গ্রহণ করে এমন প্রমাণপত্র লাগতে পারে।",False,0.0,0.9859943977591037,0.912280701754386,0.912280701754386,0.8,0.8771929824561403,0.9574131,0.9703639,0.96384495
birth_death_061,birth_death,বাড়িতে মারা গেলে মৃত্যুর প্রমাণ কীভাবে দেব?,"হাসপাতালের বাইরে মৃত্যু হলেও মৃত্যু নিবন্ধন করা যায়। এ ক্ষেত্রে স্থানীয় প্রতিনিধি, স্বাস্থ্যকর্মী, চিকিৎসক, দাফন বা সৎকার কর্তৃপক্ষ, অথবা নিবন্ধক কার্যালয় গ্রহণ করে এমন প্রমাণপত্র লাগতে পারে।","বাড়িতে মৃত্যু হলেও মৃত্যু নিবন্ধন করা যায়। এ ক্ষেত্রে স্থানীয় প্রতিনিধি, স্বাস্থ্যকর্মী, চিকিৎসক, দাফন বা সৎকার কর্তৃপক্ষ, ইউনিয়ন পরিষদ, পৌরসভা বা নিবন্ধক কার্যালয় গ্রহণ করে এমন প্রমাণপত্র লাগতে পারে।",False,0.0,0.9352941176470588,0.8571428571428572,0.8571428571428572,0.8148148148148148,0.8571428571428572,0.95661473,0.9520119,0.9543078
birth_death_062,birth_death,ডাক্তার ছাড়া বাড়িতে মৃত্যু হলে সনদ হবে কি?,"হাসপাতালের বাইরে মৃত্যু হলেও মৃত্যু নিবন্ধন করা যায়। এ ক্ষেত্রে স্থানীয় প্রতিনিধি, স্বাস্থ্যকর্মী, চিকিৎসক, দাফন বা সৎকার কর্তৃপক্ষ, অথবা নিবন্ধক কার্যালয় গ্রহণ করে এমন প্রমাণপত্র লাগতে পারে।","হাসপাতালের বাইরে মৃত্যু হলেও মৃত্যু নিবন্ধন করা যায়। এ ক্ষেত্রে স্থানীয় প্রতিনিধি, স্বাস্থ্যকর্মী, চিকিৎসক, দাফন বা সৎকার কর্তৃপক্ষ, ইউনিয়ন পরিষদ, পৌরসভা বা নিবন্ধক কার্যালয় গ্রহণ করে এমন প্রমাণপত্র লাগতে পারে।",False,0.0,0.9859943977591037,0.912280701754386,0.912280701754386,0.8727272727272727,0.912280701754386,0.96932703,0.98360133,0.97641206
birth_death_295,birth_death,মৃত্যু সনদে মৃত্যুস্থানের ঠিকানা ভুল হলে কী করব?,মৃত্যু নিবন্ধনে মৃত্যুস্থানের ঠিকানা বা মৃত্যুর সময় বসবাসের ঠিকানা ভুল হলে মৃত্যু নিবন্ধন তথ্য সংশোধন আবেদন করতে হয়। সঠিক ঠিকানার প্রমাণপত্র সংযুক্ত করা প্রয়োজন হতে পারে।,মৃত্যু নিবন্ধনে মৃত্যুস্থানের ঠিকানা বা মৃত্যুর সময় বসবাসের ঠিকানা ভুল হলে মৃত্যু নিবন্ধন তথ্য সংশোধন আবেদন করতে হয়। সঠিক ঠিকানার প্রমাণপত্র সংযুক্ত করা প্রয়োজন হতে পারে।,False,1.0,1.0,1.0,1.0,1.0,1.0,1.0,1.0,1.0
birth_death_296,birth_death,মৃত্যুর সময়ের বসবাসের ঠিকানা সংশোধন করা যাবে?,মৃত্যু নিবন্ধনে মৃত্যুস্থানের ঠিকানা বা মৃত্যুর সময় বসবাসের ঠিকানা ভুল হলে মৃত্যু নিবন্ধন তথ্য সংশোধন আবেদন করতে হয়। সঠিক ঠিকানার প্রমাণপত্র সংযুক্ত করা প্রয়োজন হতে পারে।,মৃত্যু নিবন্ধনে মৃত্যুর সময় বসবাসের ঠিকানা ভুল হলে মৃত্যু নিবন্ধন তথ্য সংশোধন আবেদন করতে হয়। সঠিক ঠিকানার প্রমাণ সংযুক্ত করা প্রয়োজন হতে পারে।,False,0.0,0.9735849056603773,0.8979591836734695,0.8979591836734695,0.8085106382978724,0.8979591836734695,0.9703961,0.9474316,0.95877635
birth_death_297,birth_death,"মৃত্যু নিবন্ধনে ঠিকানা ভুল, কীভাবে ঠিক করব?",মৃত্যু নিবন্ধনে মৃত্যুস্থানের ঠিকানা বা মৃত্যুর সময় বসবাসের ঠিকানা ভুল হলে মৃত্যু নিবন্ধন তথ্য সংশোধন আবেদন করতে হয়। সঠিক ঠিকানার প্রমাণপত্র সংযুক্ত করা প্রয়োজন হতে পারে।,মৃত্যু নিবন্ধনে মৃত্যুস্থানের ঠিকানা বা মৃত্যুর সময় বসবাসের ঠিকানা ভুল হলে মৃত্যু নিবন্ধন তথ্য সংশোধন আবেদন করতে হয়। সঠিক ঠিকানার প্রমাণপত্র সংযুক্ত করা প্রয়োজন হতে পারে।,False,1.0,1.0,1.0,1.0,1.0,1.0,1.0,1.0,1.0
birth_death_298,birth_death,মৃত্যু সনদের ঠিকানা সংশোধনের জন্য কী লাগবে?,মৃত্যু নিবন্ধনে মৃত্যুস্থানের ঠিকানা বা মৃত্যুর সময় বসবাসের ঠিকানা ভুল হলে মৃত্যু নিবন্ধন তথ্য সংশোধন আবেদন করতে হয়। সঠিক ঠিকানার প্রমাণপত্র সংযুক্ত করা প্রয়োজন হতে পারে।,মৃত্যু সনদে মৃত্যুস্থানের ঠিকানা বা মৃত্যুর সময় বসবাসের ঠিকানা ভুল হলে মৃত্যু নিবন্ধন তথ্য সংশোধন আবেদন করতে হয়। সঠিক ঠিকানার প্রমাণপত্র সংযুক্ত করা প্রয়োজন হতে পারে।,False,0.0,0.9833887043189368,0.9615384615384616,0.9615384615384616,0.92,0.9615384615384616,0.973149,0.97704756,0.97509444
birth_death_069,birth_death,মৃত্যু নিবন্ধন যাচাই করব কীভাবে?,মৃত্যু নিবন্ধন যাচাই করতে eVerify পেজে ১৭ অংকের মৃত্যু নিবন্ধন নম্বর এবং মৃত্যুর তারিখ দিতে হয়। সঠিক তথ্য দিলে অনলাইনে মৃত্যু নিবন্ধনের তথ্য যাচাই করা যায়।,মৃত্যু নিবন্ধন যাচাই করতে eVerify পেজে ১৭ অংকের মৃত্যু নিবন্ধন নম্বর এবং মৃত্যুর তারিখ দিতে হয়।,False,0.0,1.0,0.761904761904762,0.761904761904762,0.7499999999999999,0.761904761904762,0.94891584,0.88488597,0.91578305
birth_death_070,birth_death,মৃত্যু সনদ অনলাইনে চেক করার নিয়ম কী?,মৃত্যু নিবন্ধন যাচাই করতে eVerify পেজে ১৭ অংকের মৃত্যু নিবন্ধন নম্বর এবং মৃত্যুর তারিখ দিতে হয়। সঠিক তথ্য দিলে অনলাইনে মৃত্যু নিবন্ধনের তথ্য যাচাই করা যায়।,মৃত্যু নিবন্ধন অনলাইনে যাচাইয়ের জন্য eVerify পেজে ১৭ অংকের মৃত্যু নিবন্ধন নম্বর এবং মৃত্যুর তারিখ দিতে হয়। সঠিক তথ্য দিলে অনলাইনে মৃত্যু নিবন্ধনের তথ্য যাচাই করা যায়।,False,0.0,0.9790794979079497,0.9056603773584906,0.9056603773584906,0.8627450980392156,0.9056603773584906,0.96392393,0.9753061,0.9695816
birth_death_071,birth_death,মৃত্যু নিবন্ধন নম্বর দিয়ে তথ্য দেখা যায়?,মৃত্যু নিবন্ধন যাচাই করতে eVerify পেজে ১৭ অংকের মৃত্যু নিবন্ধন নম্বর এবং মৃত্যুর তারিখ দিতে হয়। সঠিক তথ্য দিলে অনলাইনে মৃত্যু নিবন্ধনের তথ্য যাচাই করা যায়।,BDRIS পোর্টালে মৃত্যু নিবন্ধন আবেদনের বর্তমান অবস্থা অপশন ব্যবহার করে আবেদন নম্বর বা প্রয়োজনীয় তথ্য দিয়ে আবেদনের অগ্রগতি দেখা যায়।,False,0.0,0.5344129554655871,0.2173913043478261,0.2173913043478261,0.04545454545454545,0.2173913043478261,0.747018,0.76002455,0.7534651
birth_death_072,birth_death,মৃত্যু সনদ সত্যি কিনা যাচাই কীভাবে করব?,মৃত্যু নিবন্ধন যাচাই করতে eVerify পেজে ১৭ অংকের মৃত্যু নিবন্ধন নম্বর এবং মৃত্যুর তারিখ দিতে হয়। সঠিক তথ্য দিলে অনলাইনে মৃত্যু নিবন্ধনের তথ্য যাচাই করা যায়।,মৃত্যু নিবন্ধন যাচাই করতে eVerify পেজে ১৭ অংকের মৃত্যু নিবন্ধন নম্বর এবং মৃত্যুর তারিখ দিতে হয়। সঠিক তথ্য দিলে অনলাইনে মৃত্যু নিবন্ধনের তথ্য যাচাই করা যায়।,False,1.0,1.0,1.0,1.0,1.0,1.0,1.0,1.0,1.0
birth_death_073,birth_death,মৃত্যু নিবন্ধন ভেরিফাই করতে কী লাগে?,মৃত্যু নিবন্ধন যাচাই করতে eVerify পেজে ১৭ অংকের মৃত্যু নিবন্ধন নম্বর এবং মৃত্যুর তারিখ দিতে হয়। সঠিক তথ্য দিলে অনলাইনে মৃত্যু নিবন্ধনের তথ্য যাচাই করা যায়।,মৃত্যু নিবন্ধন যাচাই করতে eVerify পেজে ১৭ অংকের মৃত্যু নিবন্ধন নম্বর এবং মৃত্যুর তারিখ দিতে হয়।,False,0.0,1.0,0.761904761904762,0.761904761904762,0.7499999999999999,0.761904761904762,0.94891584,0.88488597,0.91578305
birth_death_074,birth_death,মৃত্যু নিবন্ধন তথ্য অনুসন্ধান কীভাবে করব?,মৃত্যু নিবন্ধন যাচাই করতে eVerify পেজে ১৭ অংকের মৃত্যু নিবন্ধন নম্বর এবং মৃত্যুর তারিখ দিতে হয়। সঠিক তথ্য দিলে অনলাইনে মৃত্যু নিবন্ধনের তথ্য যাচাই করা যায়।,মৃত্যু নিবন্ধন তথ্য অনলাইনে যাচাই করতে eVerify পেজে ১৭ অংকের মৃত্যু নিবন্ধন নম্বর এবং মৃত্যুর তারিখ দিতে হয়। সঠিক তথ্য দিলে অনলাইনে মৃত্যু নিবন্ধনের তথ্য যাচাই করা যায়।,False,0.0,1.0,0.962962962962963,0.962962962962963,0.923076923076923,0.962962962962963,0.96584404,0.9772687,0.9715228
birth_death_322,birth_death,মৃত্যু সনদ চেক,মৃত্যু নিবন্ধন যাচাই করতে eVerify পেজে ১৭ অংকের মৃত্যু নিবন্ধন নম্বর এবং মৃত্যুর তারিখ দিতে হয়। সঠিক তথ্য দিলে অনলাইনে মৃত্যু নিবন্ধনের তথ্য যাচাই করা যায়।,BDRIS পোর্টালে মৃত্যু নিবন্ধন সনদ চেক করা যায়। মৃত্যু নিবন্ধন নম্বর ও মৃত্যুর তারিখ দিয়ে সনদের তথ্য দেখা যায়।,False,0.0,0.6956521739130435,0.4444444444444444,0.4444444444444444,0.23255813953488372,0.39999999999999997,0.8456114,0.8113005,0.8281007
birth_death_090,birth_death,মৃত্যু নিবন্ধন আবেদনের অবস্থা কীভাবে দেখব?,BDRIS পোর্টালে মৃত্যু নিবন্ধন আবেদনের বর্তমান অবস্থা অপশন ব্যবহার করে আবেদন নম্বর বা প্রয়োজনীয় তথ্য দিয়ে আবেদনের অগ্রগতি দেখা যায়।,BDRIS পোর্টালে মৃত্যু নিবন্ধন আবেদনের বর্তমান অবস্থা অপশন ব্যবহার করে আবেদন নম্বর বা প্রয়োজনীয় তথ্য দিয়ে আবেদনের অগ্রগতি দেখা যায়।,False,1.0,1.0,1.0,1.0,1.0,1.0,1.0,1.0,1.0
birth_death_091,birth_death,মৃত্যু সনদের আবেদন স্ট্যাটাস চেক করব কীভাবে?,BDRIS পোর্টালে মৃত্যু নিবন্ধন আবেদনের বর্তমান অবস্থা অপশন ব্যবহার করে আবেদন নম্বর বা প্রয়োজনীয় তথ্য দিয়ে আবেদনের অগ্রগতি দেখা যায়।,BDRIS পোর্টালে মৃত্যু নিবন্ধন আবেদনের বর্তমান অবস্থা অপশন ব্যবহার করে আবেদন নম্বর বা প্রয়োজনীয় তথ্য দিয়ে আবেদনের অগ্রগতি দেখা যায়।,False,1.0,1.0,1.0,1.0,1.0,1.0,1.0,1.0,1.0
birth_death_092,birth_death,মৃত্যু নিবন্ধনের বর্তমান অবস্থা কোথায় দেখা যায়?,BDRIS পোর্টালে মৃত্যু নিবন্ধন আবেদনের বর্তমান অবস্থা অপশন ব্যবহার করে আবেদন নম্বর বা প্রয়োজনীয় তথ্য দিয়ে আবেদনের অগ্রগতি দেখা যায়।,BDRIS পোর্টালের মৃত্যু নিবন্ধন আবেদনের বর্তমান অবস্থা অপশন ব্যবহার করে আবেদন নম্বর বা প্রয়োজনীয় তথ্য দিয়ে আবেদনের অগ্রগতি দেখা যায়।,False,0.0,0.9960159362549801,0.9500000000000001,0.9500000000000001,0.8947368421052632,0.9500000000000001,0.9875113,0.9875113,0.9875113
birth_death_093,birth_death,মৃত্যু নিবন্ধন আবেদন প্রক্রিয়াধীন কিনা জানব কীভাবে?,BDRIS পোর্টালে মৃত্যু নিবন্ধন আবেদনের বর্তমান অবস্থা অপশন ব্যবহার করে আবেদন নম্বর বা প্রয়োজনীয় তথ্য দিয়ে আবেদনের অগ্রগতি দেখা যায়।,BDRIS পোর্টালের মৃত্যু নিবন্ধন আবেদনের বর্তমান অবস্থা অপশন ব্যবহার করে আবেদন নম্বর বা প্রয়োজনীয় তথ্য দিয়ে আবেদনের অগ্রগতি দেখা যায়।,False,0.0,0.9960159362549801,0.9500000000000001,0.9500000000000001,0.8947368421052632,0.9500000000000001,0.9875113,0.9875113,0.9875113
birth_death_094,birth_death,মৃত্যু সনদ আবেদন অনুমোদন হয়েছে কিনা কীভাবে দেখব?,BDRIS পোর্টালে মৃত্যু নিবন্ধন আবেদনের বর্তমান অবস্থা অপশন ব্যবহার করে আবেদন নম্বর বা প্রয়োজনীয় তথ্য দিয়ে আবেদনের অগ্রগতি দেখা যায়।,BDRIS পোর্টালে মৃত্যু নিবন্ধন আবেদনের বর্তমান অবস্থা অপশন ব্যবহার করে আবেদন নম্বর বা প্রয়োজনীয় তথ্য দিয়ে আবেদনের অগ্রগতি দেখা যায়।,False,1.0,1.0,1.0,1.0,1.0,1.0,1.0,1.0,1.0
birth_death_148,birth_death,সংশোধনের আবেদন করতে ওটিপি লাগে?,জন্ম বা মৃত্যু নিবন্ধনের সংশোধন আবেদন জমা দিতে আবেদনকারীর ফোন নম্বর বা যোগাযোগের তথ্য দিতে হয় এবং ওটিপি যাচাই লাগতে পারে। ওটিপি সঠিকভাবে প্রদান করলে আবেদন সাবমিট করা যায়।,জন্ম বা মৃত্যু নিবন্ধনের সংশোধন আবেদন জমা দিতে আবেদনকারীর ফোন নম্বর বা যোগাযোগের তথ্য দিতে হয় এবং ওটিপি যাচাই লাগতে পারে।,False,0.0,1.0,0.8400000000000001,0.8400000000000001,0.8333333333333333,0.8400000000000001,0.9628056,0.9050852,0.9330536
birth_death_149,birth_death,জন্ম নিবন্ধন সংশোধনে মোবাইল নম্বর কেন লাগে?,জন্ম বা মৃত্যু নিবন্ধনের সংশোধন আবেদন জমা দিতে আবেদনকারীর ফোন নম্বর বা যোগাযোগের তথ্য দিতে হয় এবং ওটিপি যাচাই লাগতে পারে। ওটিপি সঠিকভাবে প্রদান করলে আবেদন সাবমিট করা যায়।,জন্ম বা মৃত্যু নিবন্ধনের সংশোধন আবেদনে আবেদনকারীর ফোন নম্বর বা যোগাযোগের তথ্য দিতে হয় এবং ওটিপি যাচাই লাগতে পারে। ওটিপি সঠিকভাবে প্রদান করলে আবেদন সাবমিট করা যায়।,False,0.0,0.9864864864864864,0.9285714285714286,0.9285714285714286,0.888888888888889,0.9285714285714286,0.9815047,0.96860105,0.9750102
birth_death_150,birth_death,মৃত্যু নিবন্ধন সংশোধনে ফোন নম্বর দিতে হয়?,জন্ম বা মৃত্যু নিবন্ধনের সংশোধন আবেদন জমা দিতে আবেদনকারীর ফোন নম্বর বা যোগাযোগের তথ্য দিতে হয় এবং ওটিপি যাচাই লাগতে পারে। ওটিপি সঠিকভাবে প্রদান করলে আবেদন সাবমিট করা যায়।,জন্ম বা মৃত্যু নিবন্ধনের সংশোধন আবেদনে আবেদনকারীর ফোন নম্বর বা যোগাযোগের তথ্য দিতে হয় এবং ওটিপি যাচাই লাগতে পারে।,False,0.0,0.9671361502347418,0.75,0.75,0.6956521739130435,0.75,0.9392884,0.8761811,0.9066379
birth_death_151,birth_death,ওটিপি ছাড়া সংশোধন আবেদন করা যাবে?,জন্ম বা মৃত্যু নিবন্ধনের সংশোধন আবেদন জমা দিতে আবেদনকারীর ফোন নম্বর বা যোগাযোগের তথ্য দিতে হয় এবং ওটিপি যাচাই লাগতে পারে। ওটিপি সঠিকভাবে প্রদান করলে আবেদন সাবমিট করা যায়।,সংশোধন আবেদনে ওটিপি যাচাই লাগতে পারে। ওটিপি সঠিকভাবে প্রদান করলে আবেদন সাবমিট করা যায়।,False,0.0,0.9536423841059603,0.6046511627906977,0.6046511627906977,0.5365853658536585,0.6046511627906977,0.92420805,0.8119237,0.8644349
birth_death_152,birth_death,সংশোধন আবেদনে ফোনে কোড আসে কেন?,জন্ম বা মৃত্যু নিবন্ধনের সংশোধন আবেদন জমা দিতে আবেদনকারীর ফোন নম্বর বা যোগাযোগের তথ্য দিতে হয় এবং ওটিপি যাচাই লাগতে পারে। ওটিপি সঠিকভাবে প্রদান করলে আবেদন সাবমিট করা যায়।,জন্ম বা মৃত্যু নিবন্ধনের সংশোধন আবেদন জমা দিতে আবেদনকারীর ফোন নম্বরে OTP পাঠানো হতে পারে। OTP সঠিকভাবে পূরণ করলে আবেদন সাবমিট করা যায়।,False,0.0,0.8767123287671232,0.6538461538461539,0.6538461538461539,0.52,0.6538461538461539,0.9219533,0.8958631,0.9087209
birth_death_163,birth_death,BDRIS লগইনে বারবার ভুল পাসওয়ার্ড দিলে কী হয়?,BDRIS লগইনে ৩ বার ইউজারনেম ও পাসওয়ার্ড ভুল দিলে আইডি ৩০ মিনিটের জন্য স্থগিত হতে পারে। ৩০ মিনিট পর সঠিক পাসওয়ার্ড দিয়ে আবার চেষ্টা করতে হবে।,BDRIS লগইনে ৩ বার ইউজারনেম ও পাসওয়ার্ড ভুল দিলে আইডি ৩০ মিনিটের জন্য স্থগিত হতে পারে।,False,0.0,1.0,0.761904761904762,0.761904761904762,0.7499999999999999,0.761904761904762,0.9591598,0.8943149,0.92560303
birth_death_164,birth_death,বিডিআরআইএস আইডি লক হয়ে গেলে কী করব?,BDRIS লগইনে ৩ বার ইউজারনেম ও পাসওয়ার্ড ভুল দিলে আইডি ৩০ মিনিটের জন্য স্থগিত হতে পারে। ৩০ মিনিট পর সঠিক পাসওয়ার্ড দিয়ে আবার চেষ্টা করতে হবে।,BDRIS লগইনে ৩ বার ইউজারনেম ও পাসওয়ার্ড ভুল দিলে আইডি ৩০ মিনিটের জন্য স্থগিত হতে পারে। ৩০ মিনিট পর সঠিক পাসওয়ার্ড দিয়ে আবার চেষ্টা করতে হবে।,False,1.0,1.0,1.0,1.0,1.0,1.0,1.0,1.0,1.0
birth_death_165,birth_death,তিনবার ভুল পাসওয়ার্ড দিলে কী সমস্যা হয়?,BDRIS লগইনে ৩ বার ইউজারনেম ও পাসওয়ার্ড ভুল দিলে আইডি ৩০ মিনিটের জন্য স্থগিত হতে পারে। ৩০ মিনিট পর সঠিক পাসওয়ার্ড দিয়ে আবার চেষ্টা করতে হবে।,BDRIS লগইনে ৩ বার ইউজারনেম ও পাসওয়ার্ড ভুল দিলে আইডি ৩০ মিনিটের জন্য স্থগিত হতে পারে।,False,0.0,1.0,0.761904761904762,0.761904761904762,0.7499999999999999,0.761904761904762,0.9591598,0.8943149,0.92560303
birth_death_166,birth_death,লগইন আইডি স্থগিত হলে কতক্ষণ অপেক্ষা করব?,BDRIS লগইনে ৩ বার ইউজারনেম ও পাসওয়ার্ড ভুল দিলে আইডি ৩০ মিনিটের জন্য স্থগিত হতে পারে। ৩০ মিনিট পর সঠিক পাসওয়ার্ড দিয়ে আবার চেষ্টা করতে হবে।,BDRIS লগইনে ৩ বার ইউজারনেম ও পাসওয়ার্ড ভুল দিলে আইডি ৩০ মিনিটের জন্য স্থগিত হতে পারে। ৩০ মিনিট পর সঠিক পাসওয়ার্ড দিয়ে আবার চেষ্টা করতে হবে।,False,1.0,1.0,1.0,1.0,1.0,1.0,1.0,1.0,1.0
birth_death_167,birth_death,BDRIS আইডি ৩০ মিনিট লক কেন দেখায়?,BDRIS লগইনে ৩ বার ইউজারনেম ও পাসওয়ার্ড ভুল দিলে আইডি ৩০ মিনিটের জন্য স্থগিত হতে পারে। ৩০ মিনিট পর সঠিক পাসওয়ার্ড দিয়ে আবার চেষ্টা করতে হবে।,BDRIS লগইনে ৩ বার ইউজারনেম ও পাসওয়ার্ড ভুল দিলে আইডি ৩০ মিনিটের জন্য স্থগিত হতে পারে।,False,0.0,1.0,0.761904761904762,0.761904761904762,0.7499999999999999,0.761904761904762,0.9591598,0.8943149,0.92560303
birth_death_183,birth_death,কারা জন্ম-মৃত্যু নিবন্ধনের নিবন্ধক?,"সিটি কর্পোরেশন, পৌরসভা, ইউনিয়ন পরিষদ, ক্যান্টনমেন্ট বোর্ড এবং বিদেশে বাংলাদেশ মিশনের ক্ষমতাপ্রাপ্ত কর্মকর্তা জন্ম ও মৃত্যু নিবন্ধনের নিবন্ধক হিসেবে কাজ করেন। সাধারণত জন্মস্থান, মৃত্যুর স্থান বা স্থায়ী বা বর্তমান ঠিকানা অনুযায়ী সংশ্লিষ্ট নিবন্ধক কার্যালয়ে আবেদন করতে হয়।","শিরোনাম: কারা জন্ম-মৃত্যু নিবন্ধনের নিবন্ধক
তথ্য: সিটি কর্পোরেশন, পৌরসভা, ইউনিয়ন পরিষদ, ক্যান্টনমেন্ট বোর্ড এবং বিদেশে বাংলাদেশ মিশনের ক্ষমতাপ্রাপ্ত কর্মকর্তা জন্ম ও মৃত্যু নিবন্ধনের নিবন্ধক হিসেবে কাজ করেন।",False,0.0,0.9447852760736197,0.676923076923077,0.676923076923077,0.634920634920635,0.6461538461538462,0.8537782,0.8221933,0.8376881
birth_death_184,birth_death,জন্ম নিবন্ধন অফিস কোনটা?,"সিটি কর্পোরেশন, পৌরসভা, ইউনিয়ন পরিষদ, ক্যান্টনমেন্ট বোর্ড এবং বিদেশে বাংলাদেশ মিশনের ক্ষমতাপ্রাপ্ত কর্মকর্তা জন্ম ও মৃত্যু নিবন্ধনের নিবন্ধক হিসেবে কাজ করেন। সাধারণত জন্মস্থান, মৃত্যুর স্থান বা স্থায়ী বা বর্তমান ঠিকানা অনুযায়ী সংশ্লিষ্ট নিবন্ধক কার্যালয়ে আবেদন করতে হয়।","জন্ম ও মৃত্যু নিবন্ধন কার্যক্রম রেজিস্ট্রার জেনারেলের কার্যালয়, জন্ম ও মৃত্যু নিবন্ধন-এর অধীনে পরিচালিত হয়।",False,0.0,0.4035087719298246,0.1509433962264151,0.1509433962264151,0.0784313725490196,0.1509433962264151,0.74941945,0.68947136,0.71819663
birth_death_185,birth_death,মৃত্যু নিবন্ধন কোথায় করতে হয়?,"সিটি কর্পোরেশন, পৌরসভা, ইউনিয়ন পরিষদ, ক্যান্টনমেন্ট বোর্ড এবং বিদেশে বাংলাদেশ মিশনের ক্ষমতাপ্রাপ্ত কর্মকর্তা জন্ম ও মৃত্যু নিবন্ধনের নিবন্ধক হিসেবে কাজ করেন। সাধারণত জন্মস্থান, মৃত্যুর স্থান বা স্থায়ী বা বর্তমান ঠিকানা অনুযায়ী সংশ্লিষ্ট নিবন্ধক কার্যালয়ে আবেদন করতে হয়।","মৃত্যুর স্থান, মৃত ব্যক্তির স্থায়ী ঠিকানা বা মৃত্যুর সময় বসবাসের ঠিকানা অনুযায়ী সংশ্লিষ্ট ইউনিয়ন পরিষদ, পৌরসভা, সিটি কর্পোরেশন বা ক্যান্টনমেন্ট বোর্ডের নিবন্ধক কার্যালয়ে মৃত্যু নিবন্ধনের আবেদন করা যায়।",False,0.0,0.8685015290519877,0.5846153846153848,0.5846153846153848,0.2222222222222222,0.3076923076923077,0.8223398,0.7953524,0.808621
birth_death_186,birth_death,কোন কার্যালয় জন্ম বা মৃত্যু নিবন্ধন করে?,"সিটি কর্পোরেশন, পৌরসভা, ইউনিয়ন পরিষদ, ক্যান্টনমেন্ট বোর্ড এবং বিদেশে বাংলাদেশ মিশনের ক্ষমতাপ্রাপ্ত কর্মকর্তা জন্ম ও মৃত্যু নিবন্ধনের নিবন্ধক হিসেবে কাজ করেন। সাধারণত জন্মস্থান, মৃত্যুর স্থান বা স্থায়ী বা বর্তমান ঠিকানা অনুযায়ী সংশ্লিষ্ট নিবন্ধক কার্যালয়ে আবেদন করতে হয়।","জন্ম বা মৃত্যু নিবন্ধন কার্যক্রম রেজিস্ট্রার জেনারেলের কার্যালয়, জন্ম ও মৃত্যু নিবন্ধন-এর অধীনে পরিচালিত হয়।",False,0.0,0.4173913043478261,0.18867924528301885,0.18867924528301885,0.0784313725490196,0.1509433962264151,0.754848,0.69412804,0.7232158
birth_death_187,birth_death,সিটি কর্পোরেশনে জন্ম সনদ কে দেয়?,"সিটি কর্পোরেশন, পৌরসভা, ইউনিয়ন পরিষদ, ক্যান্টনমেন্ট বোর্ড এবং বিদেশে বাংলাদেশ মিশনের ক্ষমতাপ্রাপ্ত কর্মকর্তা জন্ম ও মৃত্যু নিবন্ধনের নিবন্ধক হিসেবে কাজ করেন। সাধারণত জন্মস্থান, মৃত্যুর স্থান বা স্থায়ী বা বর্তমান ঠিকানা অনুযায়ী সংশ্লিষ্ট নিবন্ধক কার্যালয়ে আবেদন করতে হয়।",সিটি কর্পোরেশন নিবন্ধক কার্যালয় জন্ম নিবন্ধনের নিবন্ধক হিসেবে কাজ করেন।,False,0.0,0.9137931034482759,0.3829787234042553,0.3829787234042553,0.22222222222222227,0.3404255319148936,0.8549197,0.71393204,0.7780908
birth_death_017,birth_death,জন্ম নিবন্ধন আবেদন করার পর কি অফিসে যেতে হয়?,"অনলাইনে আবেদন জমা দেওয়ার পর সাধারণত আবেদনপত্র প্রিন্ট করে প্রয়োজনীয় কাগজপত্রসহ সংশ্লিষ্ট ইউনিয়ন পরিষদ, পৌরসভা, সিটি কর্পোরেশন বা ক্যান্টনমেন্ট বোর্ডের নিবন্ধক কার্যালয়ে জমা দিতে হয়। নিবন্ধক যাচাই ও অনুমোদন করলে জন্ম নিবন্ধন সম্পন্ন হয়।",অনলাইনে আবেদন জমা দেওয়ার পর আবেদনপত্র প্রিন্ট করে প্রয়োজনীয় কাগজপত্রসহ সংশ্লিষ্ট নিবন্ধক কার্যালয়ে জমা দিতে হয়।,False,0.0,1.0,0.6399999999999999,0.6399999999999999,0.5416666666666666,0.6399999999999999,0.9028142,0.79699767,0.8466123
birth_death_018,birth_death,অনলাইনে আবেদন করলেই কি জন্ম সনদ হয়ে যায়?,"অনলাইনে আবেদন জমা দেওয়ার পর সাধারণত আবেদনপত্র প্রিন্ট করে প্রয়োজনীয় কাগজপত্রসহ সংশ্লিষ্ট ইউনিয়ন পরিষদ, পৌরসভা, সিটি কর্পোরেশন বা ক্যান্টনমেন্ট বোর্ডের নিবন্ধক কার্যালয়ে জমা দিতে হয়। নিবন্ধক যাচাই ও অনুমোদন করলে জন্ম নিবন্ধন সম্পন্ন হয়।",অনলাইন আবেদন শেষে আবেদনপত্র প্রিন্ট করে প্রয়োজনীয় কাগজপত্রসহ সংশ্লিষ্ট নিবন্ধক কার্যালয়ে জমা দিতে হয়।,False,0.0,0.9387755102040817,0.5,0.5,0.391304347826087,0.5,0.8905519,0.7867602,0.83544475
birth_death_019,birth_death,জন্ম নিবন্ধন অনলাইন আবেদন জমা দিলেই কি সনদ পাওয়া যাবে?,"অনলাইনে আবেদন জমা দেওয়ার পর সাধারণত আবেদনপত্র প্রিন্ট করে প্রয়োজনীয় কাগজপত্রসহ সংশ্লিষ্ট ইউনিয়ন পরিষদ, পৌরসভা, সিটি কর্পোরেশন বা ক্যান্টনমেন্ট বোর্ডের নিবন্ধক কার্যালয়ে জমা দিতে হয়। নিবন্ধক যাচাই ও অনুমোদন করলে জন্ম নিবন্ধন সম্পন্ন হয়।",অনলাইন আবেদন শেষে আবেদনপত্র প্রিন্ট করে প্রয়োজনীয় কাগজপত্রসহ সংশ্লিষ্ট নিবন্ধক কার্যালয়ে জমা দিতে হয়।,False,0.0,0.9387755102040817,0.5,0.5,0.391304347826087,0.5,0.8905519,0.7867602,0.83544475
birth_death_020,birth_death,অনলাইনে জন্ম নিবন্ধন করার পর পরের ধাপ কী?,"অনলাইনে আবেদন জমা দেওয়ার পর সাধারণত আবেদনপত্র প্রিন্ট করে প্রয়োজনীয় কাগজপত্রসহ সংশ্লিষ্ট ইউনিয়ন পরিষদ, পৌরসভা, সিটি কর্পোরেশন বা ক্যান্টনমেন্ট বোর্ডের নিবন্ধক কার্যালয়ে জমা দিতে হয়। নিবন্ধক যাচাই ও অনুমোদন করলে জন্ম নিবন্ধন সম্পন্ন হয়।",অনলাইনে আবেদন জমা দেওয়ার পর আবেদনপত্র প্রিন্ট করে সংশ্লিষ্ট নিবন্ধক কার্যালয়ে জমা দিতে হয়।,False,0.0,1.0,0.5833333333333334,0.5833333333333334,0.43478260869565216,0.5833333333333334,0.8942225,0.7712222,0.8281803
birth_death_021,birth_death,অনলাইনে আবেদন করার পর কাগজ জমা দিতে হবে কি?,"অনলাইনে আবেদন জমা দেওয়ার পর সাধারণত আবেদনপত্র প্রিন্ট করে প্রয়োজনীয় কাগজপত্রসহ সংশ্লিষ্ট ইউনিয়ন পরিষদ, পৌরসভা, সিটি কর্পোরেশন বা ক্যান্টনমেন্ট বোর্ডের নিবন্ধক কার্যালয়ে জমা দিতে হয়। নিবন্ধক যাচাই ও অনুমোদন করলে জন্ম নিবন্ধন সম্পন্ন হয়।",অনলাইন আবেদন শেষে আবেদনপত্র প্রিন্ট করে প্রয়োজনীয় কাগজপত্রসহ সংশ্লিষ্ট নিবন্ধক কার্যালয়ে জমা দিতে হয়।,False,0.0,0.9387755102040817,0.5,0.5,0.391304347826087,0.5,0.8905519,0.7867602,0.83544475
birth_death_075,birth_death,১৭ অংকের জন্ম নিবন্ধন নম্বর ছাড়া যাচাই করা যাবে?,জন্ম নিবন্ধন অনলাইন যাচাইয়ের জন্য ১৭ অংকের জন্ম নিবন্ধন নম্বর এবং জন্ম তারিখ প্রয়োজন। শুধু নাম দিয়ে সাধারণত অনলাইন যাচাই করা যায় না।,প্রদত্ত তথ্যে এই প্রশ্নের উত্তর পাওয়া যায়নি।,False,0.0,0.33766233766233766,0.0,0.0,0.0,0.0,0.678638,0.6146654,0.6450695
birth_death_076,birth_death,জন্ম নিবন্ধন যাচাই করতে শুধু নাম দিলেই হবে?,জন্ম নিবন্ধন অনলাইন যাচাইয়ের জন্য ১৭ অংকের জন্ম নিবন্ধন নম্বর এবং জন্ম তারিখ প্রয়োজন। শুধু নাম দিয়ে সাধারণত অনলাইন যাচাই করা যায় না।,শুধু নাম দিয়ে সাধারণত অনলাইন জন্ম নিবন্ধন যাচাই করা যায় না।,False,0.0,1.0,0.6470588235294118,0.6470588235294118,0.5000000000000001,0.5294117647058824,0.90215456,0.819234,0.8586971
birth_death_077,birth_death,নাম দিয়ে জন্ম সনদ যাচাই করা যায়?,জন্ম নিবন্ধন অনলাইন যাচাইয়ের জন্য ১৭ অংকের জন্ম নিবন্ধন নম্বর এবং জন্ম তারিখ প্রয়োজন। শুধু নাম দিয়ে সাধারণত অনলাইন যাচাই করা যায় না।,অনলাইনে জন্ম বা মৃত্যু নিবন্ধন যাচাইয়ের জন্য ১৭ অংকের জন্ম বা মৃত্যু নিবন্ধন নম্বর এবং জন্ম তারিখ বা মৃত্যু তারিখ প্রয়োজন। শুধু নাম দিয়ে সাধারণত অনলাইন যাচাই করা যায় না।,False,0.0,1.0,0.8301886792452831,0.8301886792452831,0.7058823529411765,0.8301886792452831,0.8914364,0.94574356,0.9177873
birth_death_078,birth_death,জন্ম তারিখ ছাড়া জন্ম নিবন্ধন যাচাই হবে?,জন্ম নিবন্ধন অনলাইন যাচাইয়ের জন্য ১৭ অংকের জন্ম নিবন্ধন নম্বর এবং জন্ম তারিখ প্রয়োজন। শুধু নাম দিয়ে সাধারণত অনলাইন যাচাই করা যায় না।,"জন্ম বা মৃত্যু নিবন্ধন অনলাইন যাচাইয়ের জন্য ১৭ অংকের জন্ম নিবন্ধন নম্বর, জন্ম বা মৃত্যুর তারিখ এবং ক্যাপচা প্রয়োজন। শুধু নাম দিয়ে সাধারণত অনলাইন যাচাই করা যায় না।",False,0.0,1.0,0.9019607843137255,0.9019607843137255,0.6938775510204083,0.8627450980392156,0.8997636,0.9606024,0.9291882
birth_death_079,birth_death,পুরো নম্বর না জানলে জন্ম নিবন্ধন চেক হবে?,জন্ম নিবন্ধন অনলাইন যাচাইয়ের জন্য ১৭ অংকের জন্ম নিবন্ধন নম্বর এবং জন্ম তারিখ প্রয়োজন। শুধু নাম দিয়ে সাধারণত অনলাইন যাচাই করা যায় না।,"জন্ম বা মৃত্যু নিবন্ধন নম্বর না থাকলে অনলাইন যাচাই করা কঠিন। পুরোনো সনদ, আবেদনপত্র বা সংশ্লিষ্ট নিবন্ধক কার্যালয় থেকে নম্বর সংগ্রহ করতে হবে।",False,0.0,0.5462184873949579,0.30434782608695654,0.30434782608695654,0.13636363636363635,0.2608695652173913,0.73171633,0.7848965,0.75737405
birth_death_329,birth_death,BDRIS হেল্পলাইন,জন্ম ও মৃত্যু নিবন্ধন সহায়তার জন্য কল সেন্টার নম্বর ১৬১৫২। নাগরিক সমস্যার জন্য help@bdris.gov.bd ইমেইলেও যোগাযোগ করা যায়।,BDRIS নিবন্ধন সহায়তার জন্য ১৬১৫২ কল সেন্টার ব্যবহার করা যায়। help@bdris.gov.bd ইমেইলেও নাগরিক সমস্যার জন্য যোগাযোগ করা যায়।,False,0.0,0.96,0.8095238095238095,0.8095238095238095,0.55,0.6190476190476191,0.8909058,0.86924714,0.87994325
