id,domain,question,gold,prediction,truncated,Exact Match,Fuzzy Match,Token F1,ROUGE-1,ROUGE-2,ROUGE-L,BERT Precision,BERT Recall,BERT F1
passport_001,passport,ই-পাসপোর্ট আবেদনের পাঁচটি মূল ধাপ কী কী?,"ই-পাসপোর্ট আবেদনের ৫টি সহজ ধাপ হলো: ১. বর্তমানে আপনার এলাকায় কার্যক্রম শুরু হয়েছে কিনা তা দেখা, ২. অনলাইনে আবেদন ফরম পূরণ করা, ৩. নির্ধারিত পাসপোর্ট ফি পরিশোধ করা, ৪. ছবি ও আঙুলের ছাপের জন্য পাসপোর্ট অফিসে উপস্থিত হওয়া এবং ৫. পাসপোর্ট সংগ্রহ করা।","প্রশ্ন: ই-পাসপোর্ট আবেদনের পাঁচটি মূল ধাপ কী কী?
সরাসরি উত্তর: প্রথমে আবেদনকারীর এলাকায় ই-পাসপোর্ট সেবা চালু আছে কি না যাচাই করা, এরপর ই-পাসপোর্ট আবেদন অনলাইনে পূরণ করা, নির্ধারিত পাসপোর্ট ফি পরিশোধ করা, নির্ধারিত পাসপোর্ট অফিসে গিয়ে এনরোলমেন্ট সম্পন্ন করা এবং শেষে পাসপোর্ট সংগ্রহ করা।
সংক্ষিপ্ত উত্তর: পাঁচটি ধাপ: এলাকা যাচাই, আবেদন, ফি, এনরোলমেন্ট, এবং সংগ্রহ।",False,0.0,0.6335697399527187,0.39215686274509803,0.39215686274509803,0.2,0.3725490196078432,0.8014174,0.8101995,0.8057845
passport_179,passport,প্রবাসী শ্রমিকের ৬৪ পৃষ্ঠা ৫ বছর এক্সপ্রেস ই-পাসপোর্টে কত ডলার লাগে?,বিদেশস্থ বাংলাদেশ মিশনে শ্রমিক ও শিক্ষার্থীদের জন্য ৬৪ পৃষ্ঠা ও ৫ বছর মেয়াদের ই-পাসপোর্টের এক্সপ্রেস ডেলিভারি ফি ২০০ মার্কিন ডলার।,উত্তর: বিদেশস্থ বাংলাদেশ মিশনে শ্রমিক ও শিক্ষার্থীদের জন্য ৬৪ পৃষ্ঠা ও ৫ বছর মেয়াদের ই-পাসপোর্টের এক্সপ্রেস ডেলিভারি ফি ২০০ মার্কিন ডলার।,False,0.0,1.0,0.9767441860465117,0.9767441860465117,0.975609756097561,0.9767441860465117,0.9708832,0.9811225,0.97597605
passport_216,passport,বিদেশে শ্রমিক শিক্ষার্থীর ৬৪ পৃষ্ঠা ৫ বছর এক্সপ্রেস ফি কত?,বিদেশস্থ বাংলাদেশ মিশনে শ্রমিক ও শিক্ষার্থীদের জন্য ৬৪ পৃষ্ঠা ও ৫ বছর মেয়াদের ই-পাসপোর্টের এক্সপ্রেস ডেলিভারি ফি ২০০ মার্কিন ডলার।,বিদেশে শ্রমিক শিক্ষার্থীর ৬৪ পৃষ্ঠা ও ৫ বছর মেয়াদের ই-পাসপোর্টের এক্সপ্রেস ডেলিভারি ফি ২০০ মার্কিন ডলার।,False,0.0,0.8994708994708995,0.7894736842105262,0.7894736842105262,0.7222222222222223,0.7894736842105262,0.94900775,0.92093736,0.93476194
passport_241,passport,স্টুডেন্ট হিসেবে মিশনে ৬৪ পৃষ্ঠা ৫ বছর এক্সপ্রেস পাসপোর্ট ফি কত?,বিদেশস্থ বাংলাদেশ মিশনে শ্রমিক ও শিক্ষার্থীদের জন্য ৬৪ পৃষ্ঠা ও ৫ বছর মেয়াদের ই-পাসপোর্টের এক্সপ্রেস ডেলিভারি ফি ২০০ মার্কিন ডলার।,বিদেশের মিশন থেকে ৬৪ পৃষ্ঠা ও ৫ বছর মেয়াদী এক্সপ্রেস ডেলিভারির ফি ২০০ মার্কিন ডলার।,False,0.0,0.7393364928909952,0.5555555555555556,0.5555555555555556,0.4117647058823529,0.5555555555555556,0.91116893,0.84898984,0.8789811
passport_291,passport,শিশুর পাসপোর্ট সংগ্রহে কী লাগবে?,অপ্রাপ্তবয়স্কের পাসপোর্ট সংগ্রহে পিতা বা মাতাকে সরাসরি আসতে হবে; অন্য কেউ সংগ্রহ করলে তার এনআইডি এবং আবেদনকারীর পিতা বা মাতার অথরাইজেশন লেটার লাগবে।,শিশুর পাসপোর্ট সংগ্রহে পিতা বা মাতাকে সরাসরি আসতে হবে। অন্য কেউ সংগ্রহ করলে তার এনআইডি এবং আবেদনকারীর পিতা বা মাতার অথরাইজেশন লেটার লাগবে।,False,0.0,0.976,0.9565217391304348,0.9565217391304348,0.9545454545454546,0.9565217391304348,0.9762374,0.9569773,0.9665115
passport_135,passport,পাসপোর্ট অফিসে না গিয়ে বায়োমেট্রিক করা যাবে?,"না, বায়োমেট্রিক এনরোলমেন্টের জন্য নির্ধারিত পাসপোর্ট অফিসে উপস্থিত হতে হয়।","না, বায়োমেট্রিক এনরোলমেন্টের জন্য নির্ধারিত পাসপোর্ট অফিসে উপস্থিত হতে হয়।",False,1.0,1.0,1.0,1.0,1.0,1.0,0.99999994,0.99999994,0.99999994
passport_293,passport,অফিসিয়াল পাসপোর্টের জন্য সরকারি চাকরিজীবী কীভাবে আবেদন করবে?,সরকারি চাকরিজীবীকে ওয়েব পোর্টালে আবেদন করার সময় সাধারণ পাসপোর্ট হিসেবে আবেদন করতে হবে; এনরোলমেন্টের সময় পাসপোর্ট অফিসে ক্যাটাগরি অফিসিয়াল হিসেবে পরিবর্তন করা হয়। অফিসিয়াল পাসপোর্টের ক্ষেত্রে অ্যাপয়েন্টমেন্ট শিডিউল লাগে না এবং সরকারি পাসপোর্ট ৫ বছর মেয়াদের হয়।,সরকারি চাকরিজীবী ওয়েব পোর্টালে প্রথমে সাধারণ পাসপোর্ট হিসেবে আবেদন করেন এবং এনরোলমেন্টের সময় ক্যাটাগরি অফিসিয়াল হিসেবে পরিবর্তন করা হয়। অফিসিয়াল পাসপোর্টে অ্যাপয়েন্টমেন্ট শিডিউল প্রয়োজন হয় না এবং সরকারি পাসপোর্ট ৫ বছর মেয়াদি হয়।,False,0.0,0.8721804511278195,0.7142857142857142,0.7142857142857142,0.4999999999999999,0.7142857142857142,0.8342474,0.8066201,0.8202012
passport_299,passport,সরকারি চাকরিজীবীর অফিসিয়াল পাসপোর্টে অ্যাপয়েন্টমেন্ট লাগে?,সরকারি চাকরিজীবীকে ওয়েব পোর্টালে আবেদন করার সময় সাধারণ পাসপোর্ট হিসেবে আবেদন করতে হবে; এনরোলমেন্টের সময় পাসপোর্ট অফিসে ক্যাটাগরি অফিসিয়াল হিসেবে পরিবর্তন করা হয়। অফিসিয়াল পাসপোর্টের ক্ষেত্রে অ্যাপয়েন্টমেন্ট শিডিউল লাগে না এবং সরকারি পাসপোর্ট ৫ বছর মেয়াদের হয়।,সরকারি চাকরিজীবীর জন্য অফিসিয়াল পাসপোর্টের ক্ষেত্রে অ্যাপয়েন্টমেন্ট শিডিউল লাগে না।,False,0.0,0.8947368421052632,0.3404255319148936,0.3404255319148936,0.26666666666666666,0.3404255319148936,0.88736635,0.7685821,0.82371396
passport_300,passport,সরকারি পাসপোর্ট কত বছরের হয়?,সরকারি চাকরিজীবীকে ওয়েব পোর্টালে আবেদন করার সময় সাধারণ পাসপোর্ট হিসেবে আবেদন করতে হবে; এনরোলমেন্টের সময় পাসপোর্ট অফিসে ক্যাটাগরি অফিসিয়াল হিসেবে পরিবর্তন করা হয়। অফিসিয়াল পাসপোর্টের ক্ষেত্রে অ্যাপয়েন্টমেন্ট শিডিউল লাগে না এবং সরকারি পাসপোর্ট ৫ বছর মেয়াদের হয়।,সরকারি চাকরিজীবীর জন্য ৫ বছর মেয়াদের হিসেবে পাসপোর্ট দেখানো হয়।,False,0.0,0.7809523809523811,0.2978723404255319,0.2978723404255319,0.08888888888888888,0.21276595744680854,0.8501818,0.71677995,0.7778024
passport_301,passport,সরকারি পাসপোর্ট করতে শুরুতে কোন ক্যাটাগরি সিলেক্ট করব?,সরকারি চাকরিজীবীকে ওয়েব পোর্টালে আবেদন করার সময় সাধারণ পাসপোর্ট হিসেবে আবেদন করতে হবে; এনরোলমেন্টের সময় পাসপোর্ট অফিসে ক্যাটাগরি অফিসিয়াল হিসেবে পরিবর্তন করা হয়। অফিসিয়াল পাসপোর্টের ক্ষেত্রে অ্যাপয়েন্টমেন্ট শিডিউল লাগে না এবং সরকারি পাসপোর্ট ৫ বছর মেয়াদের হয়।,প্রশ্ন: সরকারি চাকরিজীবীর জন্য কোন ক্যাটাগরি সিলেক্ট করব? সরকারি চাকরিজীবীর জন্য অফিসিয়াল ক্যাটাগরি সিলেক্ট করতে হয়।,False,0.0,0.6422018348623854,0.22641509433962265,0.22641509433962265,0.0,0.1509433962264151,0.7578201,0.68916255,0.7218625
passport_309,passport,"পূর্বের ই-পাসপোর্ট নম্বর মনে নেই, কীভাবে পাব?",পূর্ববর্তী ই-পাসপোর্ট নম্বর না জানলে প্রয়োজনীয় তথ্যের জন্য নির্ধারিত পাসপোর্ট অফিসে যোগাযোগ করুন। পূর্ববর্তী ই-পাসপোর্ট নম্বর সংগ্রহের জন্য এনআইডি ও বিআরসি নিয়ে যেতে বলা হয়েছে।,"পূর্বের ই-পাসপোর্ট নম্বর মনে নেই, তবে পূর্ববর্তী পাসপোর্ট থাকলে সেটি ব্যবহার করে নতুন ই-পাসপোর্টের জন্য আবেদন করা যায়।",False,0.0,0.5785123966942148,0.29787234042553196,0.29787234042553196,0.08888888888888889,0.25531914893617025,0.8054079,0.7616507,0.78291833
passport_310,passport,হারানো ই-পাসপোর্ট নম্বর পেতে কী নিয়ে যাব?,পূর্ববর্তী ই-পাসপোর্ট নম্বর না জানলে প্রয়োজনীয় তথ্যের জন্য নির্ধারিত পাসপোর্ট অফিসে যোগাযোগ করুন। পূর্ববর্তী ই-পাসপোর্ট নম্বর সংগ্রহের জন্য এনআইডি ও বিআরসি নিয়ে যেতে বলা হয়েছে।,"পূর্বের ই-পাসপোর্ট নম্বর মনে নেই, কীভাবে পাব? পূর্ববর্তী ই-পাসপোর্ট নম্বর না জানলে প্রয়োজনীয় তথ্যের জন্য নির্ধারিত পাসপোর্ট অফিসে যোগাযোগ করুন। পূর্ববর্তী ই-পাসপোর্ট নম্বর সংগ্রহের জন্য এনআইডি ও বিআরসি নিয়ে যেতে বলা হয়েছে।",False,0.0,1.0,0.870967741935484,0.870967741935484,0.8666666666666666,0.870967741935484,0.9305183,0.9680802,0.9489277
passport_073,passport,ই-পাসপোর্টে ছবি নিয়ে যেতে হবে?,সাধারণ আবেদনকারীর আলাদা ছবি নিয়ে যাওয়ার দরকার নেই; পাসপোর্ট অফিসে এনরোলমেন্টের সময় ডিজিটাল ক্যামেরায় ছবি তোলা হয়। তবে ৬ বছরের কম শিশুর ক্ষেত্রে ৩আর সাইজের ছবি লাগতে পারে এবং ১৫ বছরের কম আবেদনকারীর ক্ষেত্রে পিতা-মাতার ছবি দাখিলের নির্দেশনা আছে।,ই-পাসপোর্টে ছবি নিয়ে যেতে হবে না। সাধারণত পাসপোর্ট অফিসে এনরোলমেন্টের সময় ডিজিটাল ক্যামেরায় ছবি তোলা হয়।,False,0.0,0.813953488372093,0.3859649122807018,0.3859649122807018,0.32727272727272727,0.3859649122807018,0.88687146,0.75975585,0.8184071
passport_074,passport,এনরোলমেন্টে ছবি কীভাবে তোলা হয়?,সাধারণ আবেদনকারীর আলাদা ছবি নিয়ে যাওয়ার দরকার নেই; পাসপোর্ট অফিসে এনরোলমেন্টের সময় ডিজিটাল ক্যামেরায় ছবি তোলা হয়। তবে ৬ বছরের কম শিশুর ক্ষেত্রে ৩আর সাইজের ছবি লাগতে পারে এবং ১৫ বছরের কম আবেদনকারীর ক্ষেত্রে পিতা-মাতার ছবি দাখিলের নির্দেশনা আছে।,এনরোলমেন্টে পাসপোর্ট অফিসে ডিজিটাল ছবি তোলা হয়।,False,0.0,0.8536585365853658,0.2553191489361702,0.2553191489361702,0.13333333333333336,0.2553191489361702,0.87151927,0.69900703,0.7757884
passport_075,passport,ছবি কি অনলাইনে আপলোড করতে হবে?,সাধারণ আবেদনকারীর আলাদা ছবি নিয়ে যাওয়ার দরকার নেই; পাসপোর্ট অফিসে এনরোলমেন্টের সময় ডিজিটাল ক্যামেরায় ছবি তোলা হয়। তবে ৬ বছরের কম শিশুর ক্ষেত্রে ৩আর সাইজের ছবি লাগতে পারে এবং ১৫ বছরের কম আবেদনকারীর ক্ষেত্রে পিতা-মাতার ছবি দাখিলের নির্দেশনা আছে।,"হ্যাঁ, ছবি অনলাইনে আপলোড করতে হবে না। এনরোলমেন্টের সময় পাসপোর্ট অফিসে ডিজিটাল ছবি তোলা হয়।",False,0.0,0.7681159420289855,0.3272727272727273,0.3272727272727273,0.1509433962264151,0.2545454545454546,0.79641604,0.71464145,0.75331604
passport_076,passport,পনের বছরের কম শিশুর আবেদনে পিতা-মাতার ছবি লাগে?,সাধারণ আবেদনকারীর আলাদা ছবি নিয়ে যাওয়ার দরকার নেই; পাসপোর্ট অফিসে এনরোলমেন্টের সময় ডিজিটাল ক্যামেরায় ছবি তোলা হয়। তবে ৬ বছরের কম শিশুর ক্ষেত্রে ৩আর সাইজের ছবি লাগতে পারে এবং ১৫ বছরের কম আবেদনকারীর ক্ষেত্রে পিতা-মাতার ছবি দাখিলের নির্দেশনা আছে।,"হ্যাঁ, ১৮ বছরের কম শিশুর আবেদনে পিতা-মাতার ছবি লাগে।",False,0.0,0.7341772151898734,0.24,0.24,0.16666666666666666,0.24,0.8023336,0.69895303,0.7470839
passport_077,passport,পাসপোর্টের জন্য ছবি সত্যায়ন লাগে?,সাধারণ আবেদনকারীর আলাদা ছবি নিয়ে যাওয়ার দরকার নেই; পাসপোর্ট অফিসে এনরোলমেন্টের সময় ডিজিটাল ক্যামেরায় ছবি তোলা হয়। তবে ৬ বছরের কম শিশুর ক্ষেত্রে ৩আর সাইজের ছবি লাগতে পারে এবং ১৫ বছরের কম আবেদনকারীর ক্ষেত্রে পিতা-মাতার ছবি দাখিলের নির্দেশনা আছে।,পাসপোর্টের জন্য ছবি সত্যায়ন লাগে না।,False,0.0,0.2666666666666667,0.04347826086956522,0.04347826086956522,0.0,0.04347826086956522,0.785909,0.6724899,0.7247892
passport_079,passport,শিশুর পাসপোর্টে ছবি লাগে কি?,সাধারণ আবেদনকারীর আলাদা ছবি নিয়ে যাওয়ার দরকার নেই; পাসপোর্ট অফিসে এনরোলমেন্টের সময় ডিজিটাল ক্যামেরায় ছবি তোলা হয়। তবে ৬ বছরের কম শিশুর ক্ষেত্রে ৩আর সাইজের ছবি লাগতে পারে এবং ১৫ বছরের কম আবেদনকারীর ক্ষেত্রে পিতা-মাতার ছবি দাখিলের নির্দেশনা আছে।,"হ্যাঁ, শিশুর পাসপোর্টে পিতা-মাতার এনআইডি লাগে।",False,0.0,0.5333333333333333,0.1276595744680851,0.1276595744680851,0.044444444444444446,0.1276595744680851,0.76826894,0.6765699,0.7195095
passport_080,passport,সাদা পোশাক পরে ছবি তুলতে পারব?,সাধারণ আবেদনকারীর আলাদা ছবি নিয়ে যাওয়ার দরকার নেই; পাসপোর্ট অফিসে এনরোলমেন্টের সময় ডিজিটাল ক্যামেরায় ছবি তোলা হয়। তবে ৬ বছরের কম শিশুর ক্ষেত্রে ৩আর সাইজের ছবি লাগতে পারে এবং ১৫ বছরের কম আবেদনকারীর ক্ষেত্রে পিতা-মাতার ছবি দাখিলের নির্দেশনা আছে।,সাদা পোশাক পরে ছবি তুলতে পারবেন না।,False,0.0,0.23529411764705885,0.0425531914893617,0.0425531914893617,0.0,0.0425531914893617,0.7160301,0.65219,0.6826207
passport_081,passport,৬ বছরের কম বাচ্চার জন্য ছবি কী লাগবে?,সাধারণ আবেদনকারীর আলাদা ছবি নিয়ে যাওয়ার দরকার নেই; পাসপোর্ট অফিসে এনরোলমেন্টের সময় ডিজিটাল ক্যামেরায় ছবি তোলা হয়। তবে ৬ বছরের কম শিশুর ক্ষেত্রে ৩আর সাইজের ছবি লাগতে পারে এবং ১৫ বছরের কম আবেদনকারীর ক্ষেত্রে পিতা-মাতার ছবি দাখিলের নির্দেশনা আছে।,উত্তর: ৬ বছরের কম বাচ্চার জন্য ৩ আর সাইজের ছবি লাগতে পারে।,False,0.0,0.7272727272727272,0.2692307692307692,0.2692307692307692,0.19999999999999996,0.2692307692307692,0.8079188,0.7002835,0.7502604
passport_122,passport,আগের পাসপোর্টের তথ্যের সাথে নতুন তথ্য না মিললে কী করব?,"বর্তমান ঠিকানা, পেশা, জরুরি যোগাযোগ বা বৈবাহিক অবস্থা পরিবর্তন হলে নতুন তথ্য দিয়ে আবেদন করতে হবে। পেশা পরিবর্তনে পেশাগত সনদ বা স্টুডেন্ট আইডি, বৈবাহিক অবস্থায় বিবাহ সনদ, আর নাম/জন্মতারিখ/জন্মস্থান/পিতা-মাতার নাম পরিবর্তনে এনআইডি বা বিআরসি, পূর্ববর্তী পাসপোর্ট এবং প্রয়োজনীয় সহায়ক কাগজপত্র লাগতে পারে। এতে প্রসেসিং সময় বেশি লাগতে পারে।",আগের পাসপোর্টের তথ্যের সাথে নতুন তথ্য না মিললে নতুন তথ্য দিয়ে আবেদন করতে হবে।,False,0.0,0.6185567010309279,0.18181818181818182,0.18181818181818182,0.15625000000000003,0.18181818181818182,0.80644715,0.6345359,0.71023697
passport_123,passport,ঠিকানা বদলালে কীভাবে আবেদন করব?,"বর্তমান ঠিকানা, পেশা, জরুরি যোগাযোগ বা বৈবাহিক অবস্থা পরিবর্তন হলে নতুন তথ্য দিয়ে আবেদন করতে হবে। পেশা পরিবর্তনে পেশাগত সনদ বা স্টুডেন্ট আইডি, বৈবাহিক অবস্থায় বিবাহ সনদ, আর নাম/জন্মতারিখ/জন্মস্থান/পিতা-মাতার নাম পরিবর্তনে এনআইডি বা বিআরসি, পূর্ববর্তী পাসপোর্ট এবং প্রয়োজনীয় সহায়ক কাগজপত্র লাগতে পারে। এতে প্রসেসিং সময় বেশি লাগতে পারে।","আগের পাসপোর্টের তথ্য না মিললে নতুন আবেদন করতে হবে। বর্তমান ঠিকানা, পেশা, জরুরি যোগাযোগ বা বৈবাহিক অবস্থা পরিবর্তন হলে নতুন তথ্য দিয়ে আবেদন করতে হবে। পেশা পরিবর্তনে পেশাগত সনদ বা স্টুডেন্ট আইডি, বৈবাহিক অবস্থায় বিবাহ সনদ, আর নাম/জন্মতারিখ/জন্মস্থান/পিতা-মাতার নাম পরিবর্তনে এনআইডি বা বিআরসি, পূর্ববর্তী পাসপোর্ট এবং প্রয়োজনীয় সহায়ক কাগজপত্র লাগতে পারে। এতে প্রসেসিং সময় বেশি লাগতে পারে।",False,0.0,1.0,0.9203539823008848,0.9203539823008848,0.9189189189189189,0.9203539823008848,0.90448326,0.9190665,0.9117165
passport_124,passport,তথ্য পরিবর্তনে পাসপোর্ট দেরি হতে পারে?,"বর্তমান ঠিকানা, পেশা, জরুরি যোগাযোগ বা বৈবাহিক অবস্থা পরিবর্তন হলে নতুন তথ্য দিয়ে আবেদন করতে হবে। পেশা পরিবর্তনে পেশাগত সনদ বা স্টুডেন্ট আইডি, বৈবাহিক অবস্থায় বিবাহ সনদ, আর নাম/জন্মতারিখ/জন্মস্থান/পিতা-মাতার নাম পরিবর্তনে এনআইডি বা বিআরসি, পূর্ববর্তী পাসপোর্ট এবং প্রয়োজনীয় সহায়ক কাগজপত্র লাগতে পারে। এতে প্রসেসিং সময় বেশি লাগতে পারে।","প্রশ্ন: তথ্য পরিবর্তনে পাসপোর্ট দেরি হতে পারে? সরাসরি: হ্যাঁ। তথ্য পরিবর্তন, NID/BRC mismatch, পুলিশ ভেরিফিকেশন, এবং পূর্ববর্তী পাসপোর্ট তথ্য গোপন করা ক্ষেত্রে পাসপোর্ট দেরি হতে পারে।",False,0.0,0.5621621621621622,0.20253164556962028,0.20253164556962028,0.025974025974025976,0.12658227848101267,0.72375757,0.674496,0.698259
passport_125,passport,নাম বা জন্মতারিখ পরিবর্তন করলে কী হবে?,"বর্তমান ঠিকানা, পেশা, জরুরি যোগাযোগ বা বৈবাহিক অবস্থা পরিবর্তন হলে নতুন তথ্য দিয়ে আবেদন করতে হবে। পেশা পরিবর্তনে পেশাগত সনদ বা স্টুডেন্ট আইডি, বৈবাহিক অবস্থায় বিবাহ সনদ, আর নাম/জন্মতারিখ/জন্মস্থান/পিতা-মাতার নাম পরিবর্তনে এনআইডি বা বিআরসি, পূর্ববর্তী পাসপোর্ট এবং প্রয়োজনীয় সহায়ক কাগজপত্র লাগতে পারে। এতে প্রসেসিং সময় বেশি লাগতে পারে।","প্রশ্ন: নাম বা জন্মতারিখ পরিবর্তন করলে কী হবে?

সরাসরি উত্তর: নাম বা জন্মতারিখ পরিবর্তনের আগে সংশোধিত প্রমাণপত্র, অঙ্গীকারনামা বা প্রয়োজনীয় নথি জমা দিতে হতে পারে।",False,0.0,0.5118483412322274,0.25974025974025977,0.25974025974025977,0.0,0.2077922077922078,0.7253662,0.67231435,0.6978334
passport_126,passport,পাসপোর্টে পেশা পরিবর্তন করতে কী লাগবে?,"বর্তমান ঠিকানা, পেশা, জরুরি যোগাযোগ বা বৈবাহিক অবস্থা পরিবর্তন হলে নতুন তথ্য দিয়ে আবেদন করতে হবে। পেশা পরিবর্তনে পেশাগত সনদ বা স্টুডেন্ট আইডি, বৈবাহিক অবস্থায় বিবাহ সনদ, আর নাম/জন্মতারিখ/জন্মস্থান/পিতা-মাতার নাম পরিবর্তনে এনআইডি বা বিআরসি, পূর্ববর্তী পাসপোর্ট এবং প্রয়োজনীয় সহায়ক কাগজপত্র লাগতে পারে। এতে প্রসেসিং সময় বেশি লাগতে পারে।",পেশা বা বৈবাহিক অবস্থা পরিবর্তনের জন্য প্রয়োজনীয় প্রমাণপত্র হলো পেশাগত সনদ বা স্টুডেন্ট আইডি এবং বৈবাহিক পরিবর্তনের জন্য বিবাহ সনদ।,False,0.0,0.8187134502923976,0.3888888888888889,0.3888888888888889,0.2,0.33333333333333337,0.85423255,0.7391468,0.7925335
passport_127,passport,পেশা আর বৈবাহিক অবস্থা পরিবর্তনের প্রমাণ কী?,"বর্তমান ঠিকানা, পেশা, জরুরি যোগাযোগ বা বৈবাহিক অবস্থা পরিবর্তন হলে নতুন তথ্য দিয়ে আবেদন করতে হবে। পেশা পরিবর্তনে পেশাগত সনদ বা স্টুডেন্ট আইডি, বৈবাহিক অবস্থায় বিবাহ সনদ, আর নাম/জন্মতারিখ/জন্মস্থান/পিতা-মাতার নাম পরিবর্তনে এনআইডি বা বিআরসি, পূর্ববর্তী পাসপোর্ট এবং প্রয়োজনীয় সহায়ক কাগজপত্র লাগতে পারে। এতে প্রসেসিং সময় বেশি লাগতে পারে।","পেশা বা বৈবাহিক অবস্থা পরিবর্তনের প্রমাণ হিসেবে পেশাগত সনদ, বিবাহ সনদ, স্টুডেন্ট আইডি বা প্রযোজ্য আইনি কাগজপত্র লাগতে পারে।",False,0.0,0.7914438502673796,0.39436619718309857,0.39436619718309857,0.2028985507246377,0.33802816901408445,0.8555583,0.7733171,0.8123615
passport_128,passport,বৈবাহিক অবস্থা বদলালে কী কাগজ দেব?,"বর্তমান ঠিকানা, পেশা, জরুরি যোগাযোগ বা বৈবাহিক অবস্থা পরিবর্তন হলে নতুন তথ্য দিয়ে আবেদন করতে হবে। পেশা পরিবর্তনে পেশাগত সনদ বা স্টুডেন্ট আইডি, বৈবাহিক অবস্থায় বিবাহ সনদ, আর নাম/জন্মতারিখ/জন্মস্থান/পিতা-মাতার নাম পরিবর্তনে এনআইডি বা বিআরসি, পূর্ববর্তী পাসপোর্ট এবং প্রয়োজনীয় সহায়ক কাগজপত্র লাগতে পারে। এতে প্রসেসিং সময় বেশি লাগতে পারে।","পেশা বা বৈবাহিক অবস্থা পরিবর্তনের প্রমাণপত্র হলো পেশাগত সনদ, স্টুডেন্ট আইডি, বিবাহ সনদ এবং নাম/জন্মতারিখ/জন্মস্থান/পিতা-মাতার নাম পরিবর্তনে এনআইডি বা বিআরসি।",False,0.0,0.9,0.5526315789473685,0.5526315789473685,0.37837837837837845,0.5263157894736842,0.90251994,0.8007749,0.8486086
passport_129,passport,স্পাউস তথ্য বদলালে কী লাগবে?,"বর্তমান ঠিকানা, পেশা, জরুরি যোগাযোগ বা বৈবাহিক অবস্থা পরিবর্তন হলে নতুন তথ্য দিয়ে আবেদন করতে হবে। পেশা পরিবর্তনে পেশাগত সনদ বা স্টুডেন্ট আইডি, বৈবাহিক অবস্থায় বিবাহ সনদ, আর নাম/জন্মতারিখ/জন্মস্থান/পিতা-মাতার নাম পরিবর্তনে এনআইডি বা বিআরসি, পূর্ববর্তী পাসপোর্ট এবং প্রয়োজনীয় সহায়ক কাগজপত্র লাগতে পারে। এতে প্রসেসিং সময় বেশি লাগতে পারে।","প্রশ্ন: স্পাউস তথ্য বদলালে কী লাগবে?
সরাসরি উত্তর: বর্তমান ঠিকানা, পেশা, জরুরি যোগাযোগ বা বৈবাহিক অবস্থা পরিবর্তন হলে নতুন তথ্য দিয়ে আবেদন করতে হবে। পেশা পরিবর্তনে পেশাগত সনদ বা স্টুডেন্ট আইডি, বৈবাহিক অবস্থায় বিবাহ সনদ, আর নাম/জন্মতারিখ/জন্মস্থান/পিতা-মাতার নাম পরিবর্তনে এনআইডি বা বিআরসি, পূর্ববর্তী পাসপোর্ট এবং প্রয়োজনীয় সহায়ক কাগজপত্র লাগতে পারে। এতে প্রসেসিং সময় বেশি লাগতে পারে।",False,0.0,1.0,0.9285714285714286,0.9285714285714286,0.9272727272727274,0.9285714285714286,0.8742383,0.9111028,0.89229
passport_163,passport,দেশের ভিতরে ৪৮ পৃষ্ঠা ৫ বছর পাসপোর্টের সুপার এক্সপ্রেস চার্জ কত?,"বাংলাদেশের অভ্যন্তরে ৪৮ পৃষ্ঠা ও ৫ বছর মেয়াদের ই-পাসপোর্টের সুপার এক্সপ্রেস ডেলিভারি ফি ১৫% ভ্যাটসহ ৮,৬২৫ টাকা।","৪৮ পৃষ্ঠা ও ৫ বছর মেয়াদের ই-পাসপোর্টের সুপার এক্সপ্রেস ডেলিভারি ফি ১৫% ভ্যাটসহ ৮,৬২৫ টাকা।",False,0.0,1.0,0.9444444444444444,0.9444444444444444,0.9411764705882353,0.9444444444444444,0.96691024,0.9323393,0.9493101
passport_194,passport,বাংলাদেশে ৪৮ পৃষ্ঠা ৫ বছর সুপার এক্সপ্রেস পাসপোর্ট ফি কত?,"বাংলাদেশের অভ্যন্তরে ৪৮ পৃষ্ঠা ও ৫ বছর মেয়াদের ই-পাসপোর্টের সুপার এক্সপ্রেস ডেলিভারি ফি ১৫% ভ্যাটসহ ৮,৬২৫ টাকা।","৪৮ পৃষ্ঠা ও ৫ বছর মেয়াদের ই-পাসপোর্টের সুপার এক্সপ্রেস ডেলিভারি ফি ১৫% ভ্যাটসহ ৮,৬২৫ টাকা।",False,0.0,1.0,0.9444444444444444,0.9444444444444444,0.9411764705882353,0.9444444444444444,0.96691024,0.9323393,0.9493101
passport_232,passport,সুপার এক্সপ্রেস ৪৮ পৃষ্ঠা ৫ বছর ই-পাসপোর্টে কত টাকা লাগে?,"বাংলাদেশের অভ্যন্তরে ৪৮ পৃষ্ঠা ও ৫ বছর মেয়াদের ই-পাসপোর্টের সুপার এক্সপ্রেস ডেলিভারি ফি ১৫% ভ্যাটসহ ৮,৬২৫ টাকা।","বাংলাদেশের অভ্যন্তরে ৪৮ পৃষ্ঠা ও ৫ বছর মেয়াদের ই-পাসপোর্টের সুপার এক্সপ্রেস ডেলিভারি ফি ১৫% ভ্যাটসহ ৮,৬২৫ টাকা।",False,1.0,1.0,1.0,1.0,1.0,1.0,1.0000001,1.0000001,1.0000001
passport_248,passport,৪৮ পৃষ্ঠা ৫ বছর সুপার এক্সপ্রেস ডেলিভারির ফি জানতে চাই।,"বাংলাদেশের অভ্যন্তরে ৪৮ পৃষ্ঠা ও ৫ বছর মেয়াদের ই-পাসপোর্টের সুপার এক্সপ্রেস ডেলিভারি ফি ১৫% ভ্যাটসহ ৮,৬২৫ টাকা।","৪৮ পৃষ্ঠা ও ৫ বছর মেয়াদের ই-পাসপোর্টের সুপার এক্সপ্রেস ডেলিভারি ফি ১৫% ভ্যাটসহ ৮,৬২৫ টাকা।",False,0.0,1.0,0.9444444444444444,0.9444444444444444,0.9411764705882353,0.9444444444444444,0.96691024,0.9323393,0.9493101
passport_155,passport,এক্সপ্রেস ৪৮ পৃষ্ঠা ৫ বছর ই-পাসপোর্টে কত টাকা লাগে?,"বাংলাদেশের অভ্যন্তরে ৪৮ পৃষ্ঠা ও ৫ বছর মেয়াদের ই-পাসপোর্টের এক্সপ্রেস ডেলিভারি ফি ১৫% ভ্যাটসহ ৬,৩২৫ টাকা।","বাংলাদেশের অভ্যন্তরে ৪৮ পৃষ্ঠা ও ৫ বছর মেয়াদের ই-পাসপোর্টের এক্সপ্রেস ডেলিভারি ফি ১৫% ভ্যাটসহ ৬,৩২৫ টাকা।",False,1.0,1.0,1.0,1.0,1.0,1.0,0.99999994,0.99999994,0.99999994
passport_161,passport,দেশের ভিতরে ৪৮ পৃষ্ঠা ৫ বছর পাসপোর্টের এক্সপ্রেস চার্জ কত?,"বাংলাদেশের অভ্যন্তরে ৪৮ পৃষ্ঠা ও ৫ বছর মেয়াদের ই-পাসপোর্টের এক্সপ্রেস ডেলিভারি ফি ১৫% ভ্যাটসহ ৬,৩২৫ টাকা।","দেশের ভিতরে ৪৮ পৃষ্ঠা ও ৫ বছর মেয়াদের ই-পাসপোর্টের সুপার এক্সপ্রেস ডেলিভারি ফি ১৫% ভ্যাটসহ ৮,৬২৫ টাকা।",False,0.0,0.8682926829268293,0.7567567567567567,0.7567567567567567,0.6285714285714287,0.7567567567567567,0.9262287,0.9334129,0.92980695
passport_192,passport,বাংলাদেশে ৪৮ পৃষ্ঠা ৫ বছর এক্সপ্রেস পাসপোর্ট ফি কত?,"বাংলাদেশের অভ্যন্তরে ৪৮ পৃষ্ঠা ও ৫ বছর মেয়াদের ই-পাসপোর্টের এক্সপ্রেস ডেলিভারি ফি ১৫% ভ্যাটসহ ৬,৩২৫ টাকা।","৪৮ পৃষ্ঠা ও ৫ বছর মেয়াদী ই-পাসপোর্টের এক্সপ্রেস ডেলিভারি ফি ১৫% ভ্যাটসহ ৬,৩২৫ টাকা।",False,0.0,0.9487179487179488,0.8823529411764706,0.8823529411764706,0.8125,0.8823529411764706,0.9487388,0.91815275,0.9331952
passport_246,passport,৪৮ পৃষ্ঠা ৫ বছর এক্সপ্রেস ডেলিভারির ফি জানতে চাই।,"বাংলাদেশের অভ্যন্তরে ৪৮ পৃষ্ঠা ও ৫ বছর মেয়াদের ই-পাসপোর্টের এক্সপ্রেস ডেলিভারি ফি ১৫% ভ্যাটসহ ৬,৩২৫ টাকা।","বাংলাদেশের অভ্যন্তরে ৪৮ পৃষ্ঠা ও ৫ বছর মেয়াদের ই-পাসপোর্টের এক্সপ্রেস ডেলিভারি ফি ১৫% ভ্যাটসহ ৬,৩২৫ টাকা।",False,1.0,1.0,1.0,1.0,1.0,1.0,0.99999994,0.99999994,0.99999994
passport_166,passport,দেশের ভিতরে ৬৪ পৃষ্ঠা ১০ বছর পাসপোর্টের সুপার এক্সপ্রেস চার্জ কত?,"বাংলাদেশের অভ্যন্তরে ৬৪ পৃষ্ঠা ও ১০ বছর মেয়াদের ই-পাসপোর্টের সুপার এক্সপ্রেস ডেলিভারি ফি ১৫% ভ্যাটসহ ১৩,৮০০ টাকা।","দেশের ভিতরে ৬৪ পৃষ্ঠা ও ১০ বছর মেয়াদের ই-পাসপোর্টের সুপার এক্সপ্রেস ডেলিভারি ফি ১৫% ভ্যাটসহ ১৩,৮০০ টাকা।",False,0.0,0.9381443298969071,0.8947368421052632,0.8947368421052632,0.8888888888888888,0.8947368421052632,0.949511,0.9387708,0.9441103
passport_197,passport,বাংলাদেশে ৬৪ পৃষ্ঠা ১০ বছর সুপার এক্সপ্রেস পাসপোর্ট ফি কত?,"বাংলাদেশের অভ্যন্তরে ৬৪ পৃষ্ঠা ও ১০ বছর মেয়াদের ই-পাসপোর্টের সুপার এক্সপ্রেস ডেলিভারি ফি ১৫% ভ্যাটসহ ১৩,৮০০ টাকা।","উত্তর: বাংলাদেশের অভ্যন্তরে ৬৪ পৃষ্ঠা ও ১০ বছর মেয়াদের ই-পাসপোর্টের সুপার এক্সপ্রেস ডেলিভারি ফি ১৫% ভ্যাটসহ ১৩,৮০০ টাকা।",False,0.0,1.0,0.9743589743589743,0.9743589743589743,0.972972972972973,0.9743589743589743,0.980479,0.99028885,0.9853595
passport_233,passport,সুপার এক্সপ্রেস ৬৪ পৃষ্ঠা ১০ বছর ই-পাসপোর্টে কত টাকা লাগে?,"বাংলাদেশের অভ্যন্তরে ৬৪ পৃষ্ঠা ও ১০ বছর মেয়াদের ই-পাসপোর্টের সুপার এক্সপ্রেস ডেলিভারি ফি ১৫% ভ্যাটসহ ১৩,৮০০ টাকা।","বাংলাদেশের অভ্যন্তরে ৬৪ পৃষ্ঠা ও ১০ বছর মেয়াদের ই-পাসপোর্টের সুপার এক্সপ্রেস ডেলিভারি ফি ১৫% ভ্যাটসহ ১৩,৮০০ টাকা।",False,1.0,1.0,1.0,1.0,1.0,1.0,1.0000001,0.99999994,1.0
passport_251,passport,৬৪ পৃষ্ঠা ১০ বছর সুপার এক্সপ্রেস ডেলিভারির ফি জানতে চাই।,"বাংলাদেশের অভ্যন্তরে ৬৪ পৃষ্ঠা ও ১০ বছর মেয়াদের ই-পাসপোর্টের সুপার এক্সপ্রেস ডেলিভারি ফি ১৫% ভ্যাটসহ ১৩,৮০০ টাকা।","৬৪ পৃষ্ঠা ও ১০ বছর মেয়াদের ই-পাসপোর্টের সুপার এক্সপ্রেস ডেলিভারি ফি ১৫% ভ্যাটসহ ১৩,৮০০ টাকা।",False,0.0,1.0,0.9444444444444444,0.9444444444444444,0.9411764705882353,0.9444444444444444,0.9636209,0.9290236,0.94600606
passport_026,passport,Passport e printing bhul thakle ki korbo?,১ মাসের মধ্যে পাসপোর্ট অফিসে জানাতে হবে।,পাসপোর্ট প্রিন্টিং ভুল হলে পাসপোর্ট অফিসে যেতে হবে।,False,0.0,0.631578947368421,0.39999999999999997,0.39999999999999997,0.15384615384615383,0.39999999999999997,0.8496274,0.83170867,0.84057254
passport_131,passport,আমার পাসপোর্ট ঠিক কোন তারিখে আসবে বলুন।,আমি আপনার ব্যক্তিগত আবেদনের নির্দিষ্ট ডেলিভারি তারিখ দেখতে পারি না। অ্যাপ্লিকেশন আইডি বা অনলাইন রেজিস্ট্রেশন আইডি দিয়ে পোর্টালে স্ট্যাটাস চেক করুন।,আমি আপনার ব্যক্তিগত আবেদনের নির্দিষ্ট ডেলিভারি তারিখ দেখতে পারি না। অ্যাপ্লিকেশন আইডি বা অনলাইন রেজিস্ট্রেশন আইডি দিয়ে পোর্টালে স্ট্যাটাস চেক করুন।,False,1.0,1.0,1.0,1.0,1.0,1.0,1.0,1.0,1.0
passport_277,passport,পাসপোর্ট এক্সপায়ার হলে জরিমানা দিতে হয়?,পাসপোর্টের মেয়াদ শেষ হলে আলাদা কোনো জরিমানা দিতে হয় না। রি-ইস্যু বা রিনিউ করার ক্ষেত্রে সরকার নির্ধারিত ফি দিতে হবে।,পাসপোর্ট এক্সপায়ার হলে জরিমানা দিতে হয় না।,False,0.0,0.6969696969696969,0.35714285714285715,0.35714285714285715,0.23076923076923075,0.35714285714285715,0.8686208,0.7663258,0.81427306
passport_137,passport,অফলাইন পেমেন্ট করলে কোন স্লিপ লাগবে?,অফলাইন পেমেন্ট করলে এ-চালানের পেমেন্ট স্লিপ বা চালান রশিদ এনরোলমেন্টের সময় সঙ্গে রাখতে হবে।,অফলাইন পেমেন্ট করলে এ-চালানের পেমেন্ট স্লিপ বা চালান রশিদ এনরোলমেন্টের সময় সঙ্গে রাখতে হবে।,False,1.0,1.0,1.0,1.0,1.0,1.0,1.0000001,1.0000001,1.0000001
passport_105,passport,মাল্টিপল অ্যাকটিভ পাসপোর্ট থাকলে কী করতে হবে?,চেকলিস্ট অনুযায়ী মাল্টিপল অ্যাকটিভ পাসপোর্টের ক্ষেত্রে নির্ধারিত ফরম্যাটে পূরণকৃত অঙ্গীকারনামা লাগতে পারে।,মাল্টিপল অ্যাকটিভ পাসপোর্ট থাকলে চেকলিস্ট অনুযায়ী মাল্টিপল অ্যাকটিভ পাসপোর্টের ক্ষেত্রে নির্ধারিত ফরম্যাটে পূরণকৃত অঙ্গীকারনামা লাগতে পারে।,False,0.0,1.0,0.8571428571428571,0.8571428571428571,0.846153846153846,0.8571428571428571,0.934336,0.9575469,0.94579905
passport_030,passport,বাংলাদেশের অভ্যন্তরে ৪৮ পৃষ্ঠা ও ৫ বছর মেয়াদী পাসপোর্টের অতীব জরুরী ফি কত?,"৮,৬২৫ টাকা।","৪৮ পৃষ্ঠা ও ৫ বছর মেয়াদী ই-পাসপোর্টের অতীব জরুরী ফি ৮,৬২৫ টাকা।",False,0.0,1.0,0.35294117647058826,0.35294117647058826,0.2666666666666667,0.35294117647058826,0.6727171,0.87666214,0.76126695
passport_033,passport,বাংলাদেশের অভ্যন্তরে ৬৪ পৃষ্ঠা ও ৫ বছর মেয়াদী পাসপোর্টের এক্সপ্রেস ফি কত?,"৮,৬২৫ টাকা।","উত্তর: বাংলাদেশের অভ্যন্তরে ৬৪ পৃষ্ঠা ও ৫ বছর মেয়াদী ই-পাসপোর্টের এক্সপ্রেস ফি ১৫% ভ্যাটসহ ৮,৬২৫ টাকা।",False,0.0,1.0,0.2857142857142857,0.2857142857142857,0.21052631578947367,0.2857142857142857,0.6167841,0.85143757,0.7153595
passport_028,passport,Ekti mobile number diye ki multiple account khola jay?,"না, একটি নম্বর দিয়ে একটি অ্যাকাউন্টই খোলা যাবে।","না, একটি নম্বর দিয়ে একটি অ্যাকাউন্টই খোলা যাবে।",False,1.0,1.0,1.0,1.0,1.0,1.0,1.0,1.0,1.0
passport_012,passport,Ami jodi nije passport collect korte na pari tobe ki onno keu parbe?,"হ্যাঁ, অনুমোদিত প্রতিনিধি পাসপোর্ট নিতে পারবে। তার কাছে আবেদনকারীর ডেলিভারি স্লিপ, নিজের NID এবং Authorization Letter থাকতে হবে।","হ্যাঁ, অনুমোদিত প্রতিনিধি পাসপোর্ট নিতে পারবে। তার কাছে আবেদনকারীর ডেলিভারি স্লিপ, নিজের NID এবং Authorization Letter থাকতে হবে।",False,1.0,1.0,1.0,1.0,1.0,1.0,1.0,1.0,1.0
passport_004,passport,"Amar boyos 21 kintu NID nai, ami ki BRC diye e-passport korte parbo?","না, কারণ ২০ বছরের বেশি বয়সী নাগরিকদের জন্য ই-পাসপোর্ট আবেদনে জাতীয় পরিচয়পত্র (NID) প্রদান করা বাধ্যতামূলক।","সরাসরি: না, কারণ ২০ বছরের বেশি বয়সী নাগরিকদের জন্য ই-পাসপোর্ট আবেদনে জাতীয় পরিচয়পত্র (NID) প্রদান করা বাধ্যতামূলক।
সংক্ষিপ্ত: না, কারণ ২০ বছরের বেশি বয়সী নাগরিকের জন্য এনআইডি আবশ্যক।",False,0.0,1.0,0.7391304347826086,0.7391304347826086,0.7272727272727273,0.7391304347826086,0.83813584,0.92686,0.88026786
passport_005,passport,১৮ বছরের কম বয়সীদের পাসপোর্টের মেয়াদ ও পৃষ্ঠার সংখ্যা কত হবে?,১৮ বছরের কম বয়সী সকল আবেদনকারীর ই-পাসপোর্টের মেয়াদ হবে ৫ বছর এবং এটি অবশ্যই ৪৮ পৃষ্ঠার হবে।,১৮ বছরের কম বয়সী সকল আবেদনকারীর ই-পাসপোর্টের মেয়াদ ও পৃষ্ঠার সংখ্যা ৫ বছর এবং ৪৮ পৃষ্ঠা।,False,0.0,0.906832298136646,0.7999999999999999,0.7999999999999999,0.6060606060606061,0.7428571428571428,0.9241003,0.8850002,0.9041277
passport_184,passport,বাংলাদেশ মিশনে ৪৮ পৃষ্ঠা ৫ বছর রেগুলার ফি কত?,বিদেশস্থ বাংলাদেশ মিশনে সাধারণ আবেদনকারীর জন্য ৪৮ পৃষ্ঠা ও ৫ বছর মেয়াদের ই-পাসপোর্টের রেগুলার ডেলিভারি ফি ১০০ মার্কিন ডলার।,বিদেশস্থ বাংলাদেশ মিশনে সাধারণ আবেদনকারীর জন্য ৪৮ পৃষ্ঠা ও ৫ বছর মেয়াদের ই-পাসপোর্টের রেগুলার ডেলিভারি ফি ১০০ মার্কিন ডলার।,False,1.0,1.0,1.0,1.0,1.0,1.0,0.99999994,0.99999994,0.99999994
passport_204,passport,বিদেশ থেকে ৪৮ পৃষ্ঠা ৫ বছর রেগুলার ই-পাসপোর্টে কত ডলার লাগে?,বিদেশস্থ বাংলাদেশ মিশনে সাধারণ আবেদনকারীর জন্য ৪৮ পৃষ্ঠা ও ৫ বছর মেয়াদের ই-পাসপোর্টের রেগুলার ডেলিভারি ফি ১০০ মার্কিন ডলার।,বিদেশ থেকে ৪৮ পৃষ্ঠা ও ৫ বছর রেগুলার ই-পাসপোর্টের ডেলিভারি ফি ৩০ মার্কিন ডলার এবং এক্সপ্রেস ডেলিভারি ফি ৪৫ মার্কিন ডলার।,False,0.0,0.802547770700637,0.5714285714285713,0.5714285714285713,0.35,0.5238095238095238,0.8749702,0.83138096,0.8526188
passport_222,passport,বিদেশে সাধারণ আবেদনকারীর ৪৮ পৃষ্ঠা ৫ বছর রেগুলার পাসপোর্ট ফি কত?,বিদেশস্থ বাংলাদেশ মিশনে সাধারণ আবেদনকারীর জন্য ৪৮ পৃষ্ঠা ও ৫ বছর মেয়াদের ই-পাসপোর্টের রেগুলার ডেলিভারি ফি ১০০ মার্কিন ডলার।,বিদেশস্থ বাংলাদেশ মিশনে সাধারণ আবেদনকারীর জন্য ৪৮ পৃষ্ঠা ও ৫ বছর মেয়াদের ই-পাসপোর্টের রেগুলার ডেলিভারি ফি ১০০ মার্কিন ডলার।,False,1.0,1.0,1.0,1.0,1.0,1.0,0.99999994,1.0,0.99999994
passport_023,passport,Delivery slip harale ki korbo?,"Print summary, NID এবং সম্ভব হলে slip copy নিয়ে পাসপোর্ট সংগ্রহ করা যাবে।","ডেলিভারি স্লিপ হারালে আবেদনকারীকে আবেদন সামারি, NID বা পরিচয়পত্র, পাসপোর্ট আবেদন নম্বর এবং সম্ভব হলে স্লিপের কপি নিয়ে সংশ্লিষ্ট পাসপোর্ট অফিসে যোগাযোগ করতে হয়।",False,0.0,0.6153846153846154,0.32432432432432434,0.32432432432432434,0.11428571428571427,0.32432432432432434,0.7200981,0.8023139,0.758986
passport_027,passport,Mobile e SMS na pele ki passport nite parbo?,"হ্যাঁ, ইমেইল থাকলে পাসপোর্ট সংগ্রহ করা যাবে।","হ্যাঁ, ইমেইল থাকলে পাসপোর্ট সংগ্রহ করা যাবে।",False,1.0,1.0,1.0,1.0,1.0,1.0,1.0000001,1.0000001,1.0000001
passport_039,passport,বিদেশের মিশন থেকে ৪৮ পৃষ্ঠা ও ১০ বছর মেয়াদী পাসপোর্টের এক্সপ্রেস ফি কত?,১৭৫ মার্কিন ডলার।,বিদেশের মিশন থেকে ৪৮ পৃষ্ঠা ও ১০ বছর মেয়াদী পাসপোর্টের এক্সপ্রেস ফি ১৭৫ মার্কিন ডলার।,False,0.0,1.0,0.33333333333333337,0.33333333333333337,0.25,0.33333333333333337,0.62350595,0.84571046,0.7178051
passport_042,passport,বিদেশের মিশন থেকে ৬৪ পৃষ্ঠা ও ১০ বছর মেয়াদী পাসপোর্টের নিয়মিত ফি কত?,১৭৫ মার্কিন ডলার।,বিদেশের মিশন থেকে ৬৪ পৃষ্ঠা ও ১০ বছর মেয়াদী পাসপোর্টের নিয়মিত ফি ২২৫ মার্কিন ডলার।,False,0.0,0.8571428571428571,0.2222222222222222,0.2222222222222222,0.125,0.2222222222222222,0.6310868,0.8412788,0.72117954
passport_088,passport,দেশের ভেতরে জরুরি পাসপোর্টে পুলিশ ক্লিয়ারেন্স দিলে কত দিনে পাব?,দেশের অভ্যন্তরে জরুরি পাসপোর্টের আবেদনের সাথে পুলিশ ক্লিয়ারেন্স দাখিল করা হলে এবং অন্যান্য তথ্য সঠিক থাকলে ৭ কর্মদিবসের মধ্যে পাসপোর্ট প্রদান করা হয়।,দেশের ভেতরে জরুরি পাসপোর্টে পুলিশ ক্লিয়ারেন্স দিলে ৭ কর্মদিবসের মধ্যে পাসপোর্ট প্রদান করা হয়।,False,0.0,0.874251497005988,0.5945945945945946,0.5945945945945946,0.39999999999999997,0.5945945945945946,0.9319773,0.85761374,0.89325047
passport_103,passport,পূর্বের পাসপোর্ট আর এনআইডির তথ্য না মিললে কী দিতে হবে?,চেকলিস্ট অনুযায়ী পূর্বের পাসপোর্ট এবং এনআইডি বা বিআরসিতে তথ্য গরমিল থাকলে নির্ধারিত ফরম্যাটে পূরণকৃত অঙ্গীকারনামা লাগতে পারে।,পূর্বের পাসপোর্ট আর এনআইডির তথ্য না মিললে চেকলিস্ট অনুযায়ী পূর্বের পাসপোর্ট এবং এনআইডি বা বিআরসিতে তথ্য গরমিল থাকলে নির্ধারিত ফরম্যাটে পূরণকৃত অঙ্গীকারনামা লাগতে পারে।,False,0.0,1.0,0.8292682926829268,0.8292682926829268,0.8205128205128205,0.8292682926829268,0.9205708,0.9474263,0.9338055
passport_130,passport,"আমার এনআইডি তথ্য ভুল, পাসপোর্টে অন্য তথ্য দিলে হবে?",পাসপোর্ট আবেদন এনআইডি বা বিআরসি অনুযায়ী করতে হবে। তথ্য ভুল হলে আগে সংশ্লিষ্ট কর্তৃপক্ষের মাধ্যমে সঠিক করার পর আবেদন করা নিরাপদ।,পাসপোর্ট আবেদন এনআইডি বা বিআরসি অনুযায়ী করতে হবে। তথ্য ভুল হলে আগে সংশ্লিষ্ট কর্তৃপক্ষের মাধ্যমে সঠিক করার পর আবেদন করা নিরাপদ।,False,1.0,1.0,1.0,1.0,1.0,1.0,0.99999994,0.99999994,0.99999994
passport_007,passport,সরকারি চাকরিজীবীরা নিয়মিত ফি জমা দিয়ে কি জরুরী সুবিধা পেতে পারেন?,"হ্যাঁ, সরকারি চাকরিজীবীরা যাদের অনাপত্তি সনদ (NOC) বা PRL Order আছে, তারা নিয়মিত ফি জমা দিয়েও জরুরী সুবিধা এবং জরুরী ফি জমা দিয়ে অতীব জরুরী সুবিধা পেতে পারেন।","হ্যাঁ, সরকারি চাকরিজীবীরা নিয়মিত ফি দিয়ে জরুরী সুবিধা এবং জরুরী ফি দিয়ে অতীব জরুরী সুবিধা পেতে পারেন।",False,0.0,1.0,0.7111111111111111,0.7111111111111111,0.5581395348837209,0.7111111111111111,0.938844,0.8558737,0.89544094
passport_029,passport,বাংলাদেশের অভ্যন্তরে ৪৮ পৃষ্ঠা ও ৫ বছর মেয়াদী পাসপোর্টের এক্সপ্রেস ফি কত?,"৬,৩২৫ টাকা।","৪৮ পৃষ্ঠা ও ৫ বছর মেয়াদী ই-পাসপোর্টের এক্সপ্রেস ফি ১৫% ভ্যাটসহ ৬,৩২৫ টাকা।",False,0.0,1.0,0.33333333333333337,0.33333333333333337,0.25,0.33333333333333337,0.64436114,0.8872832,0.7465582
nid_003,nid,NID আবেদন করতে কী কী ডকুমেন্ট লাগে?,"প্রিন্টেড আবেদনপত্র, পাসপোর্ট সাইজ ছবি, ১৭ ডিজিটের জন্ম নিবন্ধন, পাসপোর্ট কপি এবং পিতামাতার NID বা জন্ম সনদ প্রয়োজন হতে পারে।","প্রশ্ন: NID আবেদন করতে কী কী ডকুমেন্ট লাগে?
সরাসরি উত্তর: প্রিন্টেড আবেদনপত্র, পাসপোর্ট সাইজ ছবি, ১৭ ডিজিটের জন্ম নিবন্ধন, পাসপোর্ট কপি এবং পিতামাতার NID বা জন্ম সনদ প্রয়োজন হতে পারে।
সংক্ষিপ্ত উত্তর: আবেদনপত্র, ছবি, জন্ম নিবন্ধন, পাসপোর্ট এবং পিতামাতার NID/জন্ম সনদ।",False,0.0,1.0,0.6451612903225806,0.6451612903225806,0.6333333333333334,0.6451612903225806,0.7978543,0.87599784,0.83510196
nid_006,nid,NID কারা আবেদন করতে পারবে?,০১ অক্টোবর ২০১০ এর আগে জন্মগ্রহণকারী বাংলাদেশী বা বাংলাদেশি বংশোদ্ভূত ব্যক্তি আবেদন করতে পারবেন।,বিদেশস্থ বাংলাদেশ মিশনে বসবাসরত বাংলাদেশি নাগরিক সিডনি কনস্যুলেটের মাধ্যমে নতুন জাতীয় পরিচয়পত্র (NID) এর জন্য আবেদন করতে পারবেন।,False,0.0,0.5585585585585586,0.31250000000000006,0.31250000000000006,0.13333333333333333,0.25,0.73298883,0.77032304,0.75119233
nid_007,nid,যদি আগে ভোটার হয়ে থাকি তাহলে কি আবার আবেদন করতে হবে?,"না, আগে ভোটার হয়ে থাকলে নতুন নিবন্ধনের প্রয়োজন নেই।",আগে ভোটার হয়ে থাকলে নতুন আবেদন করতে হবে না।,False,0.0,0.7887323943661971,0.6666666666666666,0.6666666666666666,0.5,0.5555555555555556,0.8820808,0.8716271,0.87682277
nid_014,nid,NID তথ্য হালনাগাদের জন্য কী কী প্রয়োজন?,"তথ্য হালনাগাদের জন্য প্রয়োজনীয় প্রমাণপত্র যেমন জন্ম নিবন্ধন, পাসপোর্ট, ঠিকানা প্রমাণ এবং সংশ্লিষ্ট দলিলাদি জমা দিতে হয়।","প্রশ্ন: NID তথ্য হালনাগাদের জন্য কী কী প্রয়োজন?
সরাসরি উত্তর: তথ্য হালনাগাদের জন্য প্রয়োজনীয় প্রমাণপত্র যেমন জন্ম নিবন্ধন, পাসপোর্ট, ঠিকানা প্রমাণ এবং সংশ্লিষ্ট দলিলাদি জমা দিতে হয়।
সংক্ষিপ্ত উত্তর: জন্ম নিবন্ধন, পাসপোর্ট, ঠিকানা প্রমাণ এবং সংশ্লিষ্ট দলিল লাগে।",False,0.0,1.0,0.6181818181818182,0.6181818181818182,0.6037735849056604,0.6181818181818182,0.7998995,0.87096214,0.83391964
nid_016,nid,NID রেজিস্ট্রেশন প্রক্রিয়া কী?,"রেজিস্ট্রেশন প্রক্রিয়ায় অনলাইন আবেদন, তথ্য যাচাই এবং বায়োমেট্রিক ডেটা সংগ্রহ অন্তর্ভুক্ত থাকে।","রেজিস্ট্রেশন প্রক্রিয়ায় অনলাইন আবেদন, তথ্য যাচাই এবং বায়োমেট্রিক ডেটা সংগ্রহ অন্তর্ভুক্ত থাকে।",False,1.0,1.0,1.0,1.0,1.0,1.0,0.99999994,0.99999994,0.99999994
nid_018,nid,NID অফিসের ইমেইল কী?,NID অফিসের অফিসিয়াল ইমেইল হলো info@nidw.gov.bd।,NID অফিসের ইমেইল হলো info@nidw.gov.bd।,False,0.0,1.0,0.9411764705882353,0.9411764705882353,0.7999999999999999,0.9411764705882353,0.9893539,0.97448444,0.98186284
nid_019,nid,NID সেবার সময় কখন?,"NID সেবা প্রদান করা হয় রবিবার থেকে বৃহস্পতিবার, সকাল ৯:০০টা থেকে বিকাল ৫:০০টা পর্যন্ত।","সরাসরি: NID সেবার সময় রবিবার থেকে বৃহস্পতিবার, সকাল ৯:০০টা থেকে বিকাল ৫:০০টা পর্যন্ত। সংক্ষিপ্ত: ১ দিন বা ২ দিন সম্মেলন সময় লাগে।",False,0.0,0.8461538461538461,0.6,0.6,0.5263157894736841,0.6,0.8223739,0.92624,0.8712222
nid_020,nid,NID কার্ডের তথ্য কিভাবে সংশোধন করা যায়?,"অনলাইন, এনআইডি রেজিস্ট্রেশন উইং অথবা উপজেলা/থানা/জেলা নির্বাচন অফিসে ভুল তথ্য সংশোধনের জন্য আবেদন করতে হয় এবং প্রয়োজনীয় দলিল জমা দিতে হয়।",অনলাইনে বা উপজেলা/থানা/জেলা নির্বাচন অফিসে আবেদন করতে হয় এবং প্রয়োজনীয় দলিল জমা দিতে হয়।,False,0.0,0.9325153374233129,0.717948717948718,0.717948717948718,0.6486486486486486,0.717948717948718,0.9518874,0.8456162,0.89561033
nid_027,nid,NID তে পেশা পরিবর্তন করা যায় কি?,"হ্যাঁ, প্রমাণপত্রসহ আবেদন করতে হয়। তবে পেশা সাধারণত কার্ডে মুদ্রিত হয় না।","হ্যাঁ, প্রমাণপত্রসহ আবেদন করতে হয়। তবে পেশা সাধারণত কার্ডে মুদ্রিত হয় না।",False,1.0,1.0,1.0,1.0,1.0,1.0,1.0,1.0,1.0
nid_028,nid,NID ছবির পরিবর্তন কীভাবে করা যায়?,নিজে সরাসরি উপস্থিত হয়ে জাতীয় পরিচয় নিবন্ধন অনুবিভাগে আবেদন করতে হয়।,নিজে সরাসরি উপস্থিত হয়ে জাতীয় পরিচয় নিবন্ধন অনুবিভাগে আবেদন করতে হয়।,False,1.0,1.0,1.0,1.0,1.0,1.0,1.0000001,1.0000001,1.0000001
nid_030,nid,ডাক নাম ব্যবহার করলে কীভাবে সংশোধন করবো?,"এসএসসি সনদ, এফিডেভিট, পত্রিকায় বিজ্ঞপ্তি, ওয়ারিশ সনদ এবং স্থানীয় কর্তৃপক্ষের প্রত্যয়নপত্রসহ আবেদন করতে হয়।","ডাক নাম ব্যবহার করলে এসএসসি সনদ, এফিডেভিট, পত্রিকায় বিজ্ঞপ্তি, ওয়ারিশ সনদ, স্থানীয় কর্তৃপক্ষের প্রত্যয়নপত্র, NID, চাকুরী বই বা MPO, পাসপোর্ট, জন্ম নিবন্ধন, ড্রাইভিং লাইসেন্স, ট্রেড লাইসেন্স বা কাবিননামা এবং হলফনামা জমা দিতে হয়।",False,0.0,0.8491620111731844,0.4680851063829786,0.4680851063829786,0.3111111111111111,0.42553191489361697,0.77912194,0.8953419,0.8331987
nid_036,nid,NID তে অন্য ব্যক্তির তথ্য চলে এলে কী করবো?,প্রমাণপত্রসহ আবেদন করে বায়োমেট্রিক যাচাইয়ের মাধ্যমে সংশোধন করা হয়।,"প্রশ্ন: NID তে অন্য ব্যক্তির তথ্য চলে এলে কী করবো?
সরাসরি উত্তর: প্রমাণপত্রসহ আবেদন করে বায়োমেট্রিক যাচাইয়ের মাধ্যমে সংশোধন করা হয়।",False,0.0,1.0,0.6,0.6,0.5714285714285715,0.6,0.78334343,0.9464828,0.8572203
nid_037,nid,রক্তের গ্রুপ যোগ বা সংশোধন করতে কী লাগে?,ডায়াগনস্টিক রিপোর্ট জমা দিতে হয়।,"রক্তের গ্রুপ যোগ বা সংশোধনের জন্য মেডিকেল প্রতিবেদন, ডায়াগনস্টিক রিপোর্ট, মেডিক্যাল রিপোর্ট, রক্তের গ্রুপ উল্লেখ রয়েছে এমন প্রযোজ্য প্রমাণপত্র জমা দিতে হয়।",False,0.0,1.0,0.37037037037037035,0.37037037037037035,0.24,0.37037037037037035,0.67546296,0.8155684,0.7389331
nid_039,nid,স্বাক্ষর পরিবর্তন করা যায় কি?,"হ্যাঁ, নতুন স্বাক্ষরের নমুনা ও আবেদন জমা দিতে হয়। তবে একবারই পরিবর্তন করা যায়।","হ্যাঁ, স্বাক্ষর পরিবর্তন করা যায় এবং একবারই পরিবর্তন করা যায়।",False,0.0,0.821917808219178,0.41666666666666663,0.41666666666666663,0.27272727272727276,0.41666666666666663,0.87261945,0.8008255,0.83518237
nid_040,nid,জন্ম তারিখ সংশোধনের প্রমাণ না থাকলে কী হবে?,তদন্ত সাপেক্ষে উপজেলা/জেলা নির্বাচন অফিস বিষয়টি যাচাই করে সিদ্ধান্ত নেয়।,জন্ম তারিখ সংশোধনের প্রমাণ না থাকলে তদন্ত সাপেক্ষে উপজেলা/জেলা নির্বাচন অফিস যাচাই করে সিদ্ধান্ত নেয়।,False,0.0,0.9420289855072465,0.7407407407407406,0.7407407407407406,0.64,0.7407407407407406,0.87222147,0.9573423,0.91280174
nid_046,nid,NID তে না থাকা কিন্তু পরিবর্তিত তথ্য কীভাবে সংশোধন করা যাবে?,"যে তথ্য NID তে প্রদর্শিত নয়, তা অনলাইনের মাধ্যমে সংশোধনের আবেদন করে আপডেট করা যায়।","প্রশ্ন: NID তে না থাকা কিন্তু পরিবর্তিত তথ্য কীভাবে সংশোধন করা যাবে?
সরাসরি উত্তর: যে তথ্য NID তে প্রদর্শিত নয়, তা অনলাইনের মাধ্যমে সংশোধনের আবেদন করে আপডেট করা যায়।",False,0.0,1.0,0.6818181818181819,0.6818181818181819,0.6666666666666666,0.6818181818181819,0.83339137,0.93801486,0.88261354
nid_049,nid,"২০০৭-২০১০ সালে ভোটার হয়েছি কিন্তু NID নেই, কী করবো?",উপজেলা বা থানা নির্বাচন অফিস থেকে কার্ড সংগ্রহ করতে পারবেন। না পেলে অনলাইনে রিইস্যুর জন্য আবেদন করতে হবে।,"শিরোনাম: ২০০৭-২০১০ সালে ভোটার হয়েছি কিন্তু NID নেই, কী করবো
সরাসরি উত্তর: শিরোনাম অনুযায়ী প্রশ্নের জন্য উপজেলা বা থানা নির্বাচন অফিস থেকে কার্ড সংগ্রহ করতে পারবেন। না পেলে অনলাইনে রিইস্যুর জন্য আবেদন করতে হবে।",False,0.0,1.0,0.6792452830188679,0.6792452830188679,0.6666666666666666,0.6792452830188679,0.79863495,0.9446594,0.86553144
nid_055,nid,ভোটার রেজিস্ট্রেশনে কোন বয়স বা নাম প্রযোজ্য হবে?,"এসএসসি বা সমমানের সনদের তথ্য প্রযোজ্য হবে। না থাকলে জন্ম সনদ, পাসপোর্ট বা ড্রাইভিং লাইসেন্স ব্যবহার করা যায়।","ভোটার হিসেবে নিবন্ধনের শর্ত হলো: বাংলাদেশের নাগরিক, বয়স ১৮ বছর থাকা, মানসিকভাবে অক্ষম ঘোষিত হওয়া না, সংশ্লিষ্ট ভোটার এলাকার বাসিন্দা হিসেবে গণ্য থাকা।",False,0.0,0.41379310344827586,0.04878048780487805,0.04878048780487805,0.0,0.04878048780487805,0.66304225,0.663061,0.66305166
nid_058,nid,নতুন ভোটার হতে কী কী লাগে?,"জন্ম নিবন্ধন, শিক্ষাগত সনদ, ঠিকানা প্রমাণ, নাগরিক সনদ, পিতামাতার NID এবং অন্যান্য প্রযোজ্য কাগজপত্র প্রয়োজন হয়।","নতুন ভোটার হতে জন্ম নিবন্ধন, এসএসসি বা সমমানের সনদ, পাসপোর্ট বা ড্রাইভিং লাইসেন্স, ঠিকানা প্রমাণ, নাগরিকত্ব সনদ এবং পিতামাতার NID কপি প্রয়োজন হতে পারে।",False,0.0,0.7080745341614907,0.5,0.5,0.15789473684210528,0.45,0.7842507,0.841366,0.81180495
nid_064,nid,NID ফর্মের জন্য কি কোনো ফি লাগে?,"না, কোনো ফি লাগে না।","না, কোনো ফি লাগে না।",False,1.0,1.0,1.0,1.0,1.0,1.0,1.0,1.0,1.0
nid_066,nid,NID রিইস্যু করার জন্য জিডি নম্বর কী?,জিডি নম্বর হলো থানায় সাধারণ ডায়েরি (GD) করার পর পাওয়া রেফারেন্স নম্বর যা আবেদন করার সময় প্রয়োজন হতে পারে।,জিডি নম্বর হলো থানায় সাধারণ ডায়েরি (GD) করার পর পাওয়া রেফারেন্স নম্বর যা আবেদন করার সময় প্রয়োজন হতে পারে।,False,1.0,1.0,1.0,1.0,1.0,1.0,1.0,1.0,1.0
nid_068,nid,NID রিইস্যুর জন্য পুলিশ অফিসারের নাম কেন লাগে?,জিডি যাচাইয়ের জন্য দায়িত্বপ্রাপ্ত পুলিশ অফিসারের নাম আবেদন ফর্মে উল্লেখ করা হয়।,পুলিশ অফিসারের নাম এবং তার পদবী জিডির জন্য রেকর্ড হয়।,False,0.0,0.675,0.45454545454545453,0.45454545454545453,0.19999999999999998,0.3636363636363636,0.8327923,0.79607344,0.81401896
nid_071,nid,প্রবাসী বাংলাদেশিদের ভোটার নিবন্ধনের জন্য কী কী প্রয়োজনীয় দলিল লাগে?,"প্রবাসী বাংলাদেশিদের জন্য অনলাইনে পূরণকৃত আবেদনপত্র, অনলাইন ভেরিফাইড জন্ম নিবন্ধন সনদ, পাসপোর্ট বা বিদেশি পাসপোর্ট, পিতামাতার পরিচয়পত্র এবং পাসপোর্ট সাইজ ছবি প্রয়োজন।","প্রবাসী বাংলাদেশিদের জন্য অনলাইনে পূরণকৃত আবেদনপত্র, অনলাইন ভেরিফাইড জন্ম নিবন্ধন সনদ, পাসপোর্ট বা বিদেশি পাসপোর্ট, পিতামাতার পরিচয়পত্র এবং পাসপোর্ট সাইজ ছবি প্রয়োজন।",False,1.0,1.0,1.0,1.0,1.0,1.0,1.0,1.0,1.0
nid_072,nid,প্রবাসী ভোটার নিবন্ধনের জন্য কোন আবেদন ফর্ম ব্যবহার করতে হয়?,প্রবাসী ভোটার নিবন্ধনের জন্য ফরম-২ক ব্যবহার করতে হয়।,প্রবাসী ভোটার নিবন্ধনের জন্য ফরম-২ক ব্যবহার করতে হয়।,False,1.0,1.0,1.0,1.0,1.0,1.0,1.0,1.0,1.0
nid_074,nid,প্রবাসী ভোটার নিবন্ধনে পাসপোর্ট না থাকলে কী ব্যবহার করা যায়?,"মেয়াদোত্তীর্ণ বাংলাদেশি পাসপোর্ট, বিদেশি পাসপোর্ট অথবা তিনজন বাংলাদেশি NIDধারী ব্যক্তির প্রত্যয়নপত্র ব্যবহার করা যায়।","প্রবাসী ভোটার নিবন্ধনে পাসপোর্ট না থাকলে মেয়াদোত্তীর্ণ বাংলাদেশি পাসপোর্ট, বিদেশি পাসপোর্ট অথবা তিনজন বাংলাদেশি NIDধারী ব্যক্তির প্রত্যয়নপত্র ব্যবহার করা যায়।",False,0.0,1.0,0.8235294117647058,0.8235294117647058,0.8125000000000001,0.8235294117647058,0.8591877,0.9480878,0.90145123
nid_078,nid,বিশেষ এলাকার ভোটারদের জন্য অতিরিক্ত কী লাগে?,বিশেষ এলাকার জন্য বিশেষ তথ্য ফরম এবং অতিরিক্ত তথ্য সম্বলিত ডকুমেন্ট প্রয়োজন হতে পারে।,বিশেষ এলাকার ভোটারদের জন্য অতিরিক্ত বিশেষ তথ্য ফরম এবং অতিরিক্ত তথ্য সম্বলিত ডকুমেন্ট প্রয়োজন হতে পারে।,False,0.0,1.0,0.9333333333333333,0.9333333333333333,0.7857142857142856,0.9333333333333333,0.92952347,0.96418524,0.94653714
nid_081,nid,প্রবাসী ভোটার নিবন্ধন কোথায় করতে হয়?,নির্ধারিত মিশন অফিসে উপস্থিত হয়ে আবেদন করতে হয়।,প্রবাসী ভোটার নিবন্ধন নির্ধারিত মিশন অফিসে উপস্থিত হয়ে আবেদন করতে হয়।,False,0.0,1.0,0.8421052631578948,0.8421052631578948,0.8235294117647058,0.8421052631578948,0.8843052,0.96199214,0.9215143
nid_086,nid,প্রবাসী বাংলাদেশিদের ভোটার নিবন্ধনের জন্য কোন আবেদন ফর্ম লাগে?,প্রবাসী ভোটার নিবন্ধনের জন্য ফরম-২ক (Form-2Ka) ব্যবহার করতে হয়।,প্রবাসী ভোটার নিবন্ধনের জন্য ফরম-২ক ব্যবহার করতে হয়।,False,0.0,1.0,0.9,0.9,0.7777777777777777,0.9,0.96607864,0.90282434,0.9333811
nid_095,nid,প্রবাসী ভোটার নিবন্ধন কোথায় করতে হয়?,নির্ধারিত বাংলাদেশ মিশন অফিসে উপস্থিত হয়ে আবেদন করতে হয়।,প্রবাসী ভোটার নিবন্ধন নির্ধারিত মিশন অফিসে উপস্থিত হয়ে আবেদন করতে হয়।,False,0.0,0.9142857142857143,0.7999999999999999,0.7999999999999999,0.6666666666666665,0.7999999999999999,0.8707956,0.94235307,0.9051623
nid_098,nid,প্রবাসী ভোটার নিবন্ধনে প্রতিনিধি কি ডকুমেন্ট জমা দিতে পারে?,"হ্যাঁ, কিছু দলিল বাংলাদেশে অবস্থানরত প্রতিনিধি সংশ্লিষ্ট নির্বাচন অফিসে জমা দিতে পারে।","হ্যাঁ, প্রয়োজনীয় কিছু দলিল বাংলাদেশে অবস্থানরত প্রতিনিধি সংশ্লিষ্ট নির্বাচন অফিসে জমা দিতে পারেন।",False,0.0,0.9693251533742331,0.8799999999999999,0.8799999999999999,0.7826086956521738,0.8799999999999999,0.969751,0.98210037,0.97588664
nid_108,nid,NID নতুন ভোটার হওয়ার জন্য কী কী লাগে?,"এসএসসি সনদ, জন্ম নিবন্ধন, পাসপোর্ট বা ড্রাইভিং লাইসেন্স, ঠিকানা প্রমাণ, নাগরিকত্ব সনদ এবং পিতামাতার NID কপি প্রয়োজন হতে পারে।","নতুন ভোটার হতে জন্ম নিবন্ধন, এসএসসি সনদ, পাসপোর্ট বা ড্রাইভিং লাইসেন্স, ঠিকানা প্রমাণ, নাগরিকত্ব সনদ এবং পিতামাতার NID কপি প্রয়োজন হতে পারে।",False,0.0,1.0,0.9268292682926829,0.9268292682926829,0.8205128205128205,0.8292682926829269,0.9456525,0.965671,0.95555687
nid_116,nid,প্রবাসে (টোকিও দূতাবাসে) NID আবেদন কীভাবে করতে হয়?,"প্রথমে অনলাইনে https://services.nidw.gov.bd/nid-pub ওয়েবসাইটে আবেদন করতে হয়, তারপর অ্যাপয়েন্টমেন্ট নিয়ে দূতাবাসে উপস্থিত হয়ে বায়োমেট্রিক প্রদান করতে হয়।","প্রবাসে (টোকিও দূতাবাসে) NID আবেদন অনলাইনে করতে হয়, অ্যাপয়েন্টমেন্ট নিয়ে দূতাবাসে উপস্থিত হয়ে বায়োমেট্রিক প্রদান করতে হয়, তারপর কার্ড প্রস্তুত হলে ডাউনলোড বা সংগ্রহ করতে হয়।",False,0.0,0.7983539094650206,0.6122448979591837,0.6122448979591837,0.4255319148936171,0.5306122448979592,0.7936667,0.77016187,0.7817376
nid_135,nid,লন্ডনে NID আবেদনে ফি লাগে কি?,"না, NID আবেদন প্রক্রিয়ার জন্য কোনো ফি লাগে না।","না, NID আবেদন প্রক্রিয়ার জন্য কোনো ফি লাগে না।",False,1.0,1.0,1.0,1.0,1.0,1.0,0.99999994,0.99999994,0.99999994
nid_141,nid,লন্ডনে NID আবেদনের শর্ত কী?,"আবেদনকারীকে অবশ্যই নতুন আবেদনকারী হতে হবে, এবং পূর্বে NID থাকলে আবেদন গ্রহণযোগ্য নয়।","শিরোনাম: লন্ডনে NID আবেদনের শর্ত কী?তথ্য: আবেদনকারীকে অবশ্যই নতুন আবেদনকারী হতে হবে, এবং পূর্বে NID থাকলে আবেদন গ্রহণযোগ্য নয়।",False,0.0,1.0,0.787878787878788,0.787878787878788,0.7741935483870968,0.787878787878788,0.8387366,0.9395924,0.88630456
nid_143,nid,লন্ডনে NID আবেদন কোথায় করতে হয়?,https://services.nidw.gov.bd/nid-pub ওয়েবসাইটে অনলাইন আবেদন করতে হয়।,"শিরোনাম: লন্ডনে NID আবেদন কোথায় করতে হয়?
সরাসরি উত্তর: অনলাইন আবেদন করতে হয়। উপলব্ধ উত্তর: https://services.nidw.gov.bd/nid-pub ওয়েবসাইটে আবেদন করতে হয়।",False,0.0,1.0,0.631578947368421,0.631578947368421,0.5555555555555556,0.5789473684210527,0.7750822,0.88797677,0.8276976
nid_148,nid,দুবাই কনস্যুলেটে NID আবেদন কোথায় করতে হয়?,https://services.nidw.gov.bd/nid-pub ওয়েবসাইটে অনলাইন আবেদন করতে হয়।,"প্রশ্ন: দুবাই কনস্যুলেটে NID আবেদন কোথায় করতে হয়?

সরাসরি উত্তর: প্রথমে অনলাইনে https://services.nidw.gov.bd/nid-pub ওয়েবসাইটে আবেদন করতে হয়, তারপর প্রয়োজনীয় ডকুমেন্ট প্রস্তুত করে কনস্যুলেটে বায়োমেট্রিক এনরোলমেন্ট দিতে হয়।",False,0.0,0.9448818897637795,0.4888888888888888,0.4888888888888888,0.41860465116279066,0.4888888888888888,0.7234182,0.8734928,0.7914036
nid_149,nid,দুবাই কনস্যুলেটে NID এর জন্য কী কী ডকুমেন্ট লাগে?,"অনলাইন আবেদন ফর্ম-২ক, ১৭ ডিজিট জন্ম নিবন্ধন, পাসপোর্ট, ছবি এবং প্রয়োজনীয় অন্যান্য পরিচয়পত্র লাগে।","দুবাই কনস্যুলেটে NID আবেদনের জন্য অনলাইনে পূরণ করা ও স্বাক্ষরিত Form ২, বৈধ বাংলাদেশি পাসপোর্টের মূল কপি ও ফটোকপি, ১৭ ডিজিট অনলাইনে যাচাইযোগ্য জন্ম নিবন্ধনের মূল কপি ও ফটোকপি, সাম্প্রতিক রঙিন পাসপোর্ট সাইজ ছবি লাগে।",False,0.0,0.5214285714285715,0.24000000000000002,0.24000000000000002,0.041666666666666664,0.24000000000000002,0.7216051,0.8134966,0.7648006
nid_150,nid,দুবাই কনস্যুলেটে NID এর জন্য অ্যাপয়েন্টমেন্ট লাগে কি?,"হ্যাঁ, নির্ধারিত তারিখে বায়োমেট্রিকের জন্য অ্যাপয়েন্টমেন্ট প্রয়োজন।","হ্যাঁ, নির্ধারিত তারিখে বায়োমেট্রিকের জন্য অ্যাপয়েন্টমেন্ট প্রয়োজন।",False,1.0,1.0,1.0,1.0,1.0,1.0,1.0000001,1.0000001,1.0000001
nid_152,nid,দুবাই কনস্যুলেটে NID প্রসেসিং টাইম কত?,"প্রসেসিং টাইম নির্ভর করে যাচাই প্রক্রিয়ার ওপর, তাই নির্দিষ্ট সময় বলা যায় না।","প্রশ্ন: দুবাই কনস্যুলেটে NID প্রসেসিং টাইম কত?

সরাসরি উত্তর: প্রসেসিং টাইম নির্ভর করে যাচাই প্রক্রিয়ার ওপর, তাই নির্দিষ্ট সময় বলা যায় না।",False,0.0,1.0,0.7428571428571429,0.7428571428571429,0.7272727272727273,0.7428571428571429,0.82609814,0.936091,0.87766176
nid_154,nid,দুবাই কনস্যুলেটে NID এর জন্য কীভাবে যাচাই হয়?,বাংলাদেশের সংশ্লিষ্ট নির্বাচন অফিস আবেদন যাচাই করে তথ্য নিশ্চিত করে।,"শিরোনাম: NID যাচাই প্রক্রিয়া
তথ্য: দুবাই কনস্যুলেটে আবেদন জমা দেওয়ার পর বাংলাদেশের সংশ্লিষ্ট উপজেলা নির্বাচন অফিস আবেদনকারীর তথ্য যাচাই করে। প্রয়োজনে শিক্ষা সনদ, পিতা-মাতার NID, ড্রাইভিং লাইসেন্স, TIN, বিবাহ সনদ, নাগরিকত্ব সনদ বা ইউটিলিটি বিল চাওয়া হতে পারে।",False,0.0,0.9322033898305085,0.326530612244898,0.326530612244898,0.12765957446808512,0.2448979591836735,0.68673337,0.8517365,0.7603866
nid_162,nid,NID একাউন্ট তৈরির জন্য কী তথ্য দিতে হয়?,"NID বা Form Number, জন্ম তারিখ এবং ক্যাপচা কোড সঠিকভাবে দিতে হয়।","প্রশ্ন: NID একাউন্ট তৈরির জন্য কী তথ্য দিতে হয়?
সরাসরি উত্তর: NID বা Form Number, জন্ম তারিখ এবং ক্যাপচা কোড সঠিকভাবে দিতে হয়।",False,0.0,1.0,0.6857142857142856,0.6857142857142856,0.6666666666666666,0.6857142857142856,0.81189364,0.934252,0.86878574
nid_163,nid,তথ্য ভুল দিলে কী হবে?,তিনবারের বেশি ভুল তথ্য দিলে একাউন্ট সাময়িকভাবে লক হয়ে যেতে পারে।,"তথ্য ভুল দিলে একাউন্ট সাময়িকভাবে লক হয়ে যেতে পারে, ইচ্ছাকৃত ভুল তথ্য দিলে জেল বা জরিমানা অথবা উভয় দণ্ড হতে পারে, জাতীয় পরিচয়পত্র আবেদনে মিথ্যা বা ভুল তথ্য প্রদান করা শাস্তিযোগ্য অপরাধ, স্থানীয় নির্বাচন অফিসে তথ্য না মিললে স্থানীয় যাচাই বা সংশোধনের আবেদন করতে হবে, ম্যাজিস্ট্রেট কোর্টে হলফনামা করে শিক্ষাগত যোগ্যতা সংশোধনের আবেদন করতে হয়।",False,0.0,0.8793103448275862,0.2727272727272727,0.2727272727272727,0.25,0.2424242424242424,0.6247182,0.7946014,0.6994928
nid_173,nid,প্রতিবন্ধী ভোটারদের জন্য কী ব্যবস্থা আছে?,প্রতিবন্ধী ও অসুস্থ ভোটারদের বাড়িতে গিয়ে নিবন্ধন সম্পন্ন করা হয়।,"প্রতিবন্ধী, অসুস্থ ও বয়স্ক ভোটারদের নিবন্ধনের জন্য তাদের বাসায় গিয়ে নিবন্ধন সম্পন্ন করা হয়।",False,0.0,0.9354838709677419,0.75,0.75,0.3636363636363637,0.6666666666666666,0.87350994,0.9260791,0.8990267
nid_176,nid,প্রবাসী ভোটার নিবন্ধনে জন্ম সনদ কেন লাগে?,আবেদনকারীর পরিচয় ও নাগরিকত্ব যাচাই করার জন্য অনলাইন ভেরিফাইড জন্ম নিবন্ধন সনদ প্রয়োজন।,প্রবাসী ভোটার নিবন্ধনে জন্ম নিবন্ধন সনদ প্রয়োজন।,False,0.0,0.684931506849315,0.4,0.4,0.3333333333333333,0.4,0.8334254,0.76466,0.79756325
nid_184,nid,প্রবাসী ভোটার নিবন্ধনের উদ্দেশ্য কী?,প্রবাসী বাংলাদেশিদের সঠিক পরিচয় যাচাই করে ভোটার তালিকায় অন্তর্ভুক্ত করা এবং NID প্রদান করা।,প্রবাসী ভোটার নিবন্ধনের উদ্দেশ্য হলো প্রবাসী বাংলাদেশিদের সঠিক পরিচয় যাচাই করে ভোটার তালিকায় অন্তর্ভুক্ত করা এবং NID প্রদান করা।,False,0.0,1.0,0.8484848484848484,0.8484848484848484,0.8387096774193548,0.8484848484848484,0.8729863,0.9444271,0.90730256
nid_189,nid,NID সত্যায়নে কোন ফরম্যাটে ফাইল আপলোড করতে হয়?,"JPEG, JPG অথবা PNG ফরম্যাটে ফাইল আপলোড করতে হয়।","প্রশ্ন: NID সত্যায়নে কোন ফরম্যাটে ফাইল আপলোড করতে হয়?
সরাসরি উত্তর: JPEG, JPG অথবা PNG ফরম্যাটে ফাইল আপলোড করতে হয়।",False,0.0,1.0,0.6206896551724138,0.6206896551724138,0.5925925925925926,0.6206896551724138,0.8068469,0.88551027,0.8443504
nid_194,nid,আবেদন করার পর কী পাওয়া যায়?,"আবেদন করার পর একটি ট্র্যাকিং নম্বর দেওয়া হয়, যা দিয়ে আবেদন ট্র্যাক করা যায়।","আবেদন করার পর একটি ট্র্যাকিং নম্বর দেওয়া হয়, যা দিয়ে আবেদন ট্র্যাক করা যায়।",False,1.0,1.0,1.0,1.0,1.0,1.0,0.9999999,0.9999999,0.9999999
nid_195,nid,NID সত্যায়ন আবেদন কোথায় ট্র্যাক করা যায়?,সেবা ব্যবস্থাপনা অপশন থেকে ট্র্যাকিং নম্বর ব্যবহার করে আবেদন ট্র্যাক করা যায়।,"আবেদন করার পর একটি ট্র্যাকিং নম্বর দেওয়া হয়, যা দিয়ে আবেদন ট্র্যাক করা যায়।",False,0.0,0.7027027027027027,0.4615384615384615,0.4615384615384615,0.33333333333333337,0.4615384615384615,0.8675127,0.8319602,0.8493645
nid_205,nid,ভোটার এলাকা পরিবর্তন করা যায় কি?,"হ্যাঁ, প্রয়োজনীয় আবেদন ও যাচাই প্রক্রিয়ার মাধ্যমে ভোটার এলাকা পরিবর্তন করা যেতে পারে।","হ্যাঁ, প্রয়োজনীয় আবেদন ও যাচাই প্রক্রিয়ার মাধ্যমে ভোটার এলাকা পরিবর্তন করা যেতে পারে।",False,1.0,1.0,1.0,1.0,1.0,1.0,1.0,1.0,1.0
nid_206,nid,নির্বাচন কমিশনের অফিসিয়াল ওয়েবসাইট কী?,বাংলাদেশ নির্বাচন কমিশনের অফিসিয়াল ওয়েবসাইট হলো https://ecs.gov.bd,নির্বাচন কমিশনের অফিসিয়াল ওয়েবসাইট হলো https://ecs.gov.bd।,False,0.0,1.0,0.9473684210526316,0.9473684210526316,0.9411764705882353,0.9473684210526316,0.94618016,0.943213,0.9446943
nid_208,nid,স্মার্ট এনআইডি কার্ড বিতরণ শুরু হলে নাগরিকদের কীভাবে জানানো হয়?,"স্মার্ট এনআইডি কার্ড বিতরণ শুরু হলে সংশ্লিষ্ট নির্বাচন অফিস এসএমএস, স্থানীয় ঘোষণা বা মাইকিংয়ের মাধ্যমে নাগরিকদের অবহিত করে।","স্মার্ট এনআইডি কার্ড বিতরণ শুরু হলে সংশ্লিষ্ট নির্বাচন অফিস এসএমএস, স্থানীয় ঘোষণা বা মাইকিংয়ের মাধ্যমে নাগরিকদের অবহিত করে।",False,1.0,1.0,1.0,1.0,1.0,1.0,1.0,1.0,1.0
nid_211,nid,পুরাতন এনআইডি কার্ড না থাকলে স্মার্ট এনআইডি কার্ড গ্রহণের জন্য কী নেওয়া যেতে পারে?,পুরাতন এনআইডি কার্ডের মূল কপি না থাকলে তার ফটোকপি নিয়ে স্মার্ট এনআইডি কার্ড গ্রহণ করা যায়।,পুরাতন এনআইডি কার্ড না থাকলে তার ফটোকপি নিয়ে স্মার্ট এনআইডি কার্ড গ্রহণ করা যায়।,False,0.0,1.0,0.8666666666666666,0.8666666666666666,0.7857142857142856,0.8666666666666666,0.97979724,0.96312374,0.971389
nid_212,nid,নিবন্ধন স্লিপ দিয়ে কি স্মার্ট এনআইডি কার্ড সংগ্রহ করা যায়?,হ্যাঁ। নতুন ভোটারের নিবন্ধন স্লিপ থাকলে অনলাইনে স্মার্ট কার্ডের স্ট্যাটাস যাচাই করে সেই স্লিপের মাধ্যমে স্মার্ট এনআইডি কার্ড সংগ্রহ করা যায়।,হ্যাঁ। নতুন ভোটারের নিবন্ধন স্লিপ থাকলে অনলাইনে স্মার্ট কার্ডের স্ট্যাটাস যাচাই করে সেই স্লিপের মাধ্যমে স্মার্ট এনআইডি কার্ড সংগ্রহ করা যায়।,False,1.0,1.0,1.0,1.0,1.0,1.0,0.99999994,0.99999994,0.99999994
nid_214,nid,নতুন ভোটার আইডি অনলাইনে যাচাই করার সময় ভোটার স্লিপের ফর্ম নম্বর কীভাবে লিখতে হয়?,Claim Account-এর মাধ্যমে নতুন ভোটার আইডি যাচাই করার সময় ভোটার স্লিপের ফর্ম নম্বরের আগে 'NIDFN' যোগ করে লিখতে হয়।,শিরোনাম: নতুন ভোটার আইডি অনলাইনে যাচাই করার সময় ভোটার স্লিপের ফর্ম নম্বর কীভাবে লিখতে হয়? beginnetjeর্টাল উত্তর: Claim Account-এর মাধ্যমে নতুন ভোটার আইডি যাচাই করার সময় ভোটার স্লিপের ফর্ম নম্বরের আগে 'NIDFN' যোগ করে লিখতে হয়।,False,0.0,1.0,0.7017543859649124,0.7017543859649124,0.6909090909090909,0.7017543859649124,0.8426211,0.9165077,0.8780127
nid_216,nid,এনআইডি অনলাইন অ্যাকাউন্টে প্রবেশের আগে বর্তমান ও স্থায়ী ঠিকানা কেন নির্বাচন করতে হয়?,আবেদনকারীর পরিচয় যাচাইয়ের জন্য নিবন্ধনের সময় দেওয়া বর্তমান ও স্থায়ী ঠিকানার তথ্য নির্বাচন করতে হয়।,বর্তমান ও স্থায়ী ঠিকানা নির্বাচন করতে হয় কিন্তু জানা না থাকে তাহলে 'আমি জানি না' বলুন।,False,0.0,0.6162162162162163,0.38709677419354843,0.38709677419354843,0.2758620689655172,0.38709677419354843,0.75780964,0.778106,0.76782376
nid_218,nid,পুরাতন ভোটারদের সার্ভার ভেরিফাইড কপি কীভাবে পাওয়া যায়?,পুরাতন এনআইডি নম্বর ও জন্মতারিখসহ স্থানীয় উপজেলা নির্বাচন অফিসে যোগাযোগ করলে সার্ভার যাচাইকৃত কপি (Server Verified Copy) সংগ্রহ করা যায়।,পুরাতন এনআইডি কার্ড না থাকলে তার ফটোকপি নিয়ে স্মার্ট এনআইডি কার্ড গ্রহণ করা যায়।,False,0.0,0.4888888888888889,0.23529411764705882,0.23529411764705882,0.125,0.23529411764705882,0.77646977,0.69198656,0.731798
nid_227,nid,এনআইডিতে নিজের নাম পরিবর্তনের আবেদন করলে কি ব্যক্তিগত শুনানিতে উপস্থিত হতে হয়?,হ্যাঁ। নিজের নাম পরিবর্তনের আবেদনের ক্ষেত্রে মূল কাগজপত্রসহ ব্যক্তিগত শুনানিতে উপস্থিত হতে হতে পারে।,"হ্যাঁ, নিজের নাম পরিবর্তনের আবেদনে মূল কাগজপত্রসহ ব্যক্তিগত শুনানিতে উপস্থিত হতে পারে।",False,0.0,0.9565217391304348,0.8461538461538461,0.8461538461538461,0.7500000000000001,0.8461538461538461,0.9595929,0.9556708,0.95762783
nid_230,nid,জীবিত ব্যক্তিকে ভুলক্রমে মৃত হিসেবে উল্লেখ করা হলে এনআইডি কীভাবে সংশোধন করা যায়?,"জীবিত পিতা, মাতা বা স্বামীকে ভুলক্রমে 'মৃত' হিসেবে উল্লেখ করা হলে সংশ্লিষ্ট ব্যক্তির জাতীয় পরিচয়পত্রের কপি জমা দিয়ে সংশোধনের আবেদন করতে হয়।",জীবিত ব্যক্তিকে ভুলক্রমে মৃত হিসেবে উল্লেখ করা হলে সংশোধনের জন্য সংশ্লিষ্ট জীবিত ব্যক্তির জাতীয় পরিচয়পত্র এবং প্রয়োজনীয় অন্যান্য প্রমাণপত্র জমা দিতে হয়।,False,0.0,0.7750865051903113,0.5909090909090909,0.5909090909090909,0.2857142857142857,0.5454545454545454,0.8718601,0.83662266,0.853878
nid_232,nid,ডুপ্লিকেট এনআইডি নির্ধারিত সময়ে সংগ্রহ না করলে কী হতে পারে?,বিতরণের জন্য নির্ধারিত তারিখের ৭ দিনের মধ্যে ডুপ্লিকেট পরিচয়পত্র সংগ্রহ না করলে প্রশাসনিক জটিলতা সৃষ্টি হতে পারে।,ডুপ্লিকেট এনআইডি নির্ধারিত সময়ে সংগ্রহ না করলে প্রশাসনিক জটিলতা সৃষ্টি হতে পারে।,False,0.0,0.91156462585034,0.6896551724137931,0.6896551724137931,0.5185185185185185,0.6206896551724139,0.9036562,0.86975676,0.8863825
nid_233,nid,"এনআইডিতে নামের আগে পদবী, উপাধি বা খেতাব যুক্ত করা যায় কি?","না। জাতীয় পরিচয়পত্রে কোনো নামের পূর্বে পদবী, উপাধি বা খেতাব সংযুক্ত করা যায় না।","না, জাতীয় পরিচয়পত্রে কোনো নামের পূর্বে পদবী, উপাধি বা খেতাব সংযুক্ত করা যায় না।",False,1.0,1.0,1.0,1.0,1.0,1.0,0.9795421,0.9795421,0.9795421
nid_235,nid,এনআইডির সঙ্গে যুক্ত হারিয়ে যাওয়া সিম পুনরায় তুললে কি মোবাইল নম্বর পরিবর্তন করতে হয়?,না। হারিয়ে যাওয়া সিম একই নম্বরে রিপ্লেসমেন্ট নিলে আগের নম্বরেই OTP গ্রহণ করা যায় এবং মোবাইল নম্বর পরিবর্তনের প্রয়োজন হয় না।,হারিয়ে যাওয়া সিম পুনরায় তুললে মোবাইল নম্বর পরিবর্তন করতে হয় না।,False,0.0,0.7307692307692308,0.43749999999999994,0.43749999999999994,0.26666666666666666,0.43749999999999994,0.8600957,0.79183257,0.8245537
nid_238,nid,পুরোনো মোবাইল নম্বর ব্যবহার করা সম্ভব না হলে কী করতে হবে?,পুরোনো নম্বর ব্যবহার করা সম্ভব না হলে NID Application Services পোর্টালে নতুন মোবাইল নম্বর যুক্ত করতে বা নির্বাচন অফিসের মাধ্যমে নম্বর পরিবর্তনের আবেদন করতে হয়।,পুরোনো মোবাইল নম্বর ব্যবহার করা সম্ভব না হলে NID Application Services পোর্টালে নতুন মোবাইল নম্বর যুক্ত করতে বা নির্বাচন অফিসে নম্বর পরিবর্তনের আবেদন করতে হয়।,False,0.0,0.9769230769230769,0.92,0.92,0.8333333333333334,0.92,0.97318053,0.96964514,0.9714096
nid_241,nid,মোবাইল নম্বর পরিবর্তনের সময় NID Wallet অ্যাপ কেন ব্যবহার করতে হয়?,ব্যবহারকারীর পরিচয় নিশ্চিত করার জন্য NID Wallet অ্যাপের মাধ্যমে লাইভ ফেস ভেরিফিকেশন সম্পন্ন করতে হয়।,মোবাইল নম্বর পরিবর্তনের সময় NID Wallet অ্যাপ ব্যবহার করতে হয় এবং লাইভ ফেস ভেরিফিকেশন সম্পন্ন করতে হয়।,False,0.0,0.7589743589743589,0.5,0.5,0.39999999999999997,0.5,0.8786797,0.88597214,0.88231087
nid_249,nid,১৭ ডিজিটের এনআইডি নম্বরের শেষ ছয়টি সংখ্যা কী নির্দেশ করে?,শেষ ছয়টি সংখ্যা ভোটার নিবন্ধনের সময় ব্যবহৃত ফর্ম বা ভোটার সিরিয়ালের শেষ ছয়টি সংখ্যা নির্দেশ করে।,শেষ ছয়টি সংখ্যা ভোটার নিবন্ধনের সময় ব্যবহৃত ফর্ম বা ভোটার সিরিয়ালের শেষ ছয়টি সংখ্যা নির্দেশ করে।,False,1.0,1.0,1.0,1.0,1.0,1.0,1.0,1.0,1.0
nid_256,nid,এনআইডি নম্বর সঠিক হলে অনলাইনে কী তথ্য দেখা যায়?,"এনআইডি নম্বর সঠিক হলে ভোটারের নাম, ভোটার সিরিয়াল নম্বর, ১০ ডিজিটের NID নম্বর, ১৭ ডিজিটের PIN নম্বর এবং ভোটার এলাকার তথ্য দেখা যায়।","এনআইডি নম্বর সঠিক হলে অনলাইনে ভোটারের নাম, ভোটার সিরিয়াল নম্বর, ১০ ডিজিটের NID নম্বর, ১৭ ডিজিটের PIN নম্বর এবং ভোটার এলাকার তথ্য দেখা যায়।",False,0.0,1.0,0.9787234042553191,0.9787234042553191,0.9333333333333332,0.9787234042553191,0.9719622,0.99018323,0.98098814
nid_269,nid,চাকরিজীবী হলে এনআইডিতে পেশা পরিবর্তনের জন্য কী কাগজপত্র জমা দেওয়া যায়?,"নিয়োগপত্র, অফিস আইডি কার্ড অথবা প্রতিষ্ঠানের প্রত্যয়নপত্র জমা দেওয়া যায়।","চাকরিজীবী হলে নিয়োগপত্র, অফিস আইডি কার্ড অথবা প্রতিষ্ঠানের প্রত্যয়নপত্র জমা দেওয়া যায়।",False,0.0,1.0,0.9090909090909091,0.9090909090909091,0.9,0.9090909090909091,0.92229474,0.97355413,0.9472315
nid_278,nid,এনআইডি নবায়নের আবেদন কীভাবে করা যায়?,নির্ধারিত ফর্ম পূরণ করে সরাসরি নির্বাচন অফিসে অথবা নির্বাচন কমিশনের অনলাইন সেবার মাধ্যমে আবেদন করা যায়।,এনআইডি নবায়নের আবেদন নির্ধারিত ফর্ম পূরণ করে সরাসরি নির্বাচন অফিসে অথবা নির্বাচন কমিশনের অনলাইন সেবার মাধ্যমে করা যায়।,False,0.0,1.0,0.9411764705882353,0.9411764705882353,0.8125,0.8823529411764706,0.9057212,0.95264125,0.92858887
nid_279,nid,এনআইডি নবায়নের সময় কি ফি পরিশোধ করতে হয়?,হ্যাঁ। এনআইডি নবায়নের জন্য নির্ধারিত ফি পরিশোধ করতে হয়।,হ্যাঁ। এনআইডি নবায়নের জন্য নির্ধারিত ফি পরিশোধ করতে হয়।,False,1.0,1.0,1.0,1.0,1.0,1.0,1.0,1.0,1.0
nid_281,nid,সাধারণ এনআইডি নবায়নের আবেদন কোথায় জমা দিতে হয়?,সাধারণ নবায়নের আবেদন সংশ্লিষ্ট স্থানীয় নির্বাচন অফিসে জমা দিতে হয়।,সাধারণ এনআইডি নবায়নের আবেদন সংশ্লিষ্ট স্থানীয় নির্বাচন অফিসে জমা দিতে হয়।,False,0.0,1.0,0.9523809523809523,0.9523809523809523,0.8421052631578948,0.9523809523809523,0.9283767,0.9854272,0.9560516
nid_286,nid,বাংলাদেশ নির্বাচন কমিশনের NID কল সেন্টারের নম্বর কত?,বাংলাদেশ নির্বাচন কমিশনের জাতীয় পরিচয়পত্র (NID) কল সেন্টারের নম্বর ১০৫।,বাংলাদেশ নির্বাচন কমিশনের NID কল সেন্টারের নম্বর ১০৫।,False,0.0,1.0,0.888888888888889,0.888888888888889,0.75,0.888888888888889,0.9679777,0.90140235,0.9335046
nid_289,nid,কুমিল্লা আঞ্চলিক নির্বাচন অফিসের যোগাযোগ নম্বর কত?,কুমিল্লা আঞ্চলিক নির্বাচন অফিসের যোগাযোগ নম্বর: 081-74291।,কুমিল্লা আঞ্চলিক নির্বাচন অফিসের যোগাযোগ নম্বর: ০৮১-৭৪২৯।,False,0.0,0.990990990990991,0.875,0.875,0.8571428571428571,0.875,0.93970275,0.96273196,0.95107794
nid_300,nid,ভোটার নিবন্ধনের সময় আবেদনকারীকে কী দেওয়া হয়?,ভোটার নিবন্ধন ফরম পূরণের পর আবেদনকারীকে নির্ধারিত দিনে ছবি ও বায়োমেট্রিক তথ্য প্রদানের জন্য একটি স্লিপ দেওয়া হয়।,ভোটার নিবন্ধনের সময় আবেদনকারীকে ভোটার নিবন্ধন ফরম পূরণের পর ছবি ও বায়োমেট্রিক তথ্য প্রদানের জন্য একটি স্লিপ দেওয়া হয়।,False,0.0,0.9295774647887324,0.8648648648648649,0.8648648648648649,0.7428571428571428,0.8108108108108109,0.9539847,0.9323208,0.94302833
nid_304,nid,একই ব্যক্তি একাধিকবার ভোটার নিবন্ধন করলে কীভাবে শনাক্ত করা হয়?,বায়োমেট্রিক মিলিয়ে একাধিক নিবন্ধন শনাক্ত করে তা বাতিল করা হয়।,একই ব্যক্তি একাধিকবার ভোটার নিবন্ধন করলে বায়োমেট্রিক মিলিয়ে তা বাতিল করা হয়।,False,0.0,0.851063829787234,0.6363636363636365,0.6363636363636365,0.39999999999999997,0.5454545454545454,0.85697967,0.90188587,0.87885946
nid_307,nid,যোগ্য হওয়া সত্ত্বেও ভোটার তালিকায় নাম না থাকলে কোথায় আবেদন করতে হয়?,যোগ্য ব্যক্তি ভোটার তালিকায় নাম না থাকলে নির্ধারিত ফরমে জেলা নির্বাচন কর্মকর্তার কাছে আবেদন করতে পারেন।,"শিরোনাম: যোগ্য হওয়া সত্ত্বেও ভোটার তালিকায় নাম না থাকলে কোথায় আবেদন করতে হয়
সরাসরি উত্তর: ভোটার হওয়ার যোগ্য কোনো ব্যক্তির নাম ভোটার তালিকায় না থাকলে তিনি নির্ধারিত ফরমে জেলা নির্বাচন কর্মকর্তার কাছে নাম অন্তর্ভুক্তির আবেদন করতে পারেন।",False,0.0,0.9595959595959596,0.5660377358490566,0.5660377358490566,0.43137254901960786,0.5660377358490566,0.801261,0.90405726,0.8495609
tin_098,tin,টিআইএন ব্যবহারকারী আইডি বা পাসওয়ার্ড ভুলে গেলে কী করতে হবে?,incometax.gov.bd পোর্টালে নিবন্ধিত মোবাইল নম্বর বা ই-মেইল ব্যবহার করে ‘ফরগট পাসওয়ার্ড’ বা রিকভারি অপশন ব্যবহার করতে হবে।,"প্রশ্ন: টিআইএন ব্যবহারকারী আইডি বা পাসওয়ার্ড ভুলে গেলে কী করতে হবে?

সরাসরি উত্তর: ই-টিআইএন পোর্টালে নিবন্ধিত মোবাইল নম্বর বা ই-মেইল ব্যবহার করে ‘ফরগট পাসওয়ার্ড’ বা রিকভারি অপশন ব্যবহার করতে হবে।",False,0.0,0.9137055837563451,0.6538461538461537,0.6538461538461537,0.6399999999999999,0.6538461538461537,0.8094755,0.8900665,0.84786016
tin_215,tin,কোম্পানি কি আমদানি ও রপ্তানি কার্যক্রমের জন্য টিআইএন ব্যবহার করতে পারে?,"হ্যাঁ, আমদানি ও রপ্তানি কার্যক্রমের জন্য টিআইএন প্রয়োজন হয়।","হ্যাঁ, আমদানি ও রপ্তানি কার্যক্রমের জন্য টিআইএন প্রয়োজন হয়।",False,1.0,1.0,1.0,1.0,1.0,1.0,1.0000001,1.0000001,1.0000001
tin_226,tin,বর্তমান অফিসিয়াল গাইডে টিআইএন আবেদনের সুপারিশকৃত পদ্ধতি কী?,নিবেদিত ই-টিআইএন পোর্টালের মাধ্যমে সম্পূর্ণ অনলাইনে আবেদন করা সুপারিশ করা হয়েছে।,বর্তমান অফিসিয়াল গাইডে সম্পূর্ণ অনলাইনে আবেদন করা সুপারিশ করা হয়েছে।,False,0.0,0.7735849056603774,0.6363636363636365,0.6363636363636365,0.6,0.6363636363636365,0.90160906,0.8511999,0.8756796
tin_087,tin,বাংলাদেশি ও বিদেশি মালিকানাধীন কোম্পানির টিআইএন প্রক্রিয়া কি একই?,"অনলাইন প্রক্রিয়া মূলত একই, তবে বিদেশি কোম্পানিকে শাখা বা লিয়াজোঁ অফিস নিবন্ধনের মতো অতিরিক্ত দলিল দিতে হতে পারে।","হ্যাঁ, বাংলাদেশি ও বিদেশি মালিকানাধীন কোম্পানির জন্য একই অনলাইন প্রক্রিয়া উপযুক্ত।",False,0.0,0.5803108808290155,0.27586206896551724,0.27586206896551724,0.07407407407407408,0.13793103448275862,0.825863,0.7696432,0.7967626
tin_214,tin,টিআইএন ইস্যুর সময় এনবিআরের প্রধান লক্ষ্য কী?,"কর আইন কার্যকরভাবে পরিচালনা, পরিপালন পর্যবেক্ষণ এবং স্বচ্ছতা নিশ্চিত করা এনবিআরের প্রধান লক্ষ্য।","প্রশ্ন: টিআইএন ইস্যুর সময় এনবিআরের প্রধান লক্ষ্য কী?
সরাসরি উত্তর: কর আইন কার্যকরভাবে পরিচালনা, পরিপালন পর্যবেক্ষণ এবং স্বচ্ছতা নিশ্চিত করা এনবিআরের প্রধান লক্ষ্য।
সংক্ষিপ্ত উত্তর: কর আইন পরিচালনা, কর পরিপালন এবং স্বচ্ছতা নিশ্চিত করা।",False,0.0,1.0,0.5531914893617021,0.5531914893617021,0.5333333333333333,0.5531914893617021,0.78529257,0.8648573,0.8231568
tin_040,tin,টিআইএন নিবন্ধনে পেশাদার সহায়তার জন্য কার সঙ্গে যোগাযোগ করা যায়?,"পেশাদার সহায়তার জন্য হাবিব মোরশেদ (+8801678148367, morshed@ogrlegal.com) অথবা সাজ্জাদ হোসেন (+8801682571960, Sazzad@ogrlegal.com)-এর সঙ্গে যোগাযোগ করা যায়।",পেশাদার সহায়তার জন্য হাবিব মোরশেদ ও সাজ্জাদ হোসেন-এর সঙ্গে যোগাযোগ করা যায়।,False,0.0,0.9866666666666667,0.7058823529411765,0.7058823529411765,0.5625000000000001,0.7058823529411765,0.9242935,0.6963482,0.7942905
tin_197,tin,এফএম অ্যাসোসিয়েটস গাইডে ই-টিআইএনের প্রধান সুবিধা কী বলা হয়েছে?,"প্রক্রিয়াটি সহজ, ঝামেলামুক্ত ও ডিজিটাল হওয়ায় সময় বাঁচে এবং ঝামেলা কমে।","প্রশ্ন: এফএম অ্যাসোসিয়েটস গাইডে ই-টিআইএনের প্রধান সুবিধা কী বলা হয়েছে?
সরাসরি উত্তর: প্রক্রিয়াটি সহজ, ঝামেলামুক্ত ও ডিজিটাল হওয়ায় সময় বাঁচে এবং ঝামেলা কমে।
সংক্ষিপ্ত উত্তর: ই-টিআইএন সহজ, ঝামেলামুক্ত এবং ডিজিটাল।",False,0.0,1.0,0.5116279069767442,0.5116279069767442,0.4878048780487805,0.5116279069767442,0.7345989,0.8814291,0.80134356
tin_088,tin,সরকারি দরপত্রে টিআইএন থাকার একটি প্রধান সুবিধা কী?,বাংলাদেশে সরকারি দরপত্র বা ক্রয় প্রক্রিয়ায় অংশগ্রহণের জন্য বৈধ টিআইএন বাধ্যতামূলক।,সরকারি দরপত্রে অংশগ্রহণের জন্য বৈধ টিআইএন বাধ্যতামূলক।,False,0.0,0.9183673469387754,0.6666666666666665,0.6666666666666665,0.5,0.6666666666666665,0.9635388,0.8937467,0.92733145
tin_219,tin,এফএম অ্যাসোসিয়েটস গাইডে ডিজিটালাইজেশনের প্রধান সুবিধা কী বলা হয়েছে?,ডিজিটালাইজেশনের ফলে অনেক ঝামেলা ও সময় সাশ্রয় হয়েছে।,ডিজিটালাইজেশনের ফলে অনেক ঝামেলা ও সময় সাশ্রয় হয়েছে।,False,1.0,1.0,1.0,1.0,1.0,1.0,1.0000001,1.0000001,1.0000001
tin_182,tin,অফিসিয়াল গাইডে এনবিআরের কয়টি যোগাযোগ ই-মেইল দেওয়া আছে?,অফিসিয়াল গাইডে তিনটি ফিডব্যাক ই-মেইল দেওয়া আছে।,"অফিসিয়াল গাইডে তিনটি ফিডব্যাক ই-মেইল দেওয়া আছে: feedbacktax@nbr.gov.bd, feedbackvat@nbr.gov.bd এবং feedbackcustoms@nbr.gov.bd।",False,0.0,1.0,0.5517241379310345,0.5517241379310345,0.5185185185185185,0.5517241379310345,0.70590335,0.9528607,0.81099844
tin_041,tin,ফ্লোচার্টে চূড়ান্ত আবেদন জমা দেওয়ার ঠিক আগের ধাপ কী?,চূড়ান্ত আবেদন জমা দেওয়ার ঠিক আগের ধাপ হলো আবেদন সারাংশ পর্যালোচনা করা।,সরাসরি উত্তর: আবেদন সারাংশ পর্যালোচনা করা। সংক্ষিপ্ত উত্তর: পর্যালোচনা।,False,0.0,0.7012987012987013,0.380952380952381,0.380952380952381,0.3157894736842105,0.380952380952381,0.78869593,0.7852554,0.7869719
tin_002,tin,বাংলাদেশে কোন কর্তৃপক্ষ টিআইএন সার্টিফিকেট ইস্যু করে?,বাংলাদেশে টিআইএন ইস্যু ও পরিচালনার একমাত্র সরকারি কর্তৃপক্ষ হলো জাতীয় রাজস্ব বোর্ড বা এনবিআর। সাধারণত incometax.gov.bd ই-টিআইএন পোর্টালের মাধ্যমে এই প্রক্রিয়া সম্পন্ন হয়।,বাংলাদেশে জাতীয় রাজস্ব বোর্ড বা এনবিআর কর্তৃপক্ষ টিআইএন সার্টিফিকেট ইস্যু করে।,False,0.0,0.8857142857142857,0.4864864864864865,0.4864864864864865,0.22857142857142856,0.37837837837837834,0.8357227,0.75662494,0.7942093
tin_072,tin,প্রথম চেষ্টায় ভুল হলে কতবার রেজিস্ট্রেশন চেষ্টা করা যায়?,সফলভাবে সম্পন্ন না হওয়া পর্যন্ত প্রয়োজন অনুযায়ী রেজিস্ট্রেশন প্রক্রিয়া পুনরায় শুরু করা যায়।,প্রশ্ন: প্রথম চেষ্টায় ভুল হলে কতবার রেজিস্ট্রেশন চেষ্টা করা যায়? সফলভাবে সম্পন্ন না হওয়া পর্যন্ত প্রয়োজন অনুযায়ী রেজিস্ট্রেশন প্রক্রিয়া পুনরায় শুরু করা যায়।,False,0.0,1.0,0.7222222222222222,0.7222222222222222,0.7058823529411764,0.7222222222222222,0.8540183,0.94535995,0.89737076
tin_152,tin,কোন ফ্লোচার্ট ছবিতে বিস্তারিত অনলাইন আবেদন ফরম পূরণ থেকে টিআইএন সার্টিফিকেট ডাউনলোড বা প্রিন্ট পর্যন্ত ধাপ দেখানো হয়েছে?,TIN_2.png ফ্লোচার্টে এই ধাপগুলো দেখানো হয়েছে।,"প্রশ্ন: কোন ফ্লোচার্টে বিস্তারিত অনলাইন আবেদন ফরম পূরণ থেকে টিআইএন সার্টিফিকেট ডাউনলোড বা প্রিন্ট পর্যন্ত ধাপ দেখানো হয়েছে? সরাসরি: এনবিআরের ই-টিআইএন পোর্টালে প্রবেশ করে বিস্তারিত অনলাইন আবেদন ফরম পূরণ করে সারাংশ যাচাই করে চূড়ান্তভাবে জমা দিয়ে সফল হলে টিআইএন সার্টিফিকেট ডাউনলোড বা প্রিন্ট করা। সংক্ষিপ্ত: ই-টিআইএন আবেদনের সাধারণ ধাপ হলো: প্রথমে এনবিআরের ই-টিআইএন পোর্টালে প্রবেশ করা, মৌলিক তথ্য ও মোবাইল নম্বর প্রদান করা, এসএমএসে পাওয়া অ্যাক্ট",True,0.0,0.6956521739130435,0.07792207792207792,0.07792207792207792,0.026666666666666665,0.07792207792207792,0.56658655,0.7345482,0.6397264
tin_115,tin,টিআইএন সহায়তার প্রথম যোগাযোগ ব্যক্তির ফোন নম্বর কী?,প্রথম যোগাযোগ ব্যক্তি হাবিব মোরশেদের ফোন নম্বর হলো +8801678148367।,প্রথম যোগাযোগ ব্যক্তি হাবিব মোরশেদের ফোন নম্বর হলো +8801678148367।,False,1.0,1.0,1.0,1.0,1.0,1.0,1.0,1.0,1.0
tin_057,tin,টিআইএন সহায়তার জন্য কতজন যোগাযোগ ব্যক্তির নাম দেওয়া আছে?,টিআইএন সহায়তার জন্য দুইজনের নাম দেওয়া আছে: হাবিব মোরশেদ ও সাজ্জাদ হোসেন।,"প্রশ্ন: টিআইএন সহায়তার জন্য কতজন যোগাযোগ ব্যক্তির নাম দেওয়া আছে?

সরাসরি উত্তর: দুইজন: হাবিব মোরশেদ ও সাজ্জাদ হোসেন।

সংক্ষিপ্ত উত্তর: দুইজন ব্যক্তির নাম দেওয়া আছে: হাবিব মোরশেদ ও সাজ্জাদ হোসেন।",False,0.0,0.9411764705882354,0.5238095238095238,0.5238095238095238,0.45000000000000007,0.5238095238095238,0.76956016,0.86697894,0.81537
tin_108,tin,বিদেশি বিনিয়োগকারীদের জন্যও কি টিআইএন প্রক্রিয়া বিনামূল্যে?,"হ্যাঁ। কোম্পানি দেশীয় বা বিদেশি মালিকানাধীন যাই হোক, টিআইএন নেওয়ার জন্য কোনো সরকারি ফি নেই।","হ্যাঁ, বিদেশি বিনিয়োগকারীদের জন্যও টিআইএন প্রক্রিয়া বিনামূল্যে।",False,0.0,0.5098039215686274,0.27272727272727276,0.27272727272727276,0.0,0.27272727272727276,0.74171346,0.71877086,0.73006195
tin_222,tin,অফিসিয়াল গাইডের দ্বিতীয় যোগাযোগ ব্যক্তির সঠিক ফোন নম্বর কী?,দ্বিতীয় যোগাযোগ ব্যক্তি সাজ্জাদ হোসেনের ফোন নম্বর +8801682571960।,দ্বিতীয় যোগাযোগ ব্যক্তি সাজ্জাদ হোসেনের ফোন নম্বর +8801682571960।,False,1.0,1.0,1.0,1.0,1.0,1.0,1.0,1.0,1.0
tin_183,tin,হাবিব মোরশেদের সঠিক ফোন নম্বর কী?,হাবিব মোরশেদের ফোন নম্বর +8801678148367।,হাবিব মোরশেদের ফোন নম্বর +8801678148367 এবং ই-মেইল ঠিকানা morshed@ogrlegal.com।,False,0.0,1.0,0.5882352941176471,0.5882352941176471,0.5333333333333333,0.5882352941176471,0.79546094,0.9269737,0.85619664
tin_169,tin,তিনটি ছবিতে মোট কয়টি ফ্লোচার্ট দেওয়া হয়েছে?,"মোট তিনটি আলাদা ফ্লোচার্ট দেওয়া হয়েছে, যা প্রক্রিয়ার ভিন্ন অংশ দেখায়।",তিনটি ছবিতে মোট ১০টি ধাপ দেখানো হয়েছে।,False,0.0,0.5925925925925926,0.33333333333333326,0.33333333333333326,0.0,0.2222222222222222,0.7942607,0.72291434,0.75691
tin_187,tin,দুই উৎস অনুযায়ী কোম্পানি কি টিআইএন ছাড়া পরিচালনা করা যায়?,"না। কোম্পানি, শাখা অফিস এবং লিয়াজোঁ অফিসসহ সব ব্যবসায়িক প্রতিষ্ঠানের জন্য টিআইএন বাধ্যতামূলক।","হ্যাঁ, দুই উৎস অনুযায়ী কোম্পানি কি টিআইএন ছাড়া পরিচালনা করা যায় না।",False,0.0,0.5125,0.24000000000000002,0.24000000000000002,0.0,0.16,0.7538891,0.714976,0.73391706
tin_051,tin,কোম্পানির টিআইএন কি পরিচালকদের ব্যক্তিগত করের জন্য ব্যবহার করা যায়?,না। কোম্পানির টিআইএন কর্পোরেট কর পরিপালনের জন্য। পরিচালকদের ব্যক্তিগত আয়করের জন্য আলাদা ব্যক্তিগত টিআইএন লাগতে পারে।,"কোম্পানির টিআইএন কর্পোরেট কর পরিপালনের জন্য ব্যবহৃত হয়, পরিচালকদের ব্যক্তিগত আয়করের জন্য আলাদা ব্যক্তিগত টিআইএন লাগতে পারে না।",False,0.0,1.0,0.9411764705882353,0.9411764705882353,0.8125,0.8823529411764706,0.94932914,0.9540504,0.9516839
tin_145,tin,এফএম অ্যাসোসিয়েটস অনুযায়ী ই-টিআইএন পাওয়ার প্রথম ধাপ কী?,প্রথম ধাপ হলো https://secure.incometax.gov.bd/TINHome ওয়েবসাইটে গিয়ে ব্যবহারকারী আইডি তৈরি করা।,প্রথম ধাপ হলো https://secure.incometax.gov.bd/TINHome ওয়েবসাইটে গিয়ে ব্যবহারকারী আইডি তৈরি করা।,False,1.0,1.0,1.0,1.0,1.0,1.0,0.9999999,0.9999999,0.9999999
tin_234,tin,অফিসিয়াল গাইডে অনলাইন টিআইএনের সঠিক প্রসেসিং সময় কত?,অফিসিয়াল গাইডে অনলাইন টিআইএনের প্রসেসিং সময় ১৫ থেকে ২০ মিনিট বলা হয়েছে।,অফিসিয়াল গাইডে অনলাইন টিআইএনের সঠিক প্রসেসিং সময় ১৫ থেকে ২০ মিনিট বলা হয়েছে।,False,0.0,1.0,0.9600000000000001,0.9600000000000001,0.8695652173913043,0.9600000000000001,0.9765916,0.994507,0.98546785
tin_156,tin,এফএম অ্যাসোসিয়েটস অনুযায়ী ব্যক্তিগত অনলাইন আবেদন শুরু করার আগে কী কী লাগে?,"আবেদনকারীর ঠিকানা, ফোন নম্বর, জাতীয় পরিচয়পত্র বা পাসপোর্টের কপি এবং ব্যক্তিগত তথ্য দরকার হয়।","প্রশ্ন: এফএম অ্যাসোসিয়েটস অনুযায়ী ব্যক্তিগত অনলাইন আবেদন শুরু করার আগে কী কী লাগে?

সরাসরি উত্তর: আবেদনকারীর ঠিকানা, ফোন নম্বর, জাতীয় পরিচয়পত্র বা পাসপোর্টের কপি এবং ব্যক্তিগত তথ্য দরকার হয়।

সংক্ষিপ্ত উত্তর: ঠিকানা, ফোন, জাতীয় পরিচয়পত্র বা পাসপোর্ট, ব্যক্তিগত তথ্য লাগে।",False,0.0,1.0,0.5185185185185185,0.5185185185185185,0.5,0.5185185185185185,0.77675456,0.88201636,0.8260456
tin_130,tin,ম্যানুয়াল টিআইএন আবেদনে আবেদনকারী কোম্পানি হলে কোন ডকুমেন্ট বাধ্যতামূলক?,কোম্পানি হলে কোম্পানি ইনকরপোরেশন সার্টিফিকেট এবং মেমোরেন্ডাম ও আর্টিকেলস অব অ্যাসোসিয়েশনের কপি বাধ্যতামূলক।,কোম্পানি হলে কোম্পানি ইনকরপোরেশন সার্টিফিকেট এবং মেমোরেন্ডাম ও আর্টিকেলস অব অ্যাসোসিয়েশন বাধ্যতামূলক।,False,0.0,0.9684210526315788,0.8799999999999999,0.8799999999999999,0.7826086956521738,0.8799999999999999,0.9883176,0.9740676,0.9811409
tin_060,tin,সাপ্তাহিক ছুটি বা সরকারি ছুটির দিনে কি টিআইএন আবেদন করা যায়?,হ্যাঁ। অনলাইন পোর্টাল ২৪ ঘণ্টা চালু থাকে এবং অফিস সময়ের বাইরে বা ছুটির দিনেও সার্টিফিকেট তাৎক্ষণিকভাবে তৈরি হতে পারে।,"হ্যাঁ, সাপ্তাহিক ছুটি বা সরকারি ছুটির দিনে অনলাইন পোর্টাল ২৪ ঘণ্টা চালু থাকে এবং সার্টিফিকেট তাৎক্ষণিকভাবে তৈরি হতে পারে।",False,0.0,0.8851063829787233,0.7894736842105263,0.7894736842105263,0.5555555555555556,0.6842105263157895,0.8989631,0.900325,0.89964354
tin_056,tin,এসএমএস অ্যাক্টিভেশন কোড না এলে কী করতে হবে?,"দেওয়া মোবাইল নম্বর সঠিক কিনা যাচাই করতে হবে, কিছু সময় অপেক্ষা করতে হবে অথবা প্রয়োজনে রেজিস্ট্রেশন প্রক্রিয়া আবার শুরু করতে হবে। নম্বরটি সচল ও নেটওয়ার্কযুক্ত হওয়া দরকার।","শিরোনাম: এসএমএস অ্যাক্টিভেশন কোড না এলে কী করতে হবে?
সরাসরি উত্তর: মোবাইল নম্বর সঠিক কিনা যাচাই করতে হবে, কিছু সময় অপেক্ষা করতে হবে অথবা প্রয়োজনে রেজিস্ট্রেশন প্রক্রিয়া আবার শুরু করতে হবে। নম্বরটি সচল ও নেটওয়ার্কযুক্ত হওয়া দরকার।",False,0.0,0.9765886287625417,0.8125,0.8125,0.8064516129032258,0.8125,0.864589,0.95416796,0.90717244
tin_024,tin,কোম্পানি ইনকরপোরেশন শেষ হওয়ার আগে কি টিআইএন আবেদন করা যায়?,"না। টিআইএন আবেদনে আরজেএসসি থেকে প্রাপ্ত ইনকরপোরেশন নম্বর ও তারিখ লাগে, তাই আগে কোম্পানি নিবন্ধন সম্পন্ন হতে হবে।",কোম্পানি ইনকরপোরেশন শেষ হওয়ার আগে টিআইএন আবেদন করা যায় না।,False,0.0,0.717391304347826,0.35714285714285715,0.35714285714285715,0.0,0.14285714285714285,0.849889,0.7637512,0.8045211
tin_008,tin,টিআইএন সার্টিফিকেট কি নির্দিষ্ট মেয়াদের জন্য নাকি স্থায়ী?,টিআইএন একটি স্থায়ী নম্বর। এটি নিয়মিত বা নির্দিষ্ট সময় পর নবায়ন করতে হয় না।,টিআইএন সার্টিফিকেট স্থায়ী।,False,0.0,0.7,0.23529411764705882,0.23529411764705882,0.0,0.23529411764705882,0.76645905,0.6994274,0.7314107
tin_009,tin,বাংলাদেশে কোম্পানির জন্য টিআইএন সার্টিফিকেটের প্রধান ব্যবহার কী কী?,"কোম্পানির টিআইএন কর্পোরেট ব্যাংক হিসাব খোলা ও পরিচালনা, বার্ষিক আয়কর রিটার্ন দাখিল, বিভিন্ন ব্যবসায়িক লাইসেন্স ও অনুমতি নেওয়া, সরকারি দরপত্রে অংশগ্রহণ এবং আমদানি-রপ্তানি কার্যক্রমে ব্যবহৃত হয়।","শিরোনাম: কোম্পানির জন্য টিআইএন সার্টিফিকেটের প্রধান ব্যবহার
তথ্য: কোম্পানির টিআইএন কর পরিপালন, বার্ষিক আয়কর রিটার্ন দাখিল, বিভিন্ন ব্যবসায়িক লাইসেন্স ও অনুমতি নেওয়া, সরকারি দরপত্রে অংশগ্রহণ এবং আমদানি-রপ্তানি কার্যক্রমে ব্যবহৃত হয়।",False,0.0,0.8953488372093023,0.7241379310344828,0.7241379310344828,0.6785714285714285,0.7241379310344828,0.8610438,0.8704042,0.8656987
tin_109,tin,টিআইএন আবেদন সফলভাবে জমা দেওয়ার পর কী করতে হবে?,"সার্টিফিকেট তাৎক্ষণিকভাবে তৈরি হওয়ার জন্য অপেক্ষা করতে হবে, তারপর সেটি ডাউনলোড, প্রিন্ট এবং লগইন তথ্য নিরাপদে সংরক্ষণ করতে হবে।","সরাসরি: সার্টিফিকেট তাৎক্ষণিকভাবে তৈরি হওয়ার জন্য অপেক্ষা করতে হবে, তারপর সেটি ডাউনলোড, প্রিন্ট এবং লগইন তথ্য নিরাপদে সংরক্ষণ করতে হবে।
সংক্ষিপ্ত: সার্টিফিকেট সাধারণত পোর্টালেই তৈরি হয় এবং আবেদনকারী সেটি ডাউনলোড বা প্রিন্ট করতে পারেন।",False,0.0,1.0,0.7169811320754718,0.7169811320754718,0.7058823529411764,0.7169811320754718,0.83897823,0.9198715,0.87756467
tin_153,tin,TIN_1.png ফ্লোচার্টের প্রথম বাক্সে কী আছে?,প্রথম বাক্সে আছে: এনবিআর ই-টিআইএন পোর্টাল incometax.gov.bd-এ প্রবেশ।,"প্রথম বাক্সে আছে: এনবিআর ই-টিআইএন পোর্টাল incometax.gov.bd-এ প্রবেশ।
পরের ধাপ হলো এসএমএসের মাধ্যমে অ্যাক্টিভেশন কোড গ্রহণ করা।",False,0.0,1.0,0.7272727272727273,0.7272727272727273,0.7096774193548387,0.7272727272727273,0.8605411,0.9642675,0.90945625
tin_023,tin,নতুন নিবন্ধিত কোম্পানির কর পরিপালনের প্রথম কাজ কী হওয়া উচিত?,"নতুন নিবন্ধিত কোম্পানির প্রথম কাজ হওয়া উচিত এনবিআর ই-টিআইএন পোর্টাল থেকে টিআইএন নেওয়া, কারণ ব্যাংক হিসাব খোলা, রিটার্ন দাখিল এবং অন্যান্য লাইসেন্সের আগে এটি মৌলিক প্রয়োজন।",প্রশ্ন: নতুন নিবন্ধিত কোম্পানির কর পরিপালনের প্রথম কাজ কী হওয়া উচিত? beginnetjeর্টাল: নতুন কোম্পানির প্রথম কাজ হওয়া উচিত এনবিআর ই-টিআইএন পোর্টাল থেকে টিআইএন নেওয়া।,False,0.0,0.8040201005025125,0.5384615384615384,0.5384615384615384,0.52,0.5384615384615384,0.8250604,0.7789204,0.8013268
tin_141,tin,ম্যানুয়াল চেকলিস্টে কোন ডকুমেন্টটি কোম্পানির জন্য লাগে কিন্তু প্রোপ্রাইটরশিপের জন্য নয়?,মেমোরেন্ডাম অব অ্যাসোসিয়েশন এবং আর্টিকেলস অব অ্যাসোসিয়েশনের কপি কোম্পানির জন্য লাগে।,ম্যানুয়াল চেকলিস্টে কোম্পানির জন্য লাগে কিন্তু প্রোপ্রাইটরশিপের জন্য নয় হলেও মেমোরেন্ডাম অব অ্যাসোসিয়েশন এবং আর্টিকেলস অব অ্যাসোসিয়েশনের কপি কোম্পানির জন্য লাগে।,False,0.0,1.0,0.6875000000000001,0.6875000000000001,0.6666666666666666,0.6875000000000001,0.84925723,0.93762946,0.89125806
tin_191,tin,"ম্যানুয়াল চেকলিস্টে কোম্পানির জন্য কিন্তু ব্যক্তির জন্য নয়, এমন ডকুমেন্ট কোনটি?",মেমোরেন্ডাম অব অ্যাসোসিয়েশন এবং আর্টিকেলস অব অ্যাসোসিয়েশনের কপি কোম্পানির জন্য লাগে।,"ম্যানুয়াল চেকলিস্টে কোম্পানির জন্য কোম্পানি ইনকরপোরেশন সার্টিফিকেট লাগে, যা ব্যক্তিগত আবেদনে লাগে না।",False,0.0,0.4745762711864407,0.24999999999999994,0.24999999999999994,0.0909090909090909,0.24999999999999994,0.75763243,0.7591192,0.75837505
tin_233,tin,টিআইএন সার্টিফিকেট পাওয়ার পর সুপারিশকৃত পরবর্তী ধাপ কী?,কর্পোরেট ব্যাংক হিসাব খোলা এবং অন্যান্য ব্যবসায়িক লাইসেন্সের জন্য আবেদন করা।,পরবর্তী ধাপ হলো কর্পোরেট ব্যাংক হিসাব খোলা এবং প্রয়োজনীয় ব্যবসায়িক লাইসেন্স ও ভ্যাট নিবন্ধনের জন্য আবেদন করা।,False,0.0,0.8484848484848484,0.6428571428571428,0.6428571428571428,0.4615384615384615,0.6428571428571428,0.8640619,0.93708843,0.89909476
tin_176,tin,অফিসিয়াল গাইডে এনবিআরের ঠিকানা কী?,"অফিসিয়াল গাইডে এনবিআরের ঠিকানা সেগুনবাগিচা, ঢাকা-১০০০ বলা হয়েছে।","অফিসিয়াল গাইডে এনবিআরের ঠিকানা সেগুনবাগিচা, ঢাকা-১০০০ বলা হয়েছে।",False,1.0,1.0,1.0,1.0,1.0,1.0,0.99999994,0.99999994,0.99999994
tin_027,tin,অফিসিয়াল টিআইএন আবেদন ফ্লোচার্টে কয়টি ধাপ দেখানো হয়েছে?,অফিসিয়াল ফ্লোচার্টে পোর্টালে প্রবেশ থেকে কোম্পানির টিআইএন পাওয়া পর্যন্ত মোট ১০টি প্রধান ধাপ দেখানো হয়েছে।,অফিসিয়াল ফ্লোচার্টে পোর্টালে প্রবেশ থেকে কোম্পানির টিআইএন পাওয়া পর্যন্ত মোট ১০টি প্রধান ধাপ দেখানো হয়েছে।,False,1.0,1.0,1.0,1.0,1.0,1.0,1.0,1.0,1.0
tin_193,tin,অফিসিয়াল গাইড অনুযায়ী টিআইএনের মেয়াদ কত?,টিআইএন স্থায়ী এবং নির্দিষ্ট সময় পর নবায়নের প্রয়োজন নেই।,অফিসিয়াল গাইড অনুযায়ী টিআইএন স্থায়ী এবং নির্দিষ্ট সময় পর নবায়নের প্রয়োজন নেই।,False,0.0,1.0,0.8571428571428571,0.8571428571428571,0.8421052631578948,0.8571428571428571,0.8998219,0.97590613,0.93632096
tin_036,tin,টিআইএন পাওয়ার পর কোম্পানির পরবর্তী গুরুত্বপূর্ণ কর পরিপালন ধাপ কী?,টিআইএন পাওয়ার পর বার্ষিক আয়কর রিটার্ন দাখিল করা এবং প্রযোজ্য ক্ষেত্রে ভ্যাট পরিপালন নিশ্চিত করা গুরুত্বপূর্ণ।,"প্রশ্ন: টিআইএন পাওয়ার পর কোম্পানির পরবর্তী গুরুত্বপূর্ণ কর পরিপালন ধাপ কী?

সরাসরি উত্তর: টিআইএন পাওয়ার পর বার্ষিক আয়কর রিটার্ন দাখিল করা এবং প্রযোজ্য ক্ষেত্রে ভ্যাট পরিপালন নিশ্চিত করা গুরুত্বপূর্ণ।

সংক্ষিপ্ত উত্তর: আয়কর রিটার্ন ও ভ্যাট পরিপালন।",False,0.0,1.0,0.6153846153846153,0.6153846153846153,0.6,0.6153846153846153,0.8123823,0.9103954,0.8586008
tin_058,tin,গাইড অনুযায়ী টিআইএন ব্যবস্থার প্রধান উদ্দেশ্য কী?,"জাতীয় রাজস্ব বোর্ডকে কর আইন কার্যকরভাবে পরিচালনা, কর পরিপালন পর্যবেক্ষণ এবং কর্পোরেট আর্থিক কার্যক্রমে স্বচ্ছতা নিশ্চিত করতে সহায়তা করা হলো টিআইএন ব্যবস্থার প্রধান উদ্দেশ্য।","প্রশ্ন: গাইড অনুযায়ী টিআইএন ব্যবস্থার প্রধান উদ্দেশ্য কী?

সরাসরি উত্তর: জাতীয় রাজস্ব বোর্ডকে কর আইন পরিচালনা, কর পরিপালন পর্যবেক্ষণ এবং কর্পোরেট আর্থিক কার্যক্রমে স্বচ্ছতা নিশ্চিত করতে সহায়তা করা হলো টিআইএন ব্যবস্থার প্রধান উদ্দেশ্য।",False,0.0,0.9634146341463414,0.8070175438596493,0.8070175438596493,0.7636363636363634,0.8070175438596493,0.87698394,0.9294184,0.90244013
tin_063,tin,টিআইএন সার্টিফিকেট ডাউনলোডের পর একেবারে শেষ কাজ কী?,ভবিষ্যতে টিআইএন অ্যাকাউন্টে লগইনের জন্য ব্যবহারকারী আইডি ও পাসওয়ার্ড নিরাপদে সংরক্ষণ করা।,শেষ কাজ হলো ভবিষ্যতে টিআইএন অ্যাকাউন্টে লগইনের জন্য ব্যবহারকারী আইডি ও পাসওয়ার্ড নিরাপদে সংরক্ষণ করা।,False,0.0,1.0,0.888888888888889,0.888888888888889,0.88,0.888888888888889,0.9558675,0.97218657,0.963958
tin_071,tin,টিআইএন আবেদন শুরু করার ন্যূনতম প্রয়োজনীয়তা কী?,"একটি অনন্য মোবাইল নম্বর এবং কোম্পানির প্রাথমিক তথ্য, যেমন নাম, আরজেএসসি ইনকরপোরেশন তথ্য ও ঠিকানা দরকার।","শিরোনাম: টিআইএন আবেদন শুরু করার ন্যূনতম প্রস্তুতি
তথ্য: কোম্পানির নিবন্ধিত নাম, আরজেএসসি ইনকরপোরেশন নম্বর ও তারিখ, নিবন্ধিত ঠিকানা, অনুমোদিত ব্যক্তির নাম, একটি অনন্য মোবাইল নম্বর এবং একটি বৈধ ই-মেইল ঠিকানা প্রস্তুত রাখতে হবে।",False,0.0,0.8823529411764706,0.48,0.48,0.25000000000000006,0.24,0.7536438,0.8455086,0.7969376
tin_194,tin,ওজিআর গাইড অনুযায়ী টিআইএন সার্টিফিকেট ডাউনলোডের পর কী করা উচিত?,ব্যবহারকারী আইডি ও পাসওয়ার্ড নিরাপদে সংরক্ষণ করা উচিত।,"শিরোনাম: টিআইএন সার্টিফিকেট সংরক্ষণের পদ্ধতি
সরাসরি উত্তর: টিআইএন সার্টিফিকেট ডাউনলোড করার পর পিডিএফ হিসেবে নিরাপদ স্থানে সংরক্ষণ করা উচিত। প্রিন্টেড কপি অফিসিয়াল জমা, ব্যাংক হিসাব, লাইসেন্স, দরপত্র বা কর দাখিলের কাজে লাগতে পারে। ডিজিটাল কপির ব্যাকআপ রাখলে হারিয়ে গেলে বা নতুন করে জমা দিতে হলে সহজে ব্যবহার করা যায়।

সংক্ষিপ্ত উত্তর: টিআইএন সার্টিফিকেট ডাউনলোড করে সংরক্ষণ করুন।",False,0.0,0.45714285714285713,0.0923076923076923,0.0923076923076923,0.06349206349206349,0.0923076923076923,0.6510546,0.78719556,0.7126817
tin_007,tin,বাংলাদেশে টিআইএন নিতে কি কোনো সরকারি ফি লাগে?,বাংলাদেশে টিআইএন নেওয়ার জন্য কোনো সরকারি ফি লাগে না।,বাংলাদেশে টিআইএন নেওয়ার জন্য কোনো সরকারি ফি লাগে না।,False,1.0,1.0,1.0,1.0,1.0,1.0,1.0,1.0,1.0
tin_029,tin,বিদেশি কোম্পানি বা শাখা অফিস কি বাংলাদেশে টিআইএন নিতে পারে?,"হ্যাঁ, বাংলাদেশে আইনগতভাবে ব্যবসা পরিচালনার জন্য বিদেশি কোম্পানি, শাখা অফিস ও লিয়াজোঁ অফিসকেও টিআইএন নিতে হয়।","হ্যাঁ, বিদেশি কোম্পানি বা শাখা অফিস কি বাংলাদেশে টিআইএন নিতে পারে।",False,0.0,0.905982905982906,0.5925925925925926,0.5925925925925926,0.24,0.5185185185185185,0.88836956,0.80466706,0.8444492
tin_165,tin,"ম্যানুয়াল চেকলিস্টে প্রোপ্রাইটরশিপের জন্য যা লাগে কিন্তু কোম্পানির জন্য লাগে না, সেটি কী?",মালিকের তিন কপি ছবি প্রোপ্রাইটরশিপের জন্য নির্দিষ্টভাবে উল্লেখ আছে।,"প্রশ্ন: ম্যানুয়াল চেকলিস্টে প্রোপ্রাইটরশিপের জন্য যা লাগে কিন্তু কোম্পানির জন্য লাগে না, সেটি কী? beginnetjeবুংশোনিয়ে: মালিকের তিন কপি ছবি প্রোপ্রাইটরশিপের জন্য নির্দিষ্টভাবে উল্লেখ আছে।",False,0.0,1.0,0.5454545454545454,0.5454545454545454,0.5161290322580645,0.5454545454545454,0.75876653,0.91729635,0.8305342
birth_death_312,birth_death,জন্ম নিবন্ধন কত দিনে পাওয়া যায়?,"জন্ম বা মৃত্যু নিবন্ধন পেতে সময় নিবন্ধক কার্যালয়ের যাচাই, কাগজপত্রের সম্পূর্ণতা এবং আবেদনের চাপের ওপর নির্ভর করে। সঠিক সময় জানতে আবেদন অবস্থা যাচাই করুন বা সংশ্লিষ্ট নিবন্ধক কার্যালয়ে যোগাযোগ করুন।",জন্ম বা মৃত্যুর ৪৫ দিনের মধ্যে নিবন্ধন করলে দেশে ও বিদেশে কোনো ফি লাগে না। ৪৫ দিন পর জন্ম বা মৃত্যু নিবন্ধনের ফি দেশে ২৫ টাকা এবং বিদেশে ১ মার্কিন ডলার।,False,0.0,0.49491525423728816,0.19672131147540983,0.19672131147540983,0.06779661016949153,0.13114754098360656,0.71467614,0.68836015,0.7012713
birth_death_313,birth_death,জন্ম সনদ পেতে কত সময় লাগে?,"জন্ম বা মৃত্যু নিবন্ধন পেতে সময় নিবন্ধক কার্যালয়ের যাচাই, কাগজপত্রের সম্পূর্ণতা এবং আবেদনের চাপের ওপর নির্ভর করে। সঠিক সময় জানতে আবেদন অবস্থা যাচাই করুন বা সংশ্লিষ্ট নিবন্ধক কার্যালয়ে যোগাযোগ করুন।","জন্ম বা মৃত্যু নিবন্ধন সময় নিবন্ধক কার্যালয়ের যাচাই, কাগজপত্রের সম্পূর্ণতা এবং আবেদনের চাপের ওপর নির্ভর করে পাওয়া যায়। সঠিক সময় জানতে আবেদন অবস্থা যাচাই করুন বা সংশ্লিষ্ট নিবন্ধক কার্যালয়ে যোগাযোগ করুন।",False,0.0,0.9851632047477744,0.9508196721311476,0.9508196721311476,0.8813559322033899,0.9508196721311476,0.98157275,0.97536755,0.9784603
birth_death_314,birth_death,মৃত্যু সনদ কত দিনে পাওয়া যায়?,"জন্ম বা মৃত্যু নিবন্ধন পেতে সময় নিবন্ধক কার্যালয়ের যাচাই, কাগজপত্রের সম্পূর্ণতা এবং আবেদনের চাপের ওপর নির্ভর করে। সঠিক সময় জানতে আবেদন অবস্থা যাচাই করুন বা সংশ্লিষ্ট নিবন্ধক কার্যালয়ে যোগাযোগ করুন।",মৃত্যু নিবন্ধন ৪৫ দিন পর থেকে ৫ বছর পর্যন্ত ২৫ টাকা এবং বিদেশে ১ মার্কিন ডলার।,False,0.0,0.3870967741935484,0.13043478260869568,0.13043478260869568,0.045454545454545456,0.13043478260869568,0.6909109,0.6466226,0.66803354
birth_death_315,birth_death,মৃত্যু নিবন্ধন অনুমোদনে কত সময় লাগে?,"জন্ম বা মৃত্যু নিবন্ধন পেতে সময় নিবন্ধক কার্যালয়ের যাচাই, কাগজপত্রের সম্পূর্ণতা এবং আবেদনের চাপের ওপর নির্ভর করে। সঠিক সময় জানতে আবেদন অবস্থা যাচাই করুন বা সংশ্লিষ্ট নিবন্ধক কার্যালয়ে যোগাযোগ করুন।",মৃত্যু নিবন্ধনের ফি ৪৫ দিন পর ৫ বছর পর্যন্ত দেশে ২৫ টাকা এবং বিদেশে ১ মার্কিন ডলার।,False,0.0,0.3715415019762846,0.0851063829787234,0.0851063829787234,0.0,0.0851063829787234,0.685469,0.6465052,0.6654172
birth_death_316,birth_death,আবেদন করার পর সনদ পেতে কতদিন লাগবে?,"জন্ম বা মৃত্যু নিবন্ধন পেতে সময় নিবন্ধক কার্যালয়ের যাচাই, কাগজপত্রের সম্পূর্ণতা এবং আবেদনের চাপের ওপর নির্ভর করে। সঠিক সময় জানতে আবেদন অবস্থা যাচাই করুন বা সংশ্লিষ্ট নিবন্ধক কার্যালয়ে যোগাযোগ করুন।",অনলাইন আবেদন শেষে অফিসে জমা দেওয়ার প্রয়োজন। সঠিক সময় জানতে আবেদন অবস্থা যাচাই করুন বা সংশ্লিষ্ট নিবন্ধক কার্যালয়ে যোগাযোগ করুন।,False,0.0,0.802030456852792,0.5199999999999999,0.5199999999999999,0.5,0.5199999999999999,0.87338793,0.8132677,0.8422563
birth_death_328,birth_death,মৃত্যু নিবন্ধন ফ্রি কখন,মৃত্যুর ৪৫ দিনের মধ্যে মৃত্যু নিবন্ধন করলে ফি লাগে না।,মৃত্যু নিবন্ধন মৃত্যুর ৪৫ দিনের মধ্যে বিনা ফিসে করা যায়।,False,0.0,0.8440366972477064,0.6,0.6,0.4444444444444444,0.4000000000000001,0.8665748,0.8527512,0.85960746
birth_death_022,birth_death,শিশুর জন্ম নিবন্ধনের জন্য কোন তথ্য লাগে?,"শিশুর জন্ম নিবন্ধনের আবেদনে শিশুর নাম, জন্মতারিখ, লিঙ্গ, জন্মস্থানের ঠিকানা, বর্তমান ও স্থায়ী ঠিকানা, পিতা-মাতার তথ্য, আবেদনকারীর তথ্য এবং প্রয়োজনীয় প্রমাণপত্রের তথ্য দিতে হয়।","শিশুর জন্ম নিবন্ধনের জন্য শিশুর নাম, জন্মতারিখ, লিঙ্গ, জন্মস্থানের ঠিকানা, বর্তমান ও স্থায়ী ঠিকানা, পিতা-মাতার তথ্য, আবেদনকারীর তথ্য এবং প্রয়োজনীয় সংযুক্তির তথ্য দিতে হয়।",False,0.0,0.9450549450549451,0.92,0.92,0.8333333333333334,0.92,0.96868443,0.95433664,0.961457
birth_death_023,birth_death,নতুন শিশুর জন্ম সনদ করতে কী কী তথ্য দিতে হয়?,"শিশুর জন্ম নিবন্ধনের আবেদনে শিশুর নাম, জন্মতারিখ, লিঙ্গ, জন্মস্থানের ঠিকানা, বর্তমান ও স্থায়ী ঠিকানা, পিতা-মাতার তথ্য, আবেদনকারীর তথ্য এবং প্রয়োজনীয় প্রমাণপত্রের তথ্য দিতে হয়।","শিশুর জন্ম নিবন্ধনের জন্য শিশুর নাম, জন্মতারিখ, লিঙ্গ, জন্মস্থানের ঠিকানা, বর্তমান ও স্থায়ী ঠিকানা, পিতা-মাতার তথ্য, আবেদনকারীর তথ্য এবং প্রয়োজনীয় সংযুক্তির তথ্য দিতে হয়।",False,0.0,0.9450549450549451,0.92,0.92,0.8333333333333334,0.92,0.96868443,0.95433664,0.961457
birth_death_024,birth_death,বাচ্চার জন্ম নিবন্ধনে কী কী তথ্য পূরণ করতে হয়?,"শিশুর জন্ম নিবন্ধনের আবেদনে শিশুর নাম, জন্মতারিখ, লিঙ্গ, জন্মস্থানের ঠিকানা, বর্তমান ও স্থায়ী ঠিকানা, পিতা-মাতার তথ্য, আবেদনকারীর তথ্য এবং প্রয়োজনীয় প্রমাণপত্রের তথ্য দিতে হয়।","শিশুর জন্ম নিবন্ধনের জন্য শিশুর নাম, জন্মতারিখ, লিঙ্গ, জন্মস্থানের ঠিকানা, বর্তমান ও স্থায়ী ঠিকানা, পিতা-মাতার তথ্য, আবেদনকারীর তথ্য এবং প্রয়োজনীয় সংযুক্তির তথ্য দিতে হয়।",False,0.0,0.9450549450549451,0.92,0.92,0.8333333333333334,0.92,0.96868443,0.95433664,0.961457
birth_death_025,birth_death,জন্ম নিবন্ধন ফরমে শিশুর কোন কোন তথ্য লাগে?,"শিশুর জন্ম নিবন্ধনের আবেদনে শিশুর নাম, জন্মতারিখ, লিঙ্গ, জন্মস্থানের ঠিকানা, বর্তমান ও স্থায়ী ঠিকানা, পিতা-মাতার তথ্য, আবেদনকারীর তথ্য এবং প্রয়োজনীয় প্রমাণপত্রের তথ্য দিতে হয়।","শিশুর জন্ম নিবন্ধনের জন্য শিশুর নাম, জন্মতারিখ, লিঙ্গ, জন্মস্থানের ঠিকানা, বর্তমান ও স্থায়ী ঠিকানা, পিতা-মাতার তথ্য, আবেদনকারীর তথ্য এবং প্রয়োজনীয় সংযুক্তির তথ্য দিতে হয়।",False,0.0,0.9450549450549451,0.92,0.92,0.8333333333333334,0.92,0.96868443,0.95433664,0.961457
birth_death_026,birth_death,নবজাতকের জন্ম নিবন্ধনে কী তথ্য দিতে হয়?,"শিশুর জন্ম নিবন্ধনের আবেদনে শিশুর নাম, জন্মতারিখ, লিঙ্গ, জন্মস্থানের ঠিকানা, বর্তমান ও স্থায়ী ঠিকানা, পিতা-মাতার তথ্য, আবেদনকারীর তথ্য এবং প্রয়োজনীয় প্রমাণপত্রের তথ্য দিতে হয়।","নতুন জন্ম নিবন্ধনের জন্য BDRIS পোর্টালের জন্ম নিবন্ধন আবেদন অপশন ব্যবহার করতে হয়। আবেদন ফরমে জন্মস্থান, বর্তমান ঠিকানা, স্থায়ী ঠিকানা, শিশুর বা ব্যক্তির পরিচয়, জন্মতারিখ, লিঙ্গ, পিতা-মাতার তথ্য, আবেদনকারীর তথ্য এবং প্রয়োজনীয় সংযুক্তির তথ্য দিতে হয়।",False,0.0,0.8538461538461539,0.6129032258064517,0.6129032258064517,0.3666666666666667,0.48387096774193555,0.8554213,0.8907435,0.8727252
birth_death_226,birth_death,জন্ম নিবন্ধন কোন অফিসে করব?,"জন্মস্থান, স্থায়ী ঠিকানা বা বর্তমান ঠিকানা অনুযায়ী সংশ্লিষ্ট ইউনিয়ন পরিষদ, পৌরসভা, সিটি কর্পোরেশন বা ক্যান্টনমেন্ট বোর্ডের নিবন্ধক কার্যালয়ে জন্ম নিবন্ধনের আবেদন জমা দিতে হয়।","জন্ম নিবন্ধনের জন্য জন্মস্থান, স্থায়ী ঠিকানা বা বর্তমান ঠিকানা অনুযায়ী সংশ্লিষ্ট ইউনিয়ন পরিষদ, পৌরসভা, সিটি কর্পোরেশন বা ক্যান্টনমেন্ট বোর্ডের নিবন্ধক কার্যালয়ে জন্ম নিবন্ধনের আবেদন জমা দিতে হয়।",False,0.0,1.0,0.9411764705882353,0.9411764705882353,0.9387755102040816,0.9411764705882353,0.9466575,0.95834017,0.95246303
birth_death_227,birth_death,শিশুর জন্ম সনদ ইউনিয়ন পরিষদে করব নাকি সিটি কর্পোরেশনে?,"জন্মস্থান, স্থায়ী ঠিকানা বা বর্তমান ঠিকানা অনুযায়ী সংশ্লিষ্ট ইউনিয়ন পরিষদ, পৌরসভা, সিটি কর্পোরেশন বা ক্যান্টনমেন্ট বোর্ডের নিবন্ধক কার্যালয়ে জন্ম নিবন্ধনের আবেদন জমা দিতে হয়।",শিশুর জন্ম নিবন্ধন সংশোধন বা পুনরায় করা না হলে ইউনিয়ন পরিষদে করতে হয়।,False,0.0,0.46610169491525427,0.21621621621621623,0.21621621621621623,0.0,0.16216216216216217,0.7797865,0.69847,0.7368917
birth_death_228,birth_death,জন্ম সনদের জন্য কোন নিবন্ধক কার্যালয়ে যাব?,"জন্মস্থান, স্থায়ী ঠিকানা বা বর্তমান ঠিকানা অনুযায়ী সংশ্লিষ্ট ইউনিয়ন পরিষদ, পৌরসভা, সিটি কর্পোরেশন বা ক্যান্টনমেন্ট বোর্ডের নিবন্ধক কার্যালয়ে জন্ম নিবন্ধনের আবেদন জমা দিতে হয়।","জন্ম নিবন্ধনের জন্য সংশ্লিষ্ট ইউনিয়ন পরিষদ, পৌরসভা, সিটি কর্পোরেশন বা ক্যান্টনমেন্ট বোর্ডের নিবন্ধক কার্যালয়ে জমা দিতে হয়।",False,0.0,0.9790794979079497,0.7804878048780487,0.7804878048780487,0.6666666666666667,0.6829268292682927,0.94958836,0.89325917,0.92056286
birth_death_229,birth_death,আমার জন্ম সনদের আবেদন কোথায় জমা দেব?,"জন্মস্থান, স্থায়ী ঠিকানা বা বর্তমান ঠিকানা অনুযায়ী সংশ্লিষ্ট ইউনিয়ন পরিষদ, পৌরসভা, সিটি কর্পোরেশন বা ক্যান্টনমেন্ট বোর্ডের নিবন্ধক কার্যালয়ে জন্ম নিবন্ধনের আবেদন জমা দিতে হয়।","জন্ম নিবন্ধনের আবেদন অনলাইনে করা হয়, পরে প্রিন্ট করে সংশ্লিষ্ট নিবন্ধক কার্যালয়ে জমা দিতে হয়।",False,0.0,0.8157894736842105,0.4615384615384615,0.4615384615384615,0.27027027027027023,0.3076923076923077,0.82528937,0.7481063,0.7848047
birth_death_230,birth_death,গ্রামে জন্ম নিবন্ধন কোথায় করব?,"জন্মস্থান, স্থায়ী ঠিকানা বা বর্তমান ঠিকানা অনুযায়ী সংশ্লিষ্ট ইউনিয়ন পরিষদ, পৌরসভা, সিটি কর্পোরেশন বা ক্যান্টনমেন্ট বোর্ডের নিবন্ধক কার্যালয়ে জন্ম নিবন্ধনের আবেদন জমা দিতে হয়।","গ্রামে জন্ম হলেও জন্ম নিবন্ধন করা যায়। এ ক্ষেত্রে স্থানীয় স্বাস্থ্যকর্মী, পরিবার কল্যাণ কর্মী, ইউনিয়ন পরিষদ বা সংশ্লিষ্ট কর্তৃপক্ষের প্রত্যয়ন, টিকা কার্ড বা গ্রহণযোগ্য জন্ম-প্রমাণপত্র জমা দিতে হতে পারে।",False,0.0,0.5722379603399433,0.2962962962962963,0.2962962962962963,0.07692307692307693,0.22222222222222224,0.74642944,0.7603398,0.7533204
birth_death_058,birth_death,হাসপাতালে মৃত্যু না হলে মৃত্যু নিবন্ধন করা যাবে?,"হাসপাতালের বাইরে মৃত্যু হলেও মৃত্যু নিবন্ধন করা যায়। এ ক্ষেত্রে স্থানীয় প্রতিনিধি, স্বাস্থ্যকর্মী, চিকিৎসক, দাফন বা সৎকার কর্তৃপক্ষ, অথবা নিবন্ধক কার্যালয় গ্রহণ করে এমন প্রমাণপত্র লাগতে পারে।","হাসপাতালে মৃত্যু হলেও মৃত্যু নিবন্ধন করা যায়। এ ক্ষেত্রে স্থানীয় প্রতিনিধি, স্বাস্থ্যকর্মী, চিকিৎসক, দাফন বা সৎকার কর্তৃপক্ষ, ইউনিয়ন পরিষদ, পৌরসভা বা নিবন্ধক কার্যালয় গ্রহণ করে এমন প্রমাণপত্র লাগতে পারে।",False,0.0,0.9352941176470588,0.8571428571428572,0.8571428571428572,0.8148148148148148,0.8571428571428572,0.96314275,0.9697348,0.96642756
birth_death_059,birth_death,বাড়িতে মৃত্যু হলে মৃত্যু সনদ কীভাবে করব?,"হাসপাতালের বাইরে মৃত্যু হলেও মৃত্যু নিবন্ধন করা যায়। এ ক্ষেত্রে স্থানীয় প্রতিনিধি, স্বাস্থ্যকর্মী, চিকিৎসক, দাফন বা সৎকার কর্তৃপক্ষ, অথবা নিবন্ধক কার্যালয় গ্রহণ করে এমন প্রমাণপত্র লাগতে পারে।","মৃত্যু হলে স্থানীয় প্রতিনিধি, স্বাস্থ্যকর্মী, চিকিৎসক, দাফন বা সৎকার কর্তৃপক্ষ, ইউনিয়ন পরিষদ, পৌরসভা বা নিবন্ধক কার্যালয় গ্রহণ করে মৃত্যু নিবন্ধনের জন্য প্রমাণপত্র লাগতে পারে। মৃত্যুর সময় বসবাসের ঠিকানা হলেও মৃত্যু নিবন্ধন করা যায়।",False,0.0,0.8861538461538462,0.7000000000000001,0.7000000000000001,0.5517241379310345,0.5333333333333333,0.8784423,0.8803026,0.87937146
birth_death_060,birth_death,মৃত্যু হাসপাতালের বাইরে হলে কোন কাগজ লাগবে?,"হাসপাতালের বাইরে মৃত্যু হলেও মৃত্যু নিবন্ধন করা যায়। এ ক্ষেত্রে স্থানীয় প্রতিনিধি, স্বাস্থ্যকর্মী, চিকিৎসক, দাফন বা সৎকার কর্তৃপক্ষ, অথবা নিবন্ধক কার্যালয় গ্রহণ করে এমন প্রমাণপত্র লাগতে পারে।","হাসপাতালে মৃত্যু হলেও মৃত্যু নিবন্ধন করা যায়। এ ক্ষেত্রে স্থানীয় প্রতিনিধি, স্বাস্থ্যকর্মী, চিকিৎসক, দাফন বা সৎকার কর্তৃপক্ষ, ইউনিয়ন পরিষদ, পৌরসভা বা নিবন্ধক কার্যালয় গ্রহণ করে এমন প্রমাণপত্র লাগতে পারে।",False,0.0,0.9352941176470588,0.8571428571428572,0.8571428571428572,0.8148148148148148,0.8571428571428572,0.96314275,0.9697348,0.96642756
birth_death_061,birth_death,বাড়িতে মারা গেলে মৃত্যুর প্রমাণ কীভাবে দেব?,"হাসপাতালের বাইরে মৃত্যু হলেও মৃত্যু নিবন্ধন করা যায়। এ ক্ষেত্রে স্থানীয় প্রতিনিধি, স্বাস্থ্যকর্মী, চিকিৎসক, দাফন বা সৎকার কর্তৃপক্ষ, অথবা নিবন্ধক কার্যালয় গ্রহণ করে এমন প্রমাণপত্র লাগতে পারে।","মৃত্যু নিবন্ধনের জন্য মৃত্যুর প্রমাণপত্র, হাসপাতাল বা চিকিৎসকের সনদ, দাফন বা সৎকার-সংক্রান্ত তথ্য, মৃত ব্যক্তির পরিচয়সংক্রান্ত কাগজ, মৃত ব্যক্তির জন্ম নিবন্ধন বা NID প্রযোজ্য ক্ষেত্রে, এবং আবেদনকারীর পরিচয় বা সম্পর্কের প্রমাণ লাগতে পারে।",False,0.0,0.596938775510204,0.29508196721311475,0.29508196721311475,0.1016949152542373,0.19672131147540983,0.79164183,0.8085723,0.8000175
birth_death_062,birth_death,ডাক্তার ছাড়া বাড়িতে মৃত্যু হলে সনদ হবে কি?,"হাসপাতালের বাইরে মৃত্যু হলেও মৃত্যু নিবন্ধন করা যায়। এ ক্ষেত্রে স্থানীয় প্রতিনিধি, স্বাস্থ্যকর্মী, চিকিৎসক, দাফন বা সৎকার কর্তৃপক্ষ, অথবা নিবন্ধক কার্যালয় গ্রহণ করে এমন প্রমাণপত্র লাগতে পারে।","হাসপাতালে মৃত্যু হলে হাসপাতাল কর্তৃপক্ষের মৃত্যু সনদ, চিকিৎসকের সনদ, রোগী বা মৃত ব্যক্তির পরিচয়পত্র এবং দাফন বা সৎকারের তথ্য ব্যবহার করা যেতে পারে। হাসপাতাল নথি থাকলে মৃত্যু ঘটনার তারিখ, স্থান ও কারণ যাচাই সহজ হয়।",False,0.0,0.5706371191135734,0.1935483870967742,0.1935483870967742,0.03333333333333333,0.16129032258064516,0.7901045,0.7877922,0.7889467
birth_death_295,birth_death,মৃত্যু সনদে মৃত্যুস্থানের ঠিকানা ভুল হলে কী করব?,মৃত্যু নিবন্ধনে মৃত্যুস্থানের ঠিকানা বা মৃত্যুর সময় বসবাসের ঠিকানা ভুল হলে মৃত্যু নিবন্ধন তথ্য সংশোধন আবেদন করতে হয়। সঠিক ঠিকানার প্রমাণপত্র সংযুক্ত করা প্রয়োজন হতে পারে।,মৃত্যু নিবন্ধনে মৃত্যুস্থানের ঠিকানা ভুল হলে মৃত্যু নিবন্ধন তথ্য সংশোধন আবেদন করতে হয়। সঠিক ঠিকানার প্রমাণপত্র সংযুক্ত করা প্রয়োজন হতে পারে।,False,0.0,1.0,0.8936170212765957,0.8936170212765957,0.888888888888889,0.8936170212765957,0.97418344,0.9442397,0.9589778
birth_death_296,birth_death,মৃত্যুর সময়ের বসবাসের ঠিকানা সংশোধন করা যাবে?,মৃত্যু নিবন্ধনে মৃত্যুস্থানের ঠিকানা বা মৃত্যুর সময় বসবাসের ঠিকানা ভুল হলে মৃত্যু নিবন্ধন তথ্য সংশোধন আবেদন করতে হয়। সঠিক ঠিকানার প্রমাণপত্র সংযুক্ত করা প্রয়োজন হতে পারে।,মৃত্যু নিবন্ধনে মৃত্যুর সময় বসবাসের ঠিকানা ভুল হলে মৃত্যু নিবন্ধন তথ্য সংশোধন আবেদন করতে হয়। সঠিক ঠিকানার প্রমাণপত্র সংযুক্ত করা প্রয়োজন হতে পারে।,False,0.0,1.0,0.9387755102040816,0.9387755102040816,0.8936170212765958,0.9387755102040816,0.9753021,0.95630014,0.96570766
birth_death_297,birth_death,"মৃত্যু নিবন্ধনে ঠিকানা ভুল, কীভাবে ঠিক করব?",মৃত্যু নিবন্ধনে মৃত্যুস্থানের ঠিকানা বা মৃত্যুর সময় বসবাসের ঠিকানা ভুল হলে মৃত্যু নিবন্ধন তথ্য সংশোধন আবেদন করতে হয়। সঠিক ঠিকানার প্রমাণপত্র সংযুক্ত করা প্রয়োজন হতে পারে।,মৃত্যু নিবন্ধনে মৃত্যুস্থানের ঠিকানা ভুল হলে মৃত্যু নিবন্ধন তথ্য সংশোধন আবেদন করতে হয়। সঠিক ঠিকানার প্রমাণপত্র সংযুক্ত করা প্রয়োজন হতে পারে।,False,0.0,1.0,0.8936170212765957,0.8936170212765957,0.888888888888889,0.8936170212765957,0.97418344,0.9442397,0.9589778
birth_death_298,birth_death,মৃত্যু সনদের ঠিকানা সংশোধনের জন্য কী লাগবে?,মৃত্যু নিবন্ধনে মৃত্যুস্থানের ঠিকানা বা মৃত্যুর সময় বসবাসের ঠিকানা ভুল হলে মৃত্যু নিবন্ধন তথ্য সংশোধন আবেদন করতে হয়। সঠিক ঠিকানার প্রমাণপত্র সংযুক্ত করা প্রয়োজন হতে পারে।,"মৃত্যু নিবন্ধনে মৃত্যুর তারিখ, মৃত্যুর কারণ, স্বামী বা স্ত্রীর বাংলা ও ইংরেজি নাম, স্বামী বা স্ত্রীর জন্ম নিবন্ধন নম্বর, স্বামী বা স্ত্রীর জাতীয় পরিচয়পত্র নম্বর, মৃত্যুস্থানের ঠিকানা এবং মৃত্যুর সময় বসবাসের ঠিকানার মতো তথ্য সংশোধনের আবেদন করা যায়।",False,0.0,0.7338709677419355,0.40625000000000006,0.40625000000000006,0.12903225806451613,0.3125,0.7713488,0.81389844,0.79205257
birth_death_069,birth_death,মৃত্যু নিবন্ধন যাচাই করব কীভাবে?,মৃত্যু নিবন্ধন যাচাই করতে eVerify পেজে ১৭ অংকের মৃত্যু নিবন্ধন নম্বর এবং মৃত্যুর তারিখ দিতে হয়। সঠিক তথ্য দিলে অনলাইনে মৃত্যু নিবন্ধনের তথ্য যাচাই করা যায়।,মৃত্যু নিবন্ধন যাচাই করতে eVerify পেজে ১৭ অংকের মৃত্যু নিবন্ধন নম্বর এবং মৃত্যুর তারিখ দিতে হয়। সঠিক তথ্য দিলে অনলাইনে মৃত্যু নিবন্ধনের তথ্য যাচাই করা যায়।,False,1.0,1.0,1.0,1.0,1.0,1.0,1.0,1.0,1.0
birth_death_070,birth_death,মৃত্যু সনদ অনলাইনে চেক করার নিয়ম কী?,মৃত্যু নিবন্ধন যাচাই করতে eVerify পেজে ১৭ অংকের মৃত্যু নিবন্ধন নম্বর এবং মৃত্যুর তারিখ দিতে হয়। সঠিক তথ্য দিলে অনলাইনে মৃত্যু নিবন্ধনের তথ্য যাচাই করা যায়।,মৃত্যু নিবন্ধন যাচাই করতে eVerify পেজে ১৭ অংকের মৃত্যু নিবন্ধন নম্বর এবং মৃত্যুর তারিখ দিতে হয়। সঠিক তথ্য দিলে অনলাইনে মৃত্যু নিবন্ধনের তথ্য যাচাই করা যায়।,False,1.0,1.0,1.0,1.0,1.0,1.0,1.0,1.0,1.0
birth_death_071,birth_death,মৃত্যু নিবন্ধন নম্বর দিয়ে তথ্য দেখা যায়?,মৃত্যু নিবন্ধন যাচাই করতে eVerify পেজে ১৭ অংকের মৃত্যু নিবন্ধন নম্বর এবং মৃত্যুর তারিখ দিতে হয়। সঠিক তথ্য দিলে অনলাইনে মৃত্যু নিবন্ধনের তথ্য যাচাই করা যায়।,"হ্যাঁ, মৃত্যু নিবন্ধন নম্বর দিয়ে তথ্য দেখা যায়।",False,0.0,0.7792207792207791,0.29411764705882354,0.29411764705882354,0.125,0.29411764705882354,0.7941036,0.7218532,0.75625664
birth_death_072,birth_death,মৃত্যু সনদ সত্যি কিনা যাচাই কীভাবে করব?,মৃত্যু নিবন্ধন যাচাই করতে eVerify পেজে ১৭ অংকের মৃত্যু নিবন্ধন নম্বর এবং মৃত্যুর তারিখ দিতে হয়। সঠিক তথ্য দিলে অনলাইনে মৃত্যু নিবন্ধনের তথ্য যাচাই করা যায়।,মৃত্যু নিবন্ধন যাচাই করতে eVerify পেজে ১৭ অংকের মৃত্যু নিবন্ধন নম্বর এবং মৃত্যুর তারিখ দিতে হয়। সঠিক তথ্য দিলে অনলাইনে মৃত্যু নিবন্ধনের তথ্য যাচাই করা যায়।,False,1.0,1.0,1.0,1.0,1.0,1.0,1.0,1.0,1.0
birth_death_073,birth_death,মৃত্যু নিবন্ধন ভেরিফাই করতে কী লাগে?,মৃত্যু নিবন্ধন যাচাই করতে eVerify পেজে ১৭ অংকের মৃত্যু নিবন্ধন নম্বর এবং মৃত্যুর তারিখ দিতে হয়। সঠিক তথ্য দিলে অনলাইনে মৃত্যু নিবন্ধনের তথ্য যাচাই করা যায়।,"মৃত্যু নিবন্ধনের জন্য মৃত্যুর প্রমাণপত্র, হাসপাতাল বা চিকিৎসকের সনদ, দাফন বা সৎকার-সংক্রান্ত তথ্য, মৃত ব্যক্তির পরিচয়সংক্রান্ত কাগজ, মৃত ব্যক্তির জন্ম নিবন্ধন বা NID প্রযোজ্য ক্ষেত্রে, এবং আবেদনকারীর পরিচয় বা সম্পর্কের প্রমাণ লাগতে পারে।",False,0.0,0.5030674846625767,0.20000000000000004,0.20000000000000004,0.03448275862068965,0.10000000000000002,0.6868372,0.7324394,0.70890564
birth_death_074,birth_death,মৃত্যু নিবন্ধন তথ্য অনুসন্ধান কীভাবে করব?,মৃত্যু নিবন্ধন যাচাই করতে eVerify পেজে ১৭ অংকের মৃত্যু নিবন্ধন নম্বর এবং মৃত্যুর তারিখ দিতে হয়। সঠিক তথ্য দিলে অনলাইনে মৃত্যু নিবন্ধনের তথ্য যাচাই করা যায়।,"মৃত্যু নিবন্ধনের জন্য BDRIS পোর্টালের মৃত্যু নিবন্ধন আবেদন অপশন ব্যবহার করতে হয়। আবেদনে মৃত ব্যক্তির পরিচয়, মৃত্যুর তারিখ, মৃত্যুর স্থান, মৃত্যুর কারণ, মৃত্যুর সময় বসবাসের ঠিকানা, স্বামী বা স্ত্রীর তথ্য এবং আবেদনকারীর তথ্য দিতে হয়। আবেদন শেষে প্রয়োজনীয় কাগজপত্রসহ সংশ্লিষ্ট নিবন্ধক কার্যালয়ে জমা দিতে হয়।",False,0.0,0.6666666666666665,0.3380281690140845,0.3380281690140845,0.11594202898550725,0.19718309859154928,0.738471,0.76972324,0.75377333
birth_death_322,birth_death,মৃত্যু সনদ চেক,মৃত্যু নিবন্ধন যাচাই করতে eVerify পেজে ১৭ অংকের মৃত্যু নিবন্ধন নম্বর এবং মৃত্যুর তারিখ দিতে হয়। সঠিক তথ্য দিলে অনলাইনে মৃত্যু নিবন্ধনের তথ্য যাচাই করা যায়।,"মৃত্যু নিবন্ধন সনদ মৃত্যু নিবন্ধন সনদ হিসেবে ব্যবহৃত হয়। মৃত্যু নিবন্ধন সনদ সরকারি প্রমাণ হিসেবে মৃত্যু নিবন্ধনের পরিচয়, উত্তরাধিকার, সম্পত্তি, ব্যাংক হিসাব, পেনশন, বীমা, পারিবারিক আইনগত কাজ, প্রশাসনিক রেকর্ড এবং সরকারি সেবা বন্ধ বা স্থানান্তরের কাজে প্রয়োজন হতে পারে। মৃত্যু নিবন্ধন সনদ হারিয়ে গেলে BDRIS পোর্টালের মৃত্যু নিবন্ধন সনদ পুনঃমুদ্রণ অপশন ব্যবহার করে আবেদন করতে হয় এবং নিবন্ধক কার্যালয় থেকে কপি সংগ্রহ করতে হয়।",False,0.0,0.46540880503144655,0.2,0.2,0.06818181818181818,0.15555555555555556,0.7103354,0.7465989,0.72801584
birth_death_090,birth_death,মৃত্যু নিবন্ধন আবেদনের অবস্থা কীভাবে দেখব?,BDRIS পোর্টালে মৃত্যু নিবন্ধন আবেদনের বর্তমান অবস্থা অপশন ব্যবহার করে আবেদন নম্বর বা প্রয়োজনীয় তথ্য দিয়ে আবেদনের অগ্রগতি দেখা যায়।,মৃত্যু নিবন্ধন আবেদনের অবস্থা দেখা যায় BDRIS পোর্টালের মৃত্যু নিবন্ধন আবেদনের বর্তমান অবস্থা অপশন ব্যবহার করে আবেদন নম্বর বা প্রয়োজনীয় তথ্য দিয়ে।,False,0.0,0.9629629629629629,0.8571428571428572,0.8571428571428572,0.7,0.7142857142857143,0.91852766,0.9013569,0.90986127
birth_death_091,birth_death,মৃত্যু সনদের আবেদন স্ট্যাটাস চেক করব কীভাবে?,BDRIS পোর্টালে মৃত্যু নিবন্ধন আবেদনের বর্তমান অবস্থা অপশন ব্যবহার করে আবেদন নম্বর বা প্রয়োজনীয় তথ্য দিয়ে আবেদনের অগ্রগতি দেখা যায়।,মৃত্যু নিবন্ধন আবেদনের অগ্রগতি দেখালেও সংশ্লিষ্ট নিবন্ধক কার্যালয়ে যোগাযোগ করা যেতে পারে।,False,0.0,0.5514018691588786,0.25,0.25,0.19999999999999998,0.25,0.8127521,0.80193406,0.8073068
birth_death_092,birth_death,মৃত্যু নিবন্ধনের বর্তমান অবস্থা কোথায় দেখা যায়?,BDRIS পোর্টালে মৃত্যু নিবন্ধন আবেদনের বর্তমান অবস্থা অপশন ব্যবহার করে আবেদন নম্বর বা প্রয়োজনীয় তথ্য দিয়ে আবেদনের অগ্রগতি দেখা যায়।,মৃত্যু নিবন্ধনের বর্তমান অবস্থা দেখা যায় BDRIS পোর্টালের মৃত্যু নিবন্ধন আবেদনের বর্তমান অবস্থা অপশন ব্যবহার করে আবেদন নম্বর বা প্রয়োজনীয় তথ্য দিয়ে আবেদনের অগ্রগতি দেখা যায়।,False,0.0,0.9626556016597511,0.8260869565217392,0.8260869565217392,0.7727272727272727,0.8260869565217392,0.9224342,0.9380467,0.93017495
birth_death_093,birth_death,মৃত্যু নিবন্ধন আবেদন প্রক্রিয়াধীন কিনা জানব কীভাবে?,BDRIS পোর্টালে মৃত্যু নিবন্ধন আবেদনের বর্তমান অবস্থা অপশন ব্যবহার করে আবেদন নম্বর বা প্রয়োজনীয় তথ্য দিয়ে আবেদনের অগ্রগতি দেখা যায়।,মৃত্যু নিবন্ধন আবেদন প্রক্রিয়াধীন হয়। BDRIS পোর্টালে মৃত্যু নিবন্ধন আবেদনের বর্তমান অবস্থা দেখা যায়। আবেদন শেষে সংশ্লিষ্ট নিবন্ধক কার্যালয়ে জমা দিতে হয়।,False,0.0,0.7165354330708661,0.47619047619047616,0.47619047619047616,0.35,0.4285714285714286,0.84875363,0.83877033,0.8437324
birth_death_094,birth_death,মৃত্যু সনদ আবেদন অনুমোদন হয়েছে কিনা কীভাবে দেখব?,BDRIS পোর্টালে মৃত্যু নিবন্ধন আবেদনের বর্তমান অবস্থা অপশন ব্যবহার করে আবেদন নম্বর বা প্রয়োজনীয় তথ্য দিয়ে আবেদনের অগ্রগতি দেখা যায়।,মৃত্যু নিবন্ধনের আবেদন অনুমোদন হয়েছে কিনা তা বেআইনি যাচাই করতে BDRIS পোর্টালের মৃত্যু নিবন্ধন আবেদনের বর্তমান অবস্থা অপশন ব্যবহার করে আবেদন নম্বর বা প্রয়োজনীয় তথ্য দিয়ে আবেদনের অগ্রগতি দেখা যায়।,False,0.0,0.9626556016597511,0.7599999999999999,0.7599999999999999,0.7083333333333333,0.7599999999999999,0.85870767,0.92814237,0.89207596
birth_death_148,birth_death,সংশোধনের আবেদন করতে ওটিপি লাগে?,জন্ম বা মৃত্যু নিবন্ধনের সংশোধন আবেদন জমা দিতে আবেদনকারীর ফোন নম্বর বা যোগাযোগের তথ্য দিতে হয় এবং ওটিপি যাচাই লাগতে পারে। ওটিপি সঠিকভাবে প্রদান করলে আবেদন সাবমিট করা যায়।,সংশোধনের আবেদন করতে ওটিপি লাগে।,False,0.0,0.5365853658536586,0.1176470588235294,0.1176470588235294,0.0,0.1176470588235294,0.8244869,0.7057959,0.7605385
birth_death_149,birth_death,জন্ম নিবন্ধন সংশোধনে মোবাইল নম্বর কেন লাগে?,জন্ম বা মৃত্যু নিবন্ধনের সংশোধন আবেদন জমা দিতে আবেদনকারীর ফোন নম্বর বা যোগাযোগের তথ্য দিতে হয় এবং ওটিপি যাচাই লাগতে পারে। ওটিপি সঠিকভাবে প্রদান করলে আবেদন সাবমিট করা যায়।,জন্ম নিবন্ধনের সময় ব্যবহৃত মোবাইল নম্বর আপডেট বা পরিবর্তনের জন্য সংশোধন আবেদন করতে হয়।,False,0.0,0.6299212598425197,0.32558139534883723,0.32558139534883723,0.04878048780487805,0.23255813953488377,0.798056,0.74158347,0.76878405
birth_death_150,birth_death,মৃত্যু নিবন্ধন সংশোধনে ফোন নম্বর দিতে হয়?,জন্ম বা মৃত্যু নিবন্ধনের সংশোধন আবেদন জমা দিতে আবেদনকারীর ফোন নম্বর বা যোগাযোগের তথ্য দিতে হয় এবং ওটিপি যাচাই লাগতে পারে। ওটিপি সঠিকভাবে প্রদান করলে আবেদন সাবমিট করা যায়।,সংশোধনের আবেদনে আবেদনকারীর ফোন নম্বর দিতে হয়।,False,0.0,0.7837837837837839,0.2777777777777778,0.2777777777777778,0.17647058823529413,0.2777777777777778,0.8557492,0.7327513,0.7894884
birth_death_151,birth_death,ওটিপি ছাড়া সংশোধন আবেদন করা যাবে?,জন্ম বা মৃত্যু নিবন্ধনের সংশোধন আবেদন জমা দিতে আবেদনকারীর ফোন নম্বর বা যোগাযোগের তথ্য দিতে হয় এবং ওটিপি যাচাই লাগতে পারে। ওটিপি সঠিকভাবে প্রদান করলে আবেদন সাবমিট করা যায়।,সংশোধন আবেদন জমা দিতে ওটিপি লাগে।,False,0.0,0.9152542372881356,0.28571428571428575,0.28571428571428575,0.18181818181818182,0.28571428571428575,0.8446149,0.73100364,0.7837133
birth_death_152,birth_death,সংশোধন আবেদনে ফোনে কোড আসে কেন?,জন্ম বা মৃত্যু নিবন্ধনের সংশোধন আবেদন জমা দিতে আবেদনকারীর ফোন নম্বর বা যোগাযোগের তথ্য দিতে হয় এবং ওটিপি যাচাই লাগতে পারে। ওটিপি সঠিকভাবে প্রদান করলে আবেদন সাবমিট করা যায়।,সংশোধন আবেদনে ফোনে কোড আসে কেন? জন্ম বা মৃত্যু নিবন্ধনের সংশোধন আবেদন জমা দেওয়ার সময় আবেদনকারীর ফোন নম্বরে OTP পাঠানো হতে পারে।,False,0.0,0.6740331491712707,0.39215686274509803,0.39215686274509803,0.28571428571428575,0.39215686274509803,0.8229947,0.78615206,0.8041516
birth_death_163,birth_death,BDRIS লগইনে বারবার ভুল পাসওয়ার্ড দিলে কী হয়?,BDRIS লগইনে ৩ বার ইউজারনেম ও পাসওয়ার্ড ভুল দিলে আইডি ৩০ মিনিটের জন্য স্থগিত হতে পারে। ৩০ মিনিট পর সঠিক পাসওয়ার্ড দিয়ে আবার চেষ্টা করতে হবে।,"শিরোনাম: BDRIS লগইনে বারবার ভুল পাসওয়ার্ড দিলে কী হয়?

সরাসরি উত্তর: বারবার ৩ বার ইউজারনেম ও পাসওয়ার্ড ভুল দিলে আইডি ৩০ মিনিটের জন্য স্থগিত হতে পারে। ৩০ মিনিট পর সঠিক পাসওয়ার্ড দিয়ে আবার চেষ্টা করতে হবে।",False,0.0,1.0,0.8387096774193548,0.8387096774193548,0.7999999999999999,0.8387096774193548,0.8524207,0.9266406,0.8879825
birth_death_164,birth_death,বিডিআরআইএস আইডি লক হয়ে গেলে কী করব?,BDRIS লগইনে ৩ বার ইউজারনেম ও পাসওয়ার্ড ভুল দিলে আইডি ৩০ মিনিটের জন্য স্থগিত হতে পারে। ৩০ মিনিট পর সঠিক পাসওয়ার্ড দিয়ে আবার চেষ্টা করতে হবে।,বিডিআরআইএস আইডি লক হয়ে গেলে ৩০ মিনিট পর আবার চেষ্টা করতে হবে।,False,0.0,0.7551020408163265,0.42105263157894735,0.42105263157894735,0.2777777777777778,0.42105263157894735,0.7985021,0.76189005,0.7797665
birth_death_165,birth_death,তিনবার ভুল পাসওয়ার্ড দিলে কী সমস্যা হয়?,BDRIS লগইনে ৩ বার ইউজারনেম ও পাসওয়ার্ড ভুল দিলে আইডি ৩০ মিনিটের জন্য স্থগিত হতে পারে। ৩০ মিনিট পর সঠিক পাসওয়ার্ড দিয়ে আবার চেষ্টা করতে হবে।,"শিরোনাম: BDRIS লগইনে বারবার ভুল পাসওয়ার্ড দিলে কী হয়?
বাংলা সংশোধন: তিনবার ভুল পাসওয়ার্ড দিলে আইডি ৩০ মিনিটের মধ্যে স্থগিত হতে পারে। ৩০ মিনিট পর সঠিক পাসওয়ার্ড দিয়ে আবার চেষ্টা করতে হবে।",False,0.0,0.9043478260869565,0.7241379310344829,0.7241379310344829,0.5714285714285714,0.7241379310344829,0.8399395,0.88341206,0.8611275
birth_death_166,birth_death,লগইন আইডি স্থগিত হলে কতক্ষণ অপেক্ষা করব?,BDRIS লগইনে ৩ বার ইউজারনেম ও পাসওয়ার্ড ভুল দিলে আইডি ৩০ মিনিটের জন্য স্থগিত হতে পারে। ৩০ মিনিট পর সঠিক পাসওয়ার্ড দিয়ে আবার চেষ্টা করতে হবে।,"শিরোনাম: BDRIS লগইনে বারবার ভুল পাসওয়ার্ড দিলে কী হয়? শিরোনাম: BDRIS লগইনে বারবার ভুল পাসওয়ার্ড দিলে কী হয়?
তথ্য: BDRIS লগইনে ৩ বার ইউজারনেম ও পাসওয়ার্ড ভুল দিলে আইডি ৩০ মিনিটের জন্য স্থগিত হতে পারে। ৩০ মিনিট পর সঠিক পাসওয়ার্ড দিয়ে আবার চেষ্টা করতে হবে।",False,0.0,1.0,0.732394366197183,0.732394366197183,0.7246376811594203,0.732394366197183,0.8079544,0.92177284,0.86111885
birth_death_167,birth_death,BDRIS আইডি ৩০ মিনিট লক কেন দেখায়?,BDRIS লগইনে ৩ বার ইউজারনেম ও পাসওয়ার্ড ভুল দিলে আইডি ৩০ মিনিটের জন্য স্থগিত হতে পারে। ৩০ মিনিট পর সঠিক পাসওয়ার্ড দিয়ে আবার চেষ্টা করতে হবে।,"শিরোনাম: BDRIS লগইনে বারবার ভুল পাসওয়ার্ড দিলে কী হয়? শিরোনাম: BDRIS লগইনে বারবার ভুল পাসওয়ার্ড দিলে কী হয়?
তথ্য: BDRIS লগইনে ৩ বার ইউজারনেম ও পাসওয়ার্ড ভুল দিলে আইডি ৩০ মিনিটের জন্য স্থগিত হতে পারে। ৩০ মিনিট পর সঠিক পাসওয়ার্ড দিয়ে আবার চেষ্টা করতে হবে।",False,0.0,1.0,0.732394366197183,0.732394366197183,0.7246376811594203,0.732394366197183,0.8079544,0.92177284,0.86111885
birth_death_183,birth_death,কারা জন্ম-মৃত্যু নিবন্ধনের নিবন্ধক?,"সিটি কর্পোরেশন, পৌরসভা, ইউনিয়ন পরিষদ, ক্যান্টনমেন্ট বোর্ড এবং বিদেশে বাংলাদেশ মিশনের ক্ষমতাপ্রাপ্ত কর্মকর্তা জন্ম ও মৃত্যু নিবন্ধনের নিবন্ধক হিসেবে কাজ করেন। সাধারণত জন্মস্থান, মৃত্যুর স্থান বা স্থায়ী বা বর্তমান ঠিকানা অনুযায়ী সংশ্লিষ্ট নিবন্ধক কার্যালয়ে আবেদন করতে হয়।","সিটি কর্পোরেশন, পৌরসভা, ইউনিয়ন পরিষদ, ক্যান্টনমেন্ট বোর্ড এবং বিদেশে বাংলাদেশ মিশনের ক্ষমতাপ্রাপ্ত কর্মকর্তা জন্ম ও মৃত্যু নিবন্ধনের নিবন্ধক হিসেবে কাজ করেন।",False,0.0,1.0,0.7241379310344828,0.7241379310344828,0.7142857142857143,0.7241379310344828,0.9536155,0.8830202,0.91696113
birth_death_184,birth_death,জন্ম নিবন্ধন অফিস কোনটা?,"সিটি কর্পোরেশন, পৌরসভা, ইউনিয়ন পরিষদ, ক্যান্টনমেন্ট বোর্ড এবং বিদেশে বাংলাদেশ মিশনের ক্ষমতাপ্রাপ্ত কর্মকর্তা জন্ম ও মৃত্যু নিবন্ধনের নিবন্ধক হিসেবে কাজ করেন। সাধারণত জন্মস্থান, মৃত্যুর স্থান বা স্থায়ী বা বর্তমান ঠিকানা অনুযায়ী সংশ্লিষ্ট নিবন্ধক কার্যালয়ে আবেদন করতে হয়।","জন্ম নিবন্ধন সংশোধন বা তথ্য পরিবর্তনের জন্য সংশ্লিষ্ট ইউনিয়ন পরিষদ, পৌরসভা, সিটি কর্পোরেশন বা ক্যান্টনমেন্ট বোর্ডে গিয়ে আবেদনপত্র, স্থায়ী ঠিকানার প্রমাণ, বর্তমান ঠিকানার প্রমাণ এবং প্রয়োজনীয় কাগজপত্র জমা দিতে হয়।",False,0.0,0.6637168141592921,0.417910447761194,0.417910447761194,0.061538461538461535,0.1791044776119403,0.79290605,0.77549624,0.78410447
birth_death_185,birth_death,মৃত্যু নিবন্ধন কোথায় করতে হয়?,"সিটি কর্পোরেশন, পৌরসভা, ইউনিয়ন পরিষদ, ক্যান্টনমেন্ট বোর্ড এবং বিদেশে বাংলাদেশ মিশনের ক্ষমতাপ্রাপ্ত কর্মকর্তা জন্ম ও মৃত্যু নিবন্ধনের নিবন্ধক হিসেবে কাজ করেন। সাধারণত জন্মস্থান, মৃত্যুর স্থান বা স্থায়ী বা বর্তমান ঠিকানা অনুযায়ী সংশ্লিষ্ট নিবন্ধক কার্যালয়ে আবেদন করতে হয়।","মৃত্যু নিবন্ধন মৃত্যুর স্থান, মৃত ব্যক্তির স্থায়ী ঠিকানা বা মৃত্যুর সময় বসবাসের ঠিকানা অনুযায়ী সংশ্লিষ্ট ইউনিয়ন পরিষদ, পৌরসভা, সিটি কর্পোরেশন বা ক্যান্টনমেন্ট বোর্ডের নিবন্ধক কার্যালয়ে করা যায়।",False,0.0,0.8316831683168318,0.53125,0.53125,0.1935483870967742,0.3125,0.82657737,0.7928585,0.8093669
birth_death_186,birth_death,কোন কার্যালয় জন্ম বা মৃত্যু নিবন্ধন করে?,"সিটি কর্পোরেশন, পৌরসভা, ইউনিয়ন পরিষদ, ক্যান্টনমেন্ট বোর্ড এবং বিদেশে বাংলাদেশ মিশনের ক্ষমতাপ্রাপ্ত কর্মকর্তা জন্ম ও মৃত্যু নিবন্ধনের নিবন্ধক হিসেবে কাজ করেন। সাধারণত জন্মস্থান, মৃত্যুর স্থান বা স্থায়ী বা বর্তমান ঠিকানা অনুযায়ী সংশ্লিষ্ট নিবন্ধক কার্যালয়ে আবেদন করতে হয়।","শিরোনাম: কোন কার্যালয় জন্ম বা মৃত্যু নিবন্ধন করে?তথ্য: জন্ম ও মৃত্যু নিবন্ধন কার্যক্রম রেজিস্ট্রার জেনারেলের কার্যালয়, জন্ম ও মৃত্যু নিবন্ধন-এর অধীনে পরিচালিত হয়।",False,0.0,0.4644808743169399,0.16129032258064516,0.16129032258064516,0.06666666666666667,0.12903225806451613,0.75857174,0.70460826,0.7305948
birth_death_187,birth_death,সিটি কর্পোরেশনে জন্ম সনদ কে দেয়?,"সিটি কর্পোরেশন, পৌরসভা, ইউনিয়ন পরিষদ, ক্যান্টনমেন্ট বোর্ড এবং বিদেশে বাংলাদেশ মিশনের ক্ষমতাপ্রাপ্ত কর্মকর্তা জন্ম ও মৃত্যু নিবন্ধনের নিবন্ধক হিসেবে কাজ করেন। সাধারণত জন্মস্থান, মৃত্যুর স্থান বা স্থায়ী বা বর্তমান ঠিকানা অনুযায়ী সংশ্লিষ্ট নিবন্ধক কার্যালয়ে আবেদন করতে হয়।","সিটি কর্পোরেশন, পৌরসভা, ইউনিয়ন পরিষদ, ক্যান্টনমেন্ট বোর্ড এবং বিদেশে বাংলাদেশ মিশনের ক্ষমতাপ্রাপ্ত কর্মকর্তা জন্ম ও মৃত্যু নিবন্ধনের নিবন্ধক হিসেবে কাজ করেন। সাধারণত জন্মস্থান, মৃত্যুর স্থান বা স্থায়ী বা বর্তমান ঠিকানা অনুযায়ী সংশ্লিষ্ট নিবন্ধক কার্যালয়ে আবেদন জমা দিতে হয়।",False,0.0,0.9901768172888016,0.9599999999999999,0.9599999999999999,0.9315068493150684,0.9599999999999999,0.94667006,0.9523768,0.9495148
birth_death_017,birth_death,জন্ম নিবন্ধন আবেদন করার পর কি অফিসে যেতে হয়?,"অনলাইনে আবেদন জমা দেওয়ার পর সাধারণত আবেদনপত্র প্রিন্ট করে প্রয়োজনীয় কাগজপত্রসহ সংশ্লিষ্ট ইউনিয়ন পরিষদ, পৌরসভা, সিটি কর্পোরেশন বা ক্যান্টনমেন্ট বোর্ডের নিবন্ধক কার্যালয়ে জমা দিতে হয়। নিবন্ধক যাচাই ও অনুমোদন করলে জন্ম নিবন্ধন সম্পন্ন হয়।","অফিসে যেতে হয় না, অনলাইনে আবেদন জমা দিলে সব ক্ষেত্রে সনদ প্রস্তুত হয় না। অনলাইন আবেদন শেষে আবেদনপত্র প্রিন্ট করে সংশ্লিষ্ট নিবন্ধক কার্যালয়ে জমা দিতে হয়।",False,0.0,0.7333333333333333,0.4333333333333333,0.4333333333333333,0.2758620689655172,0.4000000000000001,0.8161607,0.7596648,0.7869
birth_death_018,birth_death,অনলাইনে আবেদন করলেই কি জন্ম সনদ হয়ে যায়?,"অনলাইনে আবেদন জমা দেওয়ার পর সাধারণত আবেদনপত্র প্রিন্ট করে প্রয়োজনীয় কাগজপত্রসহ সংশ্লিষ্ট ইউনিয়ন পরিষদ, পৌরসভা, সিটি কর্পোরেশন বা ক্যান্টনমেন্ট বোর্ডের নিবন্ধক কার্যালয়ে জমা দিতে হয়। নিবন্ধক যাচাই ও অনুমোদন করলে জন্ম নিবন্ধন সম্পন্ন হয়।",অনলাইনে আবেদন করলেই জন্ম সনদ হয়ে যায় না। অনলাইন আবেদন শেষে আবেদনপত্র প্রিন্ট করে প্রয়োজনীয় কাগজপত্রসহ সংশ্লিষ্ট নিবন্ধক কার্যালয়ে জমা দিতে হয়।,False,0.0,0.8571428571428571,0.5,0.5,0.37037037037037035,0.46428571428571425,0.868552,0.78756577,0.8260788
birth_death_019,birth_death,জন্ম নিবন্ধন অনলাইন আবেদন জমা দিলেই কি সনদ পাওয়া যাবে?,"অনলাইনে আবেদন জমা দেওয়ার পর সাধারণত আবেদনপত্র প্রিন্ট করে প্রয়োজনীয় কাগজপত্রসহ সংশ্লিষ্ট ইউনিয়ন পরিষদ, পৌরসভা, সিটি কর্পোরেশন বা ক্যান্টনমেন্ট বোর্ডের নিবন্ধক কার্যালয়ে জমা দিতে হয়। নিবন্ধক যাচাই ও অনুমোদন করলে জন্ম নিবন্ধন সম্পন্ন হয়।",অনলাইন আবেদন শেষে অফিসে জমা দিতে হয়।,False,0.0,0.6666666666666665,0.1951219512195122,0.1951219512195122,0.10256410256410256,0.1951219512195122,0.8267329,0.6785998,0.7453777
birth_death_020,birth_death,অনলাইনে জন্ম নিবন্ধন করার পর পরের ধাপ কী?,"অনলাইনে আবেদন জমা দেওয়ার পর সাধারণত আবেদনপত্র প্রিন্ট করে প্রয়োজনীয় কাগজপত্রসহ সংশ্লিষ্ট ইউনিয়ন পরিষদ, পৌরসভা, সিটি কর্পোরেশন বা ক্যান্টনমেন্ট বোর্ডের নিবন্ধক কার্যালয়ে জমা দিতে হয়। নিবন্ধক যাচাই ও অনুমোদন করলে জন্ম নিবন্ধন সম্পন্ন হয়।","প্রশ্ন: অনলাইনে জন্ম নিবন্ধন করার পর পরের ধাপ কী? beginnetjeবিংশ ধাপ হলো আবেদনপত্র প্রিন্ট করা, প্রয়োজনীয় কাগজপত্রসহ সংশ্লিষ্ট নিবন্ধক কার্যালয়ে জমা দিতে হয়।",False,0.0,0.8185328185328186,0.4912280701754386,0.4912280701754386,0.2909090909090909,0.4210526315789474,0.8061318,0.78216606,0.79396814
birth_death_021,birth_death,অনলাইনে আবেদন করার পর কাগজ জমা দিতে হবে কি?,"অনলাইনে আবেদন জমা দেওয়ার পর সাধারণত আবেদনপত্র প্রিন্ট করে প্রয়োজনীয় কাগজপত্রসহ সংশ্লিষ্ট ইউনিয়ন পরিষদ, পৌরসভা, সিটি কর্পোরেশন বা ক্যান্টনমেন্ট বোর্ডের নিবন্ধক কার্যালয়ে জমা দিতে হয়। নিবন্ধক যাচাই ও অনুমোদন করলে জন্ম নিবন্ধন সম্পন্ন হয়।",অনলাইন আবেদন শেষে অফিসে জমা দিতে হয়।,False,0.0,0.6666666666666665,0.1951219512195122,0.1951219512195122,0.10256410256410256,0.1951219512195122,0.8267329,0.6785998,0.7453777
birth_death_075,birth_death,১৭ অংকের জন্ম নিবন্ধন নম্বর ছাড়া যাচাই করা যাবে?,জন্ম নিবন্ধন অনলাইন যাচাইয়ের জন্য ১৭ অংকের জন্ম নিবন্ধন নম্বর এবং জন্ম তারিখ প্রয়োজন। শুধু নাম দিয়ে সাধারণত অনলাইন যাচাই করা যায় না।,জন্ম নিবন্ধন অনলাইন যাচাইয়ে ১৭ অংকের জন্ম নিবন্ধন নম্বর এবং জন্ম তারিখ প্রয়োজন।,False,0.0,0.9217391304347826,0.6666666666666667,0.6666666666666667,0.5882352941176471,0.6666666666666667,0.9158992,0.83632475,0.8743051
birth_death_076,birth_death,জন্ম নিবন্ধন যাচাই করতে শুধু নাম দিলেই হবে?,জন্ম নিবন্ধন অনলাইন যাচাইয়ের জন্য ১৭ অংকের জন্ম নিবন্ধন নম্বর এবং জন্ম তারিখ প্রয়োজন। শুধু নাম দিয়ে সাধারণত অনলাইন যাচাই করা যায় না।,জন্ম নিবন্ধন যাচাই করতে ১৭ অংকের জন্ম নিবন্ধন নম্বর এবং জন্ম তারিখ দিতে হয়। শুধু নাম দিয়ে সাধারণত অনলাইন যাচাই করা যায় না।,False,0.0,0.923913043478261,0.8260869565217391,0.8260869565217391,0.7272727272727273,0.8260869565217391,0.9409144,0.9450268,0.94296604
birth_death_077,birth_death,নাম দিয়ে জন্ম সনদ যাচাই করা যায়?,জন্ম নিবন্ধন অনলাইন যাচাইয়ের জন্য ১৭ অংকের জন্ম নিবন্ধন নম্বর এবং জন্ম তারিখ প্রয়োজন। শুধু নাম দিয়ে সাধারণত অনলাইন যাচাই করা যায় না।,জন্ম নিবন্ধন যাচাই করতে eVerify পেজে ১৭ অংকের জন্ম নিবন্ধন নম্বর এবং জন্ম তারিখ দিতে হয়। শুধু নাম দিয়ে সাধারণত অনলাইন যাচাই করা যায় না।,False,0.0,0.8762886597938144,0.7916666666666667,0.7916666666666667,0.6956521739130435,0.7916666666666667,0.89675474,0.939366,0.9175659
birth_death_078,birth_death,জন্ম তারিখ ছাড়া জন্ম নিবন্ধন যাচাই হবে?,জন্ম নিবন্ধন অনলাইন যাচাইয়ের জন্য ১৭ অংকের জন্ম নিবন্ধন নম্বর এবং জন্ম তারিখ প্রয়োজন। শুধু নাম দিয়ে সাধারণত অনলাইন যাচাই করা যায় না।,জন্ম নিবন্ধন অনলাইন যাচাইয়ের জন্য ১৭ অংকের জন্ম নিবন্ধন নম্বর এবং জন্ম তারিখ প্রয়োজন। শুধু নাম দিয়ে সাধারণত অনলাইন যাচাই করা যায় না।,False,1.0,1.0,1.0,1.0,1.0,1.0,0.99999994,0.99999994,0.99999994
birth_death_079,birth_death,পুরো নম্বর না জানলে জন্ম নিবন্ধন চেক হবে?,জন্ম নিবন্ধন অনলাইন যাচাইয়ের জন্য ১৭ অংকের জন্ম নিবন্ধন নম্বর এবং জন্ম তারিখ প্রয়োজন। শুধু নাম দিয়ে সাধারণত অনলাইন যাচাই করা যায় না।,"প্রশ্ন: পুরো নম্বর না জানলে জন্ম নিবন্ধন চেক হবে? সংক্ষিপ্ত উত্তর: পুরো নম্বর না থাকলে অনলাইন যাচাই করা কঠিন। পুরোনো সনদ, আবেদনপত্র বা সংশ্লিষ্ট নিবন্ধক কার্যালয় থেকে নম্বর সংগ্রহ করতে হবে।",False,0.0,0.5170068027210885,0.25925925925925924,0.25925925925925924,0.11538461538461538,0.2222222222222222,0.67954177,0.7701073,0.72199553
birth_death_329,birth_death,BDRIS হেল্পলাইন,জন্ম ও মৃত্যু নিবন্ধন সহায়তার জন্য কল সেন্টার নম্বর ১৬১৫২। নাগরিক সমস্যার জন্য help@bdris.gov.bd ইমেইলেও যোগাযোগ করা যায়।,জন্ম ও মৃত্যু নিবন্ধন সহায়তার জন্য কল সেন্টার নম্বর ১৬১৫২। নাগরিক সমস্যার জন্য help@bdris.gov.bd ইমেইলেও যোগাযোগ করা যায়।,False,1.0,1.0,1.0,1.0,1.0,1.0,1.0,1.0,1.0
